series_key,campo,timepoint_h,referencia,ai,diferenca
Controle||None||B1||c1,1,8,0.2067,0.195562,-0.011138
Controle||None||B1||c1,1,12,0.2662,0.218503,-0.047697
LUIS RAW||PEP+GB||A3||c2,2,8,0.4273,0.454692,0.027392
LUIS RAW||PEP+GB||A3||c2,2,12,0.8235,0.827065,0.003565
LUIS RAW||PEP+GB||A3||c2,2,24,1.0,1.0,0.0
LUIS RAW||PEP+MET3||A6||c2,2,8,0.12,0.138783,0.018783
LUIS RAW||PEP+MET3||A6||c2,2,12,0.3389,0.321812,-0.017088
LUIS RAW||PEP+MET3||A6||c2,2,24,0.6351,0.641176,0.006076
LUIS RAW||PEP||E1||c1,1,8,0.5365,0.537877,0.001377
LUIS RAW||PEP||E1||c1,1,12,0.6814,0.673465,-0.007935
LUIS RAW||PEP||E1||c1,1,24,1.0,1.0,0.0
LUIS RAW||PEP||E1||c2,2,8,0.6679,0.662833,-0.005067
LUIS RAW||PEP||E1||c2,2,12,0.7848,0.788303,0.003503
LUIS RAW||PET||C5||c1,1,8,0.2904,0.292888,0.002488
LUIS RAW||PET||C5||c1,1,12,0.3475,0.347732,0.000232
LUIS RAW||PET||F2||c1,1,12,0.0212,0.02579,0.00459
Migração (PET e PEP) n1 - RAW||PEP + NEB 5uM||D4||c1,1,12,0.863,0.867466,0.004466
Migração (PET e PEP) n1 - RAW||PEP + NEB 5uM||D4||c2,2,8,0.4227,0.402058,-0.020642
Migração (PET e PEP) n1 - RAW||PEP + NEB 5uM||D4||c2,2,12,0.7243,0.717196,-0.007104
Migração (PET e PEP) n1 - RAW||PET + NEB 1uM||C5||c1,1,8,0.5484,0.556505,0.008105
Migração (PET e PEP) n1 - RAW||PET + NEB 1uM||C5||c1,1,12,0.7531,0.763657,0.010557
Migração (PET e PEP) n1 - RAW||PET + NEB 1uM||C5||c2,2,8,0.0627,0.0769,0.0142
Migração (PET e PEP) n1 - RAW||PET + NEB 1uM||C5||c2,2,12,0.0082,0.060331,0.052131
Migração (PET e PEP) n2 - RAW||PEP + NEB 1uM||B1||c1,1,8,0.5844,0.610372,0.025972
Migração (PET e PEP) n2 - RAW||PEP + NEB 1uM||B1||c1,1,12,0.5931,0.614296,0.021196
Migração (PET e PEP) n2 - RAW||PEP + NEB 1uM||B1||c1,1,24,0.7255,0.728429,0.002929
Migração (PET e PEP) n2 - RAW||PEP + NEB 1uM||B1||c2,2,8,0.604,0.61525,0.01125
Migração (PET e PEP) n2 - RAW||PEP + NEB 1uM||B1||c2,2,24,0.8762,0.87493,-0.00127
Migração (PET e PEP) n2 - RAW||PEP||A2||c2,2,8,0.5942,0.589072,-0.005128
Migração (PET e PEP) n2 - RAW||PEP||A2||c2,2,12,0.6147,0.607417,-0.007283
Migração (PET e PEP) n2 - RAW||PEP||A2||c2,2,24,0.6981,0.703749,0.005649
Migração (PET e PEP) n2 - RAW||PET + NEB 5uM||D3||c1,1,8,0.082,0.096373,0.014373
Migração (PET e PEP) n2 - RAW||PET + NEB 5uM||D3||c1,1,12,0.1174,0.143331,0.025931
Migração (PET e PEP) n2 - RAW||PET + NEB 5uM||D3||c1,1,24,0.3793,0.404012,0.024712
Migração (PET e PEP) n2 - RAW||PET + NEB 5uM||D3||c2,2,8,0.1089,0.080409,-0.028491
Migração (PET e PEP) n2 - RAW||PET + NEB 5uM||D3||c2,2,12,0.1405,0.117459,-0.023041
Migração (PET e PEP) n2 - RAW||PET + NEB 5uM||D3||c2,2,24,0.4537,0.452617,-0.001083
Migração (PET e PEP) n3 - RAW||None||D1||c1,1,8,0.2314,0.211165,-0.020235
Migração (PET e PEP) n3 - RAW||None||D1||c1,1,12,0.2959,0.28744,-0.00846
Migração (PET e PEP) n3 - RAW||None||D1||c2,2,8,0.2301,0.212726,-0.017374
Migração (PET e PEP) n3 - RAW||None||D1||c2,2,12,0.2157,0.174791,-0.040909
Migração (PET e PEP) n3 - RAW||None||D1||c2,2,24,0.5794,0.557937,-0.021463
Migração (PET e PEP) n3 - RAW||None||D4||c1,1,8,-0.0266,-0.003517,0.023083
Migração (PET e PEP) n3 - RAW||None||D4||c1,1,12,0.103,0.131702,0.028702
Migração (PET e PEP) n3 - RAW||None||D4||c1,1,24,0.4371,0.449409,0.012309
Originais (1)||None||A1||c1,1,8,0.5074,0.501709,-0.005691
Originais (1)||None||A1||c1,1,12,0.7203,0.701902,-0.018398
Originais (1)||None||A1||c1,1,24,1.0,1.0,0.0
Originais (1)||None||A1||c2,2,8,0.489,0.481814,-0.007186
Originais (1)||None||A1||c2,2,12,0.7077,0.702719,-0.004981
Originais (1)||None||A1||c2,2,24,1.0,1.0,0.0
Originais (1)||None||A5||c1,1,8,0.6163,0.62304,0.00674
Originais (1)||None||A5||c1,1,12,0.8311,0.834174,0.003074
Originais (1)||None||A5||c1,1,24,1.0,1.0,0.0
Originais (1)||None||A5||c2,2,8,0.5978,0.608926,0.011126
Originais (1)||None||A5||c2,2,12,0.8303,0.835709,0.005409
Originais (1)||None||A5||c2,2,24,1.0,1.0,0.0
Originais (1)||None||B5||c1,1,8,0.5039,0.519056,0.015156
Originais (1)||None||B5||c1,1,12,0.6416,0.645481,0.003881
Originais (1)||None||B5||c2,2,8,0.2352,0.273521,0.038321
Originais (1)||None||B5||c2,2,12,0.2843,0.300619,0.016319
Originais (1)||None||D1||c2,2,8,0.2561,0.311995,0.055895
Originais (1)||None||D1||c2,2,12,0.432,0.454491,0.022491
P1|CT|F10,F10,48,1.0,1.0,0.0
P1|CT|F8,F8,24,1.0,1.0,0.0
P1|CT|F8,F8,48,1.0,1.0,0.0
P1|PTX|F2,F2,24,0.4384,0.451559,0.013159
P1|PTX|F2,F2,48,0.7695,0.775268,0.005768
P1|PTX|F9,F9,24,0.1489,0.113143,-0.035757
P1|PTX|F9,F9,48,0.4793,0.479519,0.000219
P2|CARBO+GEO|F14,F14,48,0.4971,0.480566,-0.016534
P2|CARBO+GEO|F8,F8,24,0.5044,0.525201,0.020801
P2|CARBO+GEO|F8,F8,48,0.5957,0.614384,0.018684
P2|CARBO|F9,F9,24,0.5362,0.544937,0.008737
P2|CARBO|F9,F9,48,1.0,1.0,0.0
P2|CT|F15,F15,24,0.7131,0.712471,-0.000629
P2|CT|F15,F15,48,1.0,1.0,0.0
P2|CT|F9,F9,24,0.8479,0.839389,-0.008511
P2|CT|F9,F9,48,1.0,1.0,0.0
P2|GEO|F11,F11,24,0.4712,0.446119,-0.025081
Pré-Eclâmpsia||None||B6||c1,1,12,0.7135,0.717547,0.004047
Pré-Eclâmpsia||None||B6||c1,1,24,1.0,1.0,0.0
Saudável||None||B1||c1,1,12,0.2474,0.248807,0.001407
Saudável||None||B1||c1,1,24,0.8772,0.873569,-0.003631
Saudável||None||B1||c2,2,24,0.6237,0.618233,-0.005467
originais||None||A1||c1,1,8,0.4187,0.414247,-0.004453
originais||None||A1||c2,2,8,0.2655,0.275742,0.010242
originais||None||B5||c1,1,24,0.4674,0.474037,0.006637
originais||None||D1||c1,1,8,0.4376,0.415751,-0.021849
originais||None||D1||c1,1,12,0.5513,0.5433,-0.008
originais||None||D1||c1,1,24,0.8835,0.880481,-0.003019
originais||None||D1||c2,2,8,0.4467,0.423301,-0.023399
originais||None||D1||c2,2,12,0.5702,0.549234,-0.020966
originais||None||D1||c2,2,24,0.7929,0.771623,-0.021277
originais||None||D4||c1,1,8,0.6003,0.614512,0.014212
originais||None||D4||c1,1,24,0.8093,0.810483,0.001183
