ordem,pasta_triagem,adjudicado_depois_como,cell_line,analysis_unit,timepoint_h,campo,area_pct_whst,arquivo_overlay,whst_input_file,motivo,pasta_correta?,categoria_sugerida,confianca
1,_IMG_INVALIDA,,HUVEC,LUIS RAW||PEP+GB||A3,0,1,0.076,HUVEC__LUIS_RAW_PEP_GB_A3__tp00h__1__A3_0H_1__9487facce2.jpg,9487facce2__HUVEC__LUIS_RAW_PEP+GB_A3__tp0h__A3_0H_1.tiff,,,,
2,_IMG_INVALIDA,,HUVEC,LUIS RAW||PEP+MCC||B4,12,1,2.11,HUVEC__LUIS_RAW_PEP_MCC_B4__tp12h__1__B4_12H_1__46211a334d.jpg,46211a334d__HUVEC__LUIS_RAW_PEP+MCC_B4__tp12h__B4_12H_1.tiff,,,,
3,_IMG_INVALIDA,,HUVEC,LUIS RAW||PEP||E1,12,1,0.041,HUVEC__LUIS_RAW_PEP_E1__tp12h__1__E1_12H_1__def3a0ea0f.jpg,def3a0ea0f__HUVEC__LUIS_RAW_PEP_E1__tp12h__E1_12H_1.tiff,,,,
4,_IMG_INVALIDA,,HUVEC,LUIS RAW||PET||C5,12,2,9.889,HUVEC__LUIS_RAW_PET_C5__tp12h__2__C5_12H_2__c5c9c83ff5.jpg,c5c9c83ff5__HUVEC__LUIS_RAW_PET_C5__tp12h__C5_12H_2.tiff,,,,
5,_IMG_INVALIDA,,HUVEC,Migração (PET e PEP) n2 - RAW||PEP + NEB 1uM||B1,12,2,10.296,HUVEC__Migra_o_PET_e_PEP_n2_RAW_PEP_NEB_1uM_B1__tp12h__2__B1_12H_2_2__f16a067d42.jpg,f16a067d42__HUVEC__Migra_o_PET_e_PEP_n2_-_RAW_PEP_+_NEB_1uM_B1__tp12h__B1_12H_2_2.tiff,,,,
6,_IMG_INVALIDA,,HUVEC,Migração (PET e PEP) n3 - RAW||None||D1,24,1,0.254,HUVEC__Migra_o_PET_e_PEP_n3_RAW_None_D1__tp24h__1__D1_24H_1_3__2416a46324.jpg,2416a46324__HUVEC__Migra_o_PET_e_PEP_n3_-_RAW_None_D1__tp24h__D1_24H_1_3.tiff,,,,
7,_IMG_INVALIDA,,HUVEC,Migração (PET e PEP) n3 - RAW||None||D1,24,2,9.127,HUVEC__Migra_o_PET_e_PEP_n3_RAW_None_D1__tp24h__2__D1_24H_2_3__4e5949b4ff.jpg,4e5949b4ff__HUVEC__Migra_o_PET_e_PEP_n3_-_RAW_None_D1__tp24h__D1_24H_2_3.tiff,,,,
8,_IMG_INVALIDA,,HUVEC,Originais (1)||None||D1,24,2,7.515,HUVEC__Originais_1_None_D1__tp24h__2__D1_24HR_2_2__4c0807427d.jpg,4c0807427d__HUVEC__Originais_1_None_D1__tp24h__D1_24HR_2_2.tiff,,,,
9,_IMG_INVALIDA,,HUVEC,originais||None||A5,24,2,9.272,HUVEC__originais_None_A5__tp24h__2__A5_24HR_2__9c1610d4f3.jpg,9c1610d4f3__HUVEC__originais_None_A5__tp24h__A5_24HR_2.tiff,,,,
10,_IMG_INVALIDA,,SKOV-3,P1|GEO+PTX|F1,0,F1,63.197,SKOV-3__P1_GEO_PTX_F1__tp00h__F1__75ug_ptx1_1__eb2094e9e9.jpg,eb2094e9e9__BASELINE__SKOV-3__P1_GEO+PTX_F1__tp0h__75ug+ptx1_1.tiff,,,,
11,_IMG_INVALIDA,,SKOV-3,P1|GEO+PTX|F6,0,F6,61.265,SKOV-3__P1_GEO_PTX_F6__tp00h__F6__75ug_ptx2_1__56448aa7e3.jpg,56448aa7e3__BASELINE__SKOV-3__P1_GEO+PTX_F6__tp0h__75ug+ptx2_1.tiff,,,,
12,_IMG_INVALIDA,,SKOV-3,P1|GEO|F11,0,F11,64.014,SKOV-3__P1_GEO_F11__tp00h__F11__75geo3_1__6a31bf39c3.jpg,6a31bf39c3__BASELINE__SKOV-3__P1_GEO_F11__tp0h__75geo3_1.tiff,,,,
13,_IMG_INVALIDA,,SKOV-3,P1|GEO|F6,0,F6,63.012,SKOV-3__P1_GEO_F6__tp00h__F6__75geo2_1__c7f1856fab.jpg,c7f1856fab__BASELINE__SKOV-3__P1_GEO_F6__tp0h__75geo2_1.tiff,,,,
14,_IMG_INVALIDA,,SKOV-3,P2|CARBO|F5,0,F5,55.869,SKOV-3__P2_CARBO_F5__tp00h__F5__Snap_21__bdb26c487f.jpg,bdb26c487f__BASELINE_ALT__SKOV-3__P2_CARBO_F5__tp0h__Snap-21.tiff,,,,
15,_SEG_RUIM/_sub,,HUVEC,Controle||None||A1,12,2,9.938,HUVEC__Controle_Saudavel_None_A1__tp12h__2__A1_12hr_2__4912771227.jpg,4912771227__HUVEC__Controle+Saudavel_None_A1__tp12h__A1_12hr_2.tiff,,,,
16,_SEG_RUIM/_sub,,HUVEC,LUIS RAW||PEP+GB||A3,0,2,7.721,HUVEC__LUIS_RAW_PEP_GB_A3__tp00h__2__A3_0H_2__e3071d5205.jpg,e3071d5205__HUVEC__LUIS_RAW_PEP+GB_A3__tp0h__A3_0H_2.tiff,,,,
17,_SEG_RUIM/_sub,,HUVEC,LUIS RAW||PEP+GB||A3,12,1,4.073,HUVEC__LUIS_RAW_PEP_GB_A3__tp12h__1__A3_12H_1__cc55a9026b.jpg,cc55a9026b__HUVEC__LUIS_RAW_PEP+GB_A3__tp12h__A3_12H_1.tiff,,,,
18,_SEG_RUIM/_sub,,HUVEC,LUIS RAW||PEP+GB||A3,12,2,3.685,HUVEC__LUIS_RAW_PEP_GB_A3__tp12h__2__A3_12H_2__f8f76efe0c.jpg,f8f76efe0c__HUVEC__LUIS_RAW_PEP+GB_A3__tp12h__A3_12H_2.tiff,,,,
19,_SEG_RUIM/_sub,,HUVEC,LUIS RAW||PEP+MCC||B4,8,2,3.219,HUVEC__LUIS_RAW_PEP_MCC_B4__tp08h__2__B4_8H_2__9f0a5a4a06.jpg,9f0a5a4a06__HUVEC__LUIS_RAW_PEP+MCC_B4__tp8h__B4_8H_2.tiff,,,,
20,_SEG_RUIM/_sub,,HUVEC,LUIS RAW||PEP+MET3||A6,0,2,0.128,HUVEC__LUIS_RAW_PEP_MET3_A6__tp00h__2__A6_0H_2__161686180c.jpg,161686180c__HUVEC__LUIS_RAW_PEP+MET3_A6__tp0h__A6_0H_2.tiff,,,,
21,_SEG_RUIM/_sub,,HUVEC,LUIS RAW||PEP+MET3||A6,24,1,6.263,HUVEC__LUIS_RAW_PEP_MET3_A6__tp24h__1__A6_24H_1__52cbd70f1b.jpg,52cbd70f1b__HUVEC__LUIS_RAW_PEP+MET3_A6__tp24h__A6_24H_1.tiff,,,,
22,_SEG_RUIM/_sub,,HUVEC,LUIS RAW||PEP+MET3||A6,24,2,4.926,HUVEC__LUIS_RAW_PEP_MET3_A6__tp24h__2__A6_24H_2__d2a741e45b.jpg,d2a741e45b__HUVEC__LUIS_RAW_PEP+MET3_A6__tp24h__A6_24H_2.tiff,,,,
23,_SEG_RUIM/_sub,,HUVEC,LUIS RAW||PEP||E1,8,2,7.165,HUVEC__LUIS_RAW_PEP_E1__tp08h__2__E1_8H_2__609fee8a39.jpg,609fee8a39__HUVEC__LUIS_RAW_PEP_E1__tp8h__E1_8H_2.tiff,,,,
24,_SEG_RUIM/_sub,,HUVEC,Saudável||None||B1,24,1,2.421,HUVEC__Controle_Saudavel_None_B1__tp24h__1__B1_24hr_1__3bad7fe6bb.jpg,3bad7fe6bb__HUVEC__Controle+Saudavel_None_B1__tp24h__B1_24hr_1.tiff,,,,
25,_SEG_RUIM/_sub,,HUVEC,originais||None||D4,8,2,4.732,HUVEC__originais_None_D4__tp08h__2__D4_8HR_2__0a2a2af49b.jpg,0a2a2af49b__HUVEC__originais_None_D4__tp8h__D4_8HR_2.tiff,,,,
26,_SEG_RUIM/_sub,,SKOV-3,P1|GEO+PTX|F6,72,F6,8.951,SKOV-3__P1_GEO_PTX_F6__tp72h__F6__Snap_41__2166dad4b4.jpg,2166dad4b4__SKOV-3__P1_GEO+PTX_F6__tp72h__Snap-41.tiff,,,,
27,_SEG_RUIM/_sub,,SKOV-3,P2|CARBO+GEO|F8,48,F8,5.872,SKOV-3__P2_CARBO_GEO_F8__tp48h__F8__Snap_54__431a247e4d.jpg,431a247e4d__SKOV-3__P2_CARBO+GEO_F8__tp48h__Snap-54.tiff,,,,
28,_SEG_RUIM/_sub,,SKOV-3,P2|CARBO|F9,0,F9,30.715,SKOV-3__P2_CARBO_F9__tp00h__F9__Snap_25__6fb12c61f6.jpg,6fb12c61f6__SKOV-3__P2_CARBO_F9__tp0h__Snap-25.tiff,,,,
29,_AMBIGUO,OK,HUVEC,Controle||None||A1,24,2,2.095,HUVEC__Controle_Saudavel_None_A1__tp24h__2__A1_24h_2__852829b565.jpg,852829b565__HUVEC__Controle+Saudavel_None_A1__tp24h__A1_24h_2.tiff,,,,
30,_AMBIGUO,SEG_RUIM/sub,HUVEC,LUIS RAW||PEP+GB||A3,8,1,5.029,HUVEC__LUIS_RAW_PEP_GB_A3__tp08h__1__A3_8H_1__a174960b96.jpg,a174960b96__HUVEC__LUIS_RAW_PEP+GB_A3__tp8h__A3_8H_1.tiff,,,,
31,_AMBIGUO,SEG_RUIM/sub,HUVEC,LUIS RAW||PEP+MCC||B4,0,2,11.295,HUVEC__LUIS_RAW_PEP_MCC_B4__tp00h__2__B4_0H_2__30d94f864c.jpg,30d94f864c__HUVEC__LUIS_RAW_PEP+MCC_B4__tp0h__B4_0H_2.tiff,,,,
32,_AMBIGUO,SEG_RUIM/sub,HUVEC,LUIS RAW||PEP+MET3||A6,0,1,16.895,HUVEC__LUIS_RAW_PEP_MET3_A6__tp00h__1__A6_0H_1__9f614303f3.jpg,9f614303f3__HUVEC__LUIS_RAW_PEP+MET3_A6__tp0h__A6_0H_1.tiff,,,,
33,_AMBIGUO,IMG_INVALIDA,HUVEC,LUIS RAW||PEP||E1,12,2,4.643,HUVEC__LUIS_RAW_PEP_E1__tp12h__2__E1_12H_2__6aac6703c3.jpg,6aac6703c3__HUVEC__LUIS_RAW_PEP_E1__tp12h__E1_12H_2.tiff,,,,
34,_AMBIGUO,SEG_RUIM/super,HUVEC,originais||None||D1,24,1,4.703,HUVEC__originais_None_D1__tp24h__1__D1_24HR_1__8ea9f57fed.jpg,8ea9f57fed__HUVEC__originais_None_D1__tp24h__D1_24HR_1.tiff,,,,
35,_AMBIGUO,SEG_RUIM/super,HUVEC,originais||None||D4,8,1,6.95,HUVEC__originais_None_D4__tp08h__1__D4_8HR_1__89b61b11f6.jpg,89b61b11f6__HUVEC__originais_None_D4__tp8h__D4_8HR_1.tiff,,,,
36,_AMBIGUO,OK,SKOV-3,P1|GEO+PTX|F6,48,F6,1.543,SKOV-3__P1_GEO_PTX_F6__tp48h__F6__Snap_52_2__58a4cc19a9.jpg,58a4cc19a9__SKOV-3__P1_GEO+PTX_F6__tp48h__Snap-52_2.tiff,,,,
37,_AMBIGUO,IMG_INVALIDA,SKOV-3,P1|GEO|F11,72,F11,1.455,SKOV-3__P1_GEO_F11__tp72h__F11__Snap_31__6dfed6db6e.jpg,6dfed6db6e__SKOV-3__P1_GEO_F11__tp72h__Snap-31.tiff,,,,
38,_AMBIGUO,IMG_INVALIDA,SKOV-3,P1|GEO|F6,72,F6,0.867,SKOV-3__P1_GEO_F6__tp72h__F6__Snap_26__4406107ac9.jpg,4406107ac9__SKOV-3__P1_GEO_F6__tp72h__Snap-26.tiff,,,,
39,_AMBIGUO,OK,SKOV-3,P2|CARBO|F5,24,F5,9.768,SKOV-3__P2_CARBO_F5__tp24h__F5__Snap_20__e38b9ca083.jpg,e38b9ca083__SKOV-3__P2_CARBO_F5__tp24h__Snap-20.tiff,,,,
40,_AMBIGUO,SEG_RUIM/sub,SKOV-3,P2|CARBO|F5,48,F5,14.379,SKOV-3__P2_CARBO_F5__tp48h__F5__Snap_21__e068a53984.jpg,e068a53984__SKOV-3__P2_CARBO_F5__tp48h__Snap-21.tiff,,,,
41,_SEG_RUIM/_super,,HUVEC,Controle||None||A1,24,1,1.035,HUVEC__Controle_Saudavel_None_A1__tp24h__1__A1_24h_1__7131dcbea1.jpg,7131dcbea1__HUVEC__Controle+Saudavel_None_A1__tp24h__A1_24h_1.tiff,,,,
42,_SEG_RUIM/_super,,HUVEC,Controle||None||B1,0,1,47.13,HUVEC__Controle_Saudavel_None_B1__tp00h__1__B1_0hr_1__0b6e433347.jpg,0b6e433347__HUVEC__Controle+Saudavel_None_B1__tp0h__B1_0hr_1.tiff,,,,
43,_SEG_RUIM/_super,,HUVEC,Controle||None||B1,0,2,59.164,HUVEC__Controle_Saudavel_None_B1__tp00h__2__B1_0hr_2__6a4edc8aeb.jpg,6a4edc8aeb__HUVEC__Controle+Saudavel_None_B1__tp0h__B1_0hr_2.tiff,,,,
44,_SEG_RUIM/_super,,HUVEC,Controle||None||B1,8,1,34.466,HUVEC__Controle_Saudavel_None_B1__tp08h__1__B1_8hr_1__379d95a8e1.jpg,379d95a8e1__HUVEC__Controle+Saudavel_None_B1__tp8h__B1_8hr_1.tiff,,,,
45,_SEG_RUIM/_super,,HUVEC,Controle||None||B1,8,2,26.102,HUVEC__Controle_Saudavel_None_B1__tp08h__2__B1_8hr_2__80b3243635.jpg,80b3243635__HUVEC__Controle+Saudavel_None_B1__tp8h__B1_8hr_2.tiff,,,,
46,_SEG_RUIM/_super,,HUVEC,Controle||None||B1,12,1,49.312,HUVEC__Controle_Saudavel_None_B1__tp12h__1__B1_12hr_1__62c9f5d9a5.jpg,62c9f5d9a5__HUVEC__Controle+Saudavel_None_B1__tp12h__B1_12hr_1.tiff,,,,
47,_SEG_RUIM/_super,,HUVEC,LUIS RAW||PEP+GB||A3,24,1,0.764,HUVEC__LUIS_RAW_PEP_GB_A3__tp24h__1__A3_24H_1__ff300c2862.jpg,ff300c2862__HUVEC__LUIS_RAW_PEP+GB_A3__tp24h__A3_24H_1.tiff,,,,
48,_SEG_RUIM/_super,,HUVEC,LUIS RAW||PEP+GB||A3,24,2,0.042,HUVEC__LUIS_RAW_PEP_GB_A3__tp24h__2__A3_24H_2_2__545022361d.jpg,545022361d__HUVEC__LUIS_RAW_PEP+GB_A3__tp24h__A3_24H_2_2.tiff,,,,
49,_SEG_RUIM/_super,,HUVEC,LUIS RAW||PEP+MCC||B4,8,1,28.697,HUVEC__LUIS_RAW_PEP_MCC_B4__tp08h__1__B4_8H_1__e0911e22cc.jpg,e0911e22cc__HUVEC__LUIS_RAW_PEP+MCC_B4__tp8h__B4_8H_1.tiff,,,,
50,_SEG_RUIM/_super,,HUVEC,LUIS RAW||PEP+MCC||B4,12,2,44.578,HUVEC__LUIS_RAW_PEP_MCC_B4__tp12h__2__B4_12H_2__9984e40df9.jpg,9984e40df9__HUVEC__LUIS_RAW_PEP+MCC_B4__tp12h__B4_12H_2.tiff,,,,
51,_SEG_RUIM/_super,,HUVEC,LUIS RAW||PEP+MCC||B4,24,1,42.35,HUVEC__LUIS_RAW_PEP_MCC_B4__tp24h__1__B4_24H_1_2__e31a26b3ae.jpg,e31a26b3ae__HUVEC__LUIS_RAW_PEP+MCC_B4__tp24h__B4_24H_1_2.tiff,,,,
52,_SEG_RUIM/_super,,HUVEC,LUIS RAW||PEP+MCC||B4,24,2,8.738,HUVEC__LUIS_RAW_PEP_MCC_B4__tp24h__2__B4_24H_2_2__1daac83e9d.jpg,1daac83e9d__HUVEC__LUIS_RAW_PEP+MCC_B4__tp24h__B4_24H_2_2.tiff,,,,
53,_SEG_RUIM/_super,,HUVEC,LUIS RAW||PEP+MET3||A6,8,2,23.08,HUVEC__LUIS_RAW_PEP_MET3_A6__tp08h__2__A6_8H_2__226a0493b4.jpg,226a0493b4__HUVEC__LUIS_RAW_PEP+MET3_A6__tp8h__A6_8H_2.tiff,,,,
54,_SEG_RUIM/_super,,HUVEC,LUIS RAW||PEP||E1,24,1,0.966,HUVEC__LUIS_RAW_PEP_E1__tp24h__1__E1_24H_1__9ec02dd0f0.jpg,9ec02dd0f0__HUVEC__LUIS_RAW_PEP_E1__tp24h__E1_24H_1.tiff,,,,
55,_SEG_RUIM/_super,,HUVEC,LUIS RAW||PET||C5,12,1,35.08,HUVEC__LUIS_RAW_PET_C5__tp12h__1__C5_12H_1__30813da992.jpg,30813da992__HUVEC__LUIS_RAW_PET_C5__tp12h__C5_12H_1.tiff,,,,
56,_SEG_RUIM/_super,,HUVEC,LUIS RAW||PET||F2,8,2,14.038,HUVEC__LUIS_RAW_PET_F2__tp08h__2__F2_8H_2__ab1e438082.jpg,ab1e438082__HUVEC__LUIS_RAW_PET_F2__tp8h__F2_8H_2.tiff,,,,
57,_SEG_RUIM/_super,,HUVEC,LUIS RAW||PET||F2,12,1,23.64,HUVEC__LUIS_RAW_PET_F2__tp12h__1__F2_12H_1__7e12b751cc.jpg,7e12b751cc__HUVEC__LUIS_RAW_PET_F2__tp12h__F2_12H_1.tiff,,,,
58,_SEG_RUIM/_super,,HUVEC,LUIS RAW||PET||F2,12,2,25.522,HUVEC__LUIS_RAW_PET_F2__tp12h__2__F2_12H_2__be0b2a74bf.jpg,be0b2a74bf__HUVEC__LUIS_RAW_PET_F2__tp12h__F2_12H_2.tiff,,,,
59,_SEG_RUIM/_super,,HUVEC,Migração (PET e PEP) n1 - RAW||PEP + NEB 5uM||D4,0,1,74.045,HUVEC__Migra_o_PET_e_PEP_n1_RAW_PEP_NEB_5uM_D4__tp00h__1__D4_0H_1__eeb18a29d8.jpg,eeb18a29d8__HUVEC__Migra_o_PET_e_PEP_n1_-_RAW_PEP_+_NEB_5uM_D4__tp0h__D4_0H_1.tiff,,,,
60,_SEG_RUIM/_super,,HUVEC,Migração (PET e PEP) n1 - RAW||PEP + NEB 5uM||D4,0,2,95.116,HUVEC__Migra_o_PET_e_PEP_n1_RAW_PEP_NEB_5uM_D4__tp00h__2__D4_0H_2__876603b483.jpg,876603b483__HUVEC__Migra_o_PET_e_PEP_n1_-_RAW_PEP_+_NEB_5uM_D4__tp0h__D4_0H_2.tiff,,,,
61,_SEG_RUIM/_super,,HUVEC,Migração (PET e PEP) n1 - RAW||PEP + NEB 5uM||D4,8,1,36.771,HUVEC__Migra_o_PET_e_PEP_n1_RAW_PEP_NEB_5uM_D4__tp08h__1__D4_8H_1__4826c4f4b8.jpg,4826c4f4b8__HUVEC__Migra_o_PET_e_PEP_n1_-_RAW_PEP_+_NEB_5uM_D4__tp8h__D4_8H_1.tiff,,,,
62,_SEG_RUIM/_super,,HUVEC,Migração (PET e PEP) n1 - RAW||PEP + NEB 5uM||D4,8,2,30.468,HUVEC__Migra_o_PET_e_PEP_n1_RAW_PEP_NEB_5uM_D4__tp08h__2__D4_8H_2__67ffbd1e7d.jpg,67ffbd1e7d__HUVEC__Migra_o_PET_e_PEP_n1_-_RAW_PEP_+_NEB_5uM_D4__tp8h__D4_8H_2.tiff,,,,
63,_SEG_RUIM/_super,,HUVEC,Migração (PET e PEP) n1 - RAW||PEP + NEB 5uM||D4,12,1,44.185,HUVEC__Migra_o_PET_e_PEP_n1_RAW_PEP_NEB_5uM_D4__tp12h__1__D4_12H_1__df5b31f84c.jpg,df5b31f84c__HUVEC__Migra_o_PET_e_PEP_n1_-_RAW_PEP_+_NEB_5uM_D4__tp12h__D4_12H_1.tiff,,,,
64,_SEG_RUIM/_super,,HUVEC,Migração (PET e PEP) n1 - RAW||PEP + NEB 5uM||D4,12,2,60.523,HUVEC__Migra_o_PET_e_PEP_n1_RAW_PEP_NEB_5uM_D4__tp12h__2__D4_12H_2__d4aba0cc0b.jpg,d4aba0cc0b__HUVEC__Migra_o_PET_e_PEP_n1_-_RAW_PEP_+_NEB_5uM_D4__tp12h__D4_12H_2.tiff,,,,
65,_SEG_RUIM/_super,,HUVEC,Migração (PET e PEP) n1 - RAW||PEP + NEB 5uM||D4,24,1,84.11,HUVEC__Migra_o_PET_e_PEP_n1_RAW_PEP_NEB_5uM_D4__tp24h__1__D4_24H_1__d8240f29e1.jpg,d8240f29e1__HUVEC__Migra_o_PET_e_PEP_n1_-_RAW_PEP_+_NEB_5uM_D4__tp24h__D4_24H_1.tiff,,,,
66,_SEG_RUIM/_super,,HUVEC,Migração (PET e PEP) n1 - RAW||PEP + NEB 5uM||D4,24,2,96.736,HUVEC__Migra_o_PET_e_PEP_n1_RAW_PEP_NEB_5uM_D4__tp24h__2__D4_24H_2__9f5991f031.jpg,9f5991f031__HUVEC__Migra_o_PET_e_PEP_n1_-_RAW_PEP_+_NEB_5uM_D4__tp24h__D4_24H_2.tiff,,,,
67,_SEG_RUIM/_super,,HUVEC,Migração (PET e PEP) n1 - RAW||PET + NEB 1uM||C5,0,1,47.974,HUVEC__Migra_o_PET_e_PEP_n1_RAW_PET_NEB_1uM_C5__tp00h__1__C5_0H_1_2__4d1c387ecc.jpg,4d1c387ecc__HUVEC__Migra_o_PET_e_PEP_n1_-_RAW_PET_+_NEB_1uM_C5__tp0h__C5_0H_1_2.tiff,,,,
68,_SEG_RUIM/_super,,HUVEC,Migração (PET e PEP) n1 - RAW||PET + NEB 1uM||C5,0,2,64.566,HUVEC__Migra_o_PET_e_PEP_n1_RAW_PET_NEB_1uM_C5__tp00h__2__C5_0H_2_2__cf9152592e.jpg,cf9152592e__HUVEC__Migra_o_PET_e_PEP_n1_-_RAW_PET_+_NEB_1uM_C5__tp0h__C5_0H_2_2.tiff,,,,
69,_SEG_RUIM/_super,,HUVEC,Migração (PET e PEP) n1 - RAW||PET + NEB 1uM||C5,8,1,70.706,HUVEC__Migra_o_PET_e_PEP_n1_RAW_PET_NEB_1uM_C5__tp08h__1__C5_8H_1_2__c942b61a06.jpg,c942b61a06__HUVEC__Migra_o_PET_e_PEP_n1_-_RAW_PET_+_NEB_1uM_C5__tp8h__C5_8H_1_2.tiff,,,,
70,_SEG_RUIM/_super,,HUVEC,Migração (PET e PEP) n1 - RAW||PET + NEB 1uM||C5,8,2,60.516,HUVEC__Migra_o_PET_e_PEP_n1_RAW_PET_NEB_1uM_C5__tp08h__2__C5_8H_2_2__77136aab22.jpg,77136aab22__HUVEC__Migra_o_PET_e_PEP_n1_-_RAW_PET_+_NEB_1uM_C5__tp8h__C5_8H_2_2.tiff,,,,
71,_SEG_RUIM/_super,,HUVEC,Migração (PET e PEP) n1 - RAW||PET + NEB 1uM||C5,12,1,43.039,HUVEC__Migra_o_PET_e_PEP_n1_RAW_PET_NEB_1uM_C5__tp12h__1__C5_12H_1_2__2f5428b547.jpg,2f5428b547__HUVEC__Migra_o_PET_e_PEP_n1_-_RAW_PET_+_NEB_1uM_C5__tp12h__C5_12H_1_2.tiff,,,,
72,_SEG_RUIM/_super,,HUVEC,Migração (PET e PEP) n1 - RAW||PET + NEB 1uM||C5,12,2,64.035,HUVEC__Migra_o_PET_e_PEP_n1_RAW_PET_NEB_1uM_C5__tp12h__2__C5_12H_2_2__b248b322dd.jpg,b248b322dd__HUVEC__Migra_o_PET_e_PEP_n1_-_RAW_PET_+_NEB_1uM_C5__tp12h__C5_12H_2_2.tiff,,,,
73,_SEG_RUIM/_super,,HUVEC,Migração (PET e PEP) n1 - RAW||PET + NEB 1uM||C5,24,1,82.762,HUVEC__Migra_o_PET_e_PEP_n1_RAW_PET_NEB_1uM_C5__tp24h__1__C5_24H_1_2__6af51551c0.jpg,6af51551c0__HUVEC__Migra_o_PET_e_PEP_n1_-_RAW_PET_+_NEB_1uM_C5__tp24h__C5_24H_1_2.tiff,,,,
74,_SEG_RUIM/_super,,HUVEC,Migração (PET e PEP) n1 - RAW||PET + NEB 1uM||C5,24,2,75.585,HUVEC__Migra_o_PET_e_PEP_n1_RAW_PET_NEB_1uM_C5__tp24h__2__C5_24H_2_2__17691aa585.jpg,17691aa585__HUVEC__Migra_o_PET_e_PEP_n1_-_RAW_PET_+_NEB_1uM_C5__tp24h__C5_24H_2_2.tiff,,,,
75,_SEG_RUIM/_super,,HUVEC,Migração (PET e PEP) n2 - RAW||PEP + NEB 1uM||B1,8,1,63.688,HUVEC__Migra_o_PET_e_PEP_n2_RAW_PEP_NEB_1uM_B1__tp08h__1__B1_8H_1_2__7be1c29792.jpg,7be1c29792__HUVEC__Migra_o_PET_e_PEP_n2_-_RAW_PEP_+_NEB_1uM_B1__tp8h__B1_8H_1_2.tiff,,,,
76,_SEG_RUIM/_super,,HUVEC,Migração (PET e PEP) n2 - RAW||PEP + NEB 1uM||B1,12,1,53.277,HUVEC__Migra_o_PET_e_PEP_n2_RAW_PEP_NEB_1uM_B1__tp12h__1__B1_12H_1_2__b050d01a16.jpg,b050d01a16__HUVEC__Migra_o_PET_e_PEP_n2_-_RAW_PEP_+_NEB_1uM_B1__tp12h__B1_12H_1_2.tiff,,,,
77,_SEG_RUIM/_super,,HUVEC,Migração (PET e PEP) n2 - RAW||PEP + NEB 1uM||B1,24,1,33.445,HUVEC__Migra_o_PET_e_PEP_n2_RAW_PEP_NEB_1uM_B1__tp24h__1__B1_24H_1_2__7b82c62a3a.jpg,7b82c62a3a__HUVEC__Migra_o_PET_e_PEP_n2_-_RAW_PEP_+_NEB_1uM_B1__tp24h__B1_24H_1_2.tiff,,,,
78,_SEG_RUIM/_super,,HUVEC,Migração (PET e PEP) n2 - RAW||PEP + NEB 1uM||B1,24,2,28.753,HUVEC__Migra_o_PET_e_PEP_n2_RAW_PEP_NEB_1uM_B1__tp24h__2__B1_24H_2_3__11aad82875.jpg,11aad82875__HUVEC__Migra_o_PET_e_PEP_n2_-_RAW_PEP_+_NEB_1uM_B1__tp24h__B1_24H_2_3.tiff,,,,
79,_SEG_RUIM/_super,,HUVEC,Migração (PET e PEP) n2 - RAW||PEP||A2,8,1,50.08,HUVEC__Migra_o_PET_e_PEP_n2_RAW_PEP_A2__tp08h__1__A2_8H_1_2__ff629ecc3f.jpg,ff629ecc3f__HUVEC__Migra_o_PET_e_PEP_n2_-_RAW_PEP_A2__tp8h__A2_8H_1_2.tiff,,,,
80,_SEG_RUIM/_super,,HUVEC,Migração (PET e PEP) n2 - RAW||PEP||A2,8,2,51.344,HUVEC__Migra_o_PET_e_PEP_n2_RAW_PEP_A2__tp08h__2__A2_8H_2_3__ee865b4881.jpg,ee865b4881__HUVEC__Migra_o_PET_e_PEP_n2_-_RAW_PEP_A2__tp8h__A2_8H_2_3.tiff,,,,
81,_SEG_RUIM/_super,,HUVEC,Migração (PET e PEP) n2 - RAW||PEP||A2,12,1,53.112,HUVEC__Migra_o_PET_e_PEP_n2_RAW_PEP_A2__tp12h__1__A2_12H_1_2__bec6037b38.jpg,bec6037b38__HUVEC__Migra_o_PET_e_PEP_n2_-_RAW_PEP_A2__tp12h__A2_12H_1_2.tiff,,,,
82,_SEG_RUIM/_super,,HUVEC,Migração (PET e PEP) n2 - RAW||PEP||A2,12,2,61.873,HUVEC__Migra_o_PET_e_PEP_n2_RAW_PEP_A2__tp12h__2__A2_12H_2_2__267a4a1f3f.jpg,267a4a1f3f__HUVEC__Migra_o_PET_e_PEP_n2_-_RAW_PEP_A2__tp12h__A2_12H_2_2.tiff,,,,
83,_SEG_RUIM/_super,,HUVEC,Migração (PET e PEP) n2 - RAW||PEP||A2,24,1,70.255,HUVEC__Migra_o_PET_e_PEP_n2_RAW_PEP_A2__tp24h__1__A2_24H_1_3__294bd4aad2.jpg,294bd4aad2__HUVEC__Migra_o_PET_e_PEP_n2_-_RAW_PEP_A2__tp24h__A2_24H_1_3.tiff,,,,
84,_SEG_RUIM/_super,,HUVEC,Migração (PET e PEP) n2 - RAW||PEP||A2,24,2,67.931,HUVEC__Migra_o_PET_e_PEP_n2_RAW_PEP_A2__tp24h__2__A2_24H_2_3__8c3064543d.jpg,8c3064543d__HUVEC__Migra_o_PET_e_PEP_n2_-_RAW_PEP_A2__tp24h__A2_24H_2_3.tiff,,,,
85,_SEG_RUIM/_super,,HUVEC,Migração (PET e PEP) n2 - RAW||PET + NEB 5uM||D3,0,2,85.534,HUVEC__Migra_o_PET_e_PEP_n2_RAW_PET_NEB_5uM_D3__tp00h__2__D3_0H_2_2__074ae97d16.jpg,074ae97d16__HUVEC__Migra_o_PET_e_PEP_n2_-_RAW_PET_+_NEB_5uM_D3__tp0h__D3_0H_2_2.tiff,,,,
86,_SEG_RUIM/_super,,HUVEC,Migração (PET e PEP) n2 - RAW||PET + NEB 5uM||D3,8,1,34.637,HUVEC__Migra_o_PET_e_PEP_n2_RAW_PET_NEB_5uM_D3__tp08h__1__D3_8H_1_2__a41e7eccaa.jpg,a41e7eccaa__HUVEC__Migra_o_PET_e_PEP_n2_-_RAW_PET_+_NEB_5uM_D3__tp8h__D3_8H_1_2.tiff,,,,
87,_SEG_RUIM/_super,,HUVEC,Migração (PET e PEP) n2 - RAW||PET + NEB 5uM||D3,8,2,33.761,HUVEC__Migra_o_PET_e_PEP_n2_RAW_PET_NEB_5uM_D3__tp08h__2__D3_8H_2_2__8db9535923.jpg,8db9535923__HUVEC__Migra_o_PET_e_PEP_n2_-_RAW_PET_+_NEB_5uM_D3__tp8h__D3_8H_2_2.tiff,,,,
88,_SEG_RUIM/_super,,HUVEC,Migração (PET e PEP) n2 - RAW||PET + NEB 5uM||D3,12,1,44.05,HUVEC__Migra_o_PET_e_PEP_n2_RAW_PET_NEB_5uM_D3__tp12h__1__D3_12H_1_2__6b8d096cd6.jpg,6b8d096cd6__HUVEC__Migra_o_PET_e_PEP_n2_-_RAW_PET_+_NEB_5uM_D3__tp12h__D3_12H_1_2.tiff,,,,
89,_SEG_RUIM/_super,,HUVEC,Migração (PET e PEP) n2 - RAW||PET + NEB 5uM||D3,12,2,46.72,HUVEC__Migra_o_PET_e_PEP_n2_RAW_PET_NEB_5uM_D3__tp12h__2__D3_12H_2_2__3dea5f7bdf.jpg,3dea5f7bdf__HUVEC__Migra_o_PET_e_PEP_n2_-_RAW_PET_+_NEB_5uM_D3__tp12h__D3_12H_2_2.tiff,,,,
90,_SEG_RUIM/_super,,HUVEC,Migração (PET e PEP) n2 - RAW||PET + NEB 5uM||D3,24,1,42.255,HUVEC__Migra_o_PET_e_PEP_n2_RAW_PET_NEB_5uM_D3__tp24h__1__D3_24H_1_2__b74ccec3d4.jpg,b74ccec3d4__HUVEC__Migra_o_PET_e_PEP_n2_-_RAW_PET_+_NEB_5uM_D3__tp24h__D3_24H_1_2.tiff,,,,
91,_SEG_RUIM/_super,,HUVEC,Migração (PET e PEP) n2 - RAW||PET + NEB 5uM||D3,24,2,51.686,HUVEC__Migra_o_PET_e_PEP_n2_RAW_PET_NEB_5uM_D3__tp24h__2__D3_24H_2_2__313ff6b3d6.jpg,313ff6b3d6__HUVEC__Migra_o_PET_e_PEP_n2_-_RAW_PET_+_NEB_5uM_D3__tp24h__D3_24H_2_2.tiff,,,,
92,_SEG_RUIM/_super,,HUVEC,Migração (PET e PEP) n3 - RAW||None||D1,0,1,39.833,HUVEC__Migra_o_PET_e_PEP_n3_RAW_None_D1__tp00h__1__D1_0H_1_3__590e6c1504.jpg,590e6c1504__HUVEC__Migra_o_PET_e_PEP_n3_-_RAW_None_D1__tp0h__D1_0H_1_3.tiff,,,,
93,_SEG_RUIM/_super,,HUVEC,Migração (PET e PEP) n3 - RAW||None||D1,8,1,46.625,HUVEC__Migra_o_PET_e_PEP_n3_RAW_None_D1__tp08h__1__D1_8H_1_3__54c61f325d.jpg,54c61f325d__HUVEC__Migra_o_PET_e_PEP_n3_-_RAW_None_D1__tp8h__D1_8H_1_3.tiff,,,,
94,_SEG_RUIM/_super,,HUVEC,Migração (PET e PEP) n3 - RAW||None||D1,8,2,16.654,HUVEC__Migra_o_PET_e_PEP_n3_RAW_None_D1__tp08h__2__D1_8H_2__246463cc3a.jpg,246463cc3a__HUVEC__Migra_o_PET_e_PEP_n3_-_RAW_None_D1__tp8h__D1_8H_2.tiff,,,,
95,_SEG_RUIM/_super,,HUVEC,Migração (PET e PEP) n3 - RAW||None||D1,12,1,69.25,HUVEC__Migra_o_PET_e_PEP_n3_RAW_None_D1__tp12h__1__D1_12H_1_3__ad9f9e8e56.jpg,ad9f9e8e56__HUVEC__Migra_o_PET_e_PEP_n3_-_RAW_None_D1__tp12h__D1_12H_1_3.tiff,,,,
96,_SEG_RUIM/_super,,HUVEC,Migração (PET e PEP) n3 - RAW||None||D1,12,2,92.334,HUVEC__Migra_o_PET_e_PEP_n3_RAW_None_D1__tp12h__2__D1_12H_2_3__61972712e8.jpg,61972712e8__HUVEC__Migra_o_PET_e_PEP_n3_-_RAW_None_D1__tp12h__D1_12H_2_3.tiff,,,,
97,_SEG_RUIM/_super,,HUVEC,Migração (PET e PEP) n3 - RAW||None||D4,0,1,40.238,HUVEC__Migra_o_PET_e_PEP_n3_RAW_None_D4__tp00h__1__D4_0H_1_3__72ec8e45a1.jpg,72ec8e45a1__HUVEC__Migra_o_PET_e_PEP_n3_-_RAW_None_D4__tp0h__D4_0H_1_3.tiff,,,,
98,_SEG_RUIM/_super,,HUVEC,Migração (PET e PEP) n3 - RAW||None||D4,0,2,89.432,HUVEC__Migra_o_PET_e_PEP_n3_RAW_None_D4__tp00h__2__D4_0H_2_3__6e6e66cf02.jpg,6e6e66cf02__HUVEC__Migra_o_PET_e_PEP_n3_-_RAW_None_D4__tp0h__D4_0H_2_3.tiff,,,,
99,_SEG_RUIM/_super,,HUVEC,Migração (PET e PEP) n3 - RAW||None||D4,8,1,42.402,HUVEC__Migra_o_PET_e_PEP_n3_RAW_None_D4__tp08h__1__D4_8H_1_3__62cb1d4bdc.jpg,62cb1d4bdc__HUVEC__Migra_o_PET_e_PEP_n3_-_RAW_None_D4__tp8h__D4_8H_1_3.tiff,,,,
100,_SEG_RUIM/_super,,HUVEC,Migração (PET e PEP) n3 - RAW||None||D4,8,2,87.037,HUVEC__Migra_o_PET_e_PEP_n3_RAW_None_D4__tp08h__2__D4_8H_2_3__c07bc84c98.jpg,c07bc84c98__HUVEC__Migra_o_PET_e_PEP_n3_-_RAW_None_D4__tp8h__D4_8H_2_3.tiff,,,,
101,_SEG_RUIM/_super,,HUVEC,Migração (PET e PEP) n3 - RAW||None||D4,12,1,72.64,HUVEC__Migra_o_PET_e_PEP_n3_RAW_None_D4__tp12h__1__D4_12H_1_3__db5f1d05ce.jpg,db5f1d05ce__HUVEC__Migra_o_PET_e_PEP_n3_-_RAW_None_D4__tp12h__D4_12H_1_3.tiff,,,,
102,_SEG_RUIM/_super,,HUVEC,Migração (PET e PEP) n3 - RAW||None||D4,12,2,89.506,HUVEC__Migra_o_PET_e_PEP_n3_RAW_None_D4__tp12h__2__D4_12H_2_3__de4591208a.jpg,de4591208a__HUVEC__Migra_o_PET_e_PEP_n3_-_RAW_None_D4__tp12h__D4_12H_2_3.tiff,,,,
103,_SEG_RUIM/_super,,HUVEC,Migração (PET e PEP) n3 - RAW||None||D4,24,1,73.602,HUVEC__Migra_o_PET_e_PEP_n3_RAW_None_D4__tp24h__1__D4_24H_1_3__219024d892.jpg,219024d892__HUVEC__Migra_o_PET_e_PEP_n3_-_RAW_None_D4__tp24h__D4_24H_1_3.tiff,,,,
104,_SEG_RUIM/_super,,HUVEC,Originais (1)||None||A1,0,1,38.19,HUVEC__Originais_1_None_A1__tp00h__1__A1_0HR_1_2__acb23080b8.jpg,acb23080b8__HUVEC__Originais_1_None_A1__tp0h__A1_0HR_1_2.tiff,,,,
105,_SEG_RUIM/_super,,HUVEC,Originais (1)||None||A1,8,1,20.817,HUVEC__Originais_1_None_A1__tp08h__1__A1_8HR_1_2__ba096361b8.jpg,ba096361b8__HUVEC__Originais_1_None_A1__tp8h__A1_8HR_1_2.tiff,,,,
106,_SEG_RUIM/_super,,HUVEC,Originais (1)||None||A1,8,2,23.489,HUVEC__Originais_1_None_A1__tp08h__2__A1_8HR_2_2__f9a5587463.jpg,f9a5587463__HUVEC__Originais_1_None_A1__tp8h__A1_8HR_2_2.tiff,,,,
107,_SEG_RUIM/_super,,HUVEC,Originais (1)||None||A1,12,1,48.008,HUVEC__Originais_1_None_A1__tp12h__1__A1_12HR_1_2__e8f27e802d.jpg,e8f27e802d__HUVEC__Originais_1_None_A1__tp12h__A1_12HR_1_2.tiff,,,,
108,_SEG_RUIM/_super,,HUVEC,Originais (1)||None||A1,12,2,35.689,HUVEC__Originais_1_None_A1__tp12h__2__A1_12HR_2_2__3bd025364d.jpg,3bd025364d__HUVEC__Originais_1_None_A1__tp12h__A1_12HR_2_2.tiff,,,,
109,_SEG_RUIM/_super,,HUVEC,Originais (1)||None||A1,24,1,64.502,HUVEC__Originais_1_None_A1__tp24h__1__A1_24HR_1_2__7f4a54ced3.jpg,7f4a54ced3__HUVEC__Originais_1_None_A1__tp24h__A1_24HR_1_2.tiff,,,,
110,_SEG_RUIM/_super,,HUVEC,Originais (1)||None||A1,24,2,35.943,HUVEC__Originais_1_None_A1__tp24h__2__A1_24HR_2_2__0c9eecd4e4.jpg,0c9eecd4e4__HUVEC__Originais_1_None_A1__tp24h__A1_24HR_2_2.tiff,,,,
111,_SEG_RUIM/_super,,HUVEC,Originais (1)||None||A5,8,1,35.47,HUVEC__Originais_1_None_A5__tp08h__1__A5_8HR_1_2__402aa9005a.jpg,402aa9005a__HUVEC__Originais_1_None_A5__tp8h__A5_8HR_1_2.tiff,,,,
112,_SEG_RUIM/_super,,HUVEC,Originais (1)||None||A5,8,2,22.277,HUVEC__Originais_1_None_A5__tp08h__2__A5_8HR_2_2__b55011ddef.jpg,b55011ddef__HUVEC__Originais_1_None_A5__tp8h__A5_8HR_2_2.tiff,,,,
113,_SEG_RUIM/_super,,HUVEC,Originais (1)||None||A5,12,1,41.13,HUVEC__Originais_1_None_A5__tp12h__1__A5_12HR_1_2__1e53de2f60.jpg,1e53de2f60__HUVEC__Originais_1_None_A5__tp12h__A5_12HR_1_2.tiff,,,,
114,_SEG_RUIM/_super,,HUVEC,Originais (1)||None||A5,12,2,18.376,HUVEC__Originais_1_None_A5__tp12h__2__A5_12HR_2_2__8380cf36f6.jpg,8380cf36f6__HUVEC__Originais_1_None_A5__tp12h__A5_12HR_2_2.tiff,,,,
115,_SEG_RUIM/_super,,HUVEC,Originais (1)||None||A5,24,1,61.022,HUVEC__Originais_1_None_A5__tp24h__1__A5_24HR_1_2__915659805f.jpg,915659805f__HUVEC__Originais_1_None_A5__tp24h__A5_24HR_1_2.tiff,,,,
116,_SEG_RUIM/_super,,HUVEC,Originais (1)||None||A5,24,2,50.977,HUVEC__Originais_1_None_A5__tp24h__2__A5_24HR_2_2__1b7a6d4b5b.jpg,1b7a6d4b5b__HUVEC__Originais_1_None_A5__tp24h__A5_24HR_2_2.tiff,,,,
117,_SEG_RUIM/_super,,HUVEC,Originais (1)||None||B5,0,2,22.321,HUVEC__Originais_1_None_B5__tp00h__2__B5_0HR_2_2__a27829f2e8.jpg,a27829f2e8__HUVEC__Originais_1_None_B5__tp0h__B5_0HR_2_2.tiff,,,,
118,_SEG_RUIM/_super,,HUVEC,Originais (1)||None||B5,8,1,15.09,HUVEC__Originais_1_None_B5__tp08h__1__B5_8HR_1_2__b907ae85dd.jpg,b907ae85dd__HUVEC__Originais_1_None_B5__tp8h__B5_8HR_1_2.tiff,,,,
119,_SEG_RUIM/_super,,HUVEC,Originais (1)||None||B5,8,2,17.072,HUVEC__Originais_1_None_B5__tp08h__2__B5_8HR_2_2__dc452cba48.jpg,dc452cba48__HUVEC__Originais_1_None_B5__tp8h__B5_8HR_2_2.tiff,,,,
120,_SEG_RUIM/_super,,HUVEC,Originais (1)||None||B5,12,1,10.233,HUVEC__Originais_1_None_B5__tp12h__1__B5_12HR_1_2__a3e15c9ecc.jpg,a3e15c9ecc__HUVEC__Originais_1_None_B5__tp12h__B5_12HR_1_2.tiff,,,,
121,_SEG_RUIM/_super,,HUVEC,Originais (1)||None||B5,12,2,15.976,HUVEC__Originais_1_None_B5__tp12h__2__B5_12HR_2_2__0836fc4ee3.jpg,0836fc4ee3__HUVEC__Originais_1_None_B5__tp12h__B5_12HR_2_2.tiff,,,,
122,_SEG_RUIM/_super,,HUVEC,Originais (1)||None||B5,24,1,19.445,HUVEC__Originais_1_None_B5__tp24h__1__B5_24HR__67aac5fafc.jpg,67aac5fafc__HUVEC__Originais_1_None_B5__tp24h__B5_24HR.tiff,,,,
123,_SEG_RUIM/_super,,HUVEC,Originais (1)||None||D1,24,1,11.519,HUVEC__Originais_1_None_D1__tp24h__1__D1_24HR_1_2__0bdbd51083.jpg,0bdbd51083__HUVEC__Originais_1_None_D1__tp24h__D1_24HR_1_2.tiff,,,,
124,_SEG_RUIM/_super,,HUVEC,Pré-Eclâmpsia||None||B6,12,1,19.549,HUVEC__Pr_Ecl_mpsia_None_B6__tp12h__1__B6_12hr_1__15dfa1f8f7.jpg,15dfa1f8f7__HUVEC__Pr_-Ecl_mpsia_None_B6__tp12h__B6_12hr_1.tiff,,,,
125,_SEG_RUIM/_super,,HUVEC,Pré-Eclâmpsia||None||B6,12,2,49.34,HUVEC__Pr_Ecl_mpsia_None_B6__tp12h__2__B6_12hr_2__447267f1f8.jpg,447267f1f8__HUVEC__Pr_-Ecl_mpsia_None_B6__tp12h__B6_12hr_2.tiff,,,,
126,_SEG_RUIM/_super,,HUVEC,Pré-Eclâmpsia||None||B6,24,1,0.274,HUVEC__Pr_Ecl_mpsia_None_B6__tp24h__1__B6_24h_1__fbe637bf41.jpg,fbe637bf41__HUVEC__Pr_-Ecl_mpsia_None_B6__tp24h__B6_24h_1.tiff,,,,
127,_SEG_RUIM/_super,,HUVEC,Saudável||None||B1,12,1,25.072,HUVEC__Controle_Saudavel_None_B1__tp12h__1__B1_12hr_1__ba850ac4ac.jpg,ba850ac4ac__HUVEC__Controle+Saudavel_None_B1__tp12h__B1_12hr_1.tiff,,,,
128,_SEG_RUIM/_super,,HUVEC,originais||None||A1,0,1,12.494,HUVEC__originais_None_A1__tp00h__1__A1_0HR_1__b4e873c613.jpg,b4e873c613__HUVEC__originais_None_A1__tp0h__A1_0HR_1.tiff,,,,
129,_SEG_RUIM/_super,,HUVEC,originais||None||A1,0,2,30.903,HUVEC__originais_None_A1__tp00h__2__A1_0HR_2__8bf826e872.jpg,8bf826e872__HUVEC__originais_None_A1__tp0h__A1_0HR_2.tiff,,,,
130,_SEG_RUIM/_super,,HUVEC,originais||None||A1,8,1,36.085,HUVEC__originais_None_A1__tp08h__1__A1_8HR_1__19b5407474.jpg,19b5407474__HUVEC__originais_None_A1__tp8h__A1_8HR_1.tiff,,,,
131,_SEG_RUIM/_super,,HUVEC,originais||None||A1,8,2,43.687,HUVEC__originais_None_A1__tp08h__2__A1_8HR_2__10c73cd55a.jpg,10c73cd55a__HUVEC__originais_None_A1__tp8h__A1_8HR_2.tiff,,,,
132,_SEG_RUIM/_super,,HUVEC,originais||None||A1,24,2,14.11,HUVEC__originais_None_A1__tp24h__2__A1_24HR_2__7d8b79a5ad.jpg,7d8b79a5ad__HUVEC__originais_None_A1__tp24h__A1_24HR_2.tiff,,,,
133,_SEG_RUIM/_super,,HUVEC,originais||None||A5,0,1,26.026,HUVEC__originais_None_A5__tp00h__1__A5_0HR_1__e4bb99f05d.jpg,e4bb99f05d__BASELINE__HUVEC__originais_None_A5__tp0h__A5_0HR_1.tiff,,,,
134,_SEG_RUIM/_super,,HUVEC,originais||None||A5,8,1,67.754,HUVEC__originais_None_A5__tp08h__1__A5_8HR_1__a99d3e28ae.jpg,a99d3e28ae__HUVEC__originais_None_A5__tp8h__A5_8HR_1.tiff,,,,
135,_SEG_RUIM/_super,,HUVEC,originais||None||A5,12,1,22.582,HUVEC__originais_None_A5__tp12h__1__A5_12HR_1__b83dc2f0a0.jpg,b83dc2f0a0__HUVEC__originais_None_A5__tp12h__A5_12HR_1.tiff,,,,
136,_SEG_RUIM/_super,,HUVEC,originais||None||A5,24,1,46.376,HUVEC__originais_None_A5__tp24h__1__A5_24HR_1__a7bed1b95d.jpg,a7bed1b95d__HUVEC__originais_None_A5__tp24h__A5_24HR_1.tiff,,,,
137,_SEG_RUIM/_super,,HUVEC,originais||None||B5,0,1,75.491,HUVEC__originais_None_B5__tp00h__1__B5_0HR_1__bdd482f7dc.jpg,bdd482f7dc__HUVEC__originais_None_B5__tp0h__B5_0HR_1.tiff,,,,
138,_SEG_RUIM/_super,,HUVEC,originais||None||B5,8,2,21.037,HUVEC__originais_None_B5__tp08h__2__B5_8HR_2__5402a99d17.jpg,5402a99d17__HUVEC__originais_None_B5__tp8h__B5_8HR_2.tiff,,,,
139,_SEG_RUIM/_super,,HUVEC,originais||None||B5,12,2,15.404,HUVEC__originais_None_B5__tp12h__2__B5_12HR_2__c47de367f7.jpg,c47de367f7__HUVEC__originais_None_B5__tp12h__B5_12HR_2.tiff,,,,
140,_SEG_RUIM/_super,,HUVEC,originais||None||B5,24,1,40.204,HUVEC__originais_None_B5__tp24h__1__B5_24HR_1__984fac6443.jpg,984fac6443__HUVEC__originais_None_B5__tp24h__B5_24HR_1.tiff,,,,
141,_SEG_RUIM/_super,,HUVEC,originais||None||D4,0,1,17.387,HUVEC__originais_None_D4__tp00h__1__D4_0HR_1__cd14eeaab0.jpg,cd14eeaab0__HUVEC__originais_None_D4__tp0h__D4_0HR_1.tiff,,,,
142,_SEG_RUIM/_super,,HUVEC,originais||None||D4,12,1,15.77,HUVEC__originais_None_D4__tp12h__1__D4_12HR_1__32105a21ed.jpg,32105a21ed__HUVEC__originais_None_D4__tp12h__D4_12HR_1.tiff,,,,
143,_SEG_RUIM/_super,,HUVEC,originais||None||D4,12,2,7.45,HUVEC__originais_None_D4__tp12h__2__D4_12HR_2__bcc023dcdc.jpg,bcc023dcdc__HUVEC__originais_None_D4__tp12h__D4_12HR_2.tiff,,,,
144,_SEG_RUIM/_super,,HUVEC,originais||None||D4,24,1,3.316,HUVEC__originais_None_D4__tp24h__1__D4_24HR_1__f676cb2911.jpg,f676cb2911__HUVEC__originais_None_D4__tp24h__D4_24HR_1.tiff,,,,
145,_SEG_RUIM/_super,,HUVEC,originais||None||D4,24,2,0.449,HUVEC__originais_None_D4__tp24h__2__D4_24HR_2__3bb0ffa3c2.jpg,3bb0ffa3c2__HUVEC__originais_None_D4__tp24h__D4_24HR_2.tiff,,,,
146,_SEG_RUIM/_super,,SKOV-3,P1|CT|F10,48,F10,27.95,SKOV-3__P1_CT_F10__tp48h__F10__Snap_10_2__b683f7cf68.jpg,b683f7cf68__SKOV-3__P1_CT_F10__tp48h__Snap-10_2.tiff,,,,
147,_SEG_RUIM/_super,,SKOV-3,P1|CT|F8,24,F8,39.505,SKOV-3__P1_CT_F8__tp24h__F8__Snap_09_2__1d20187a19.jpg,1d20187a19__SKOV-3__P1_CT_F8__tp24h__Snap-09_2.tiff,,,,
148,_SEG_RUIM/_super,,SKOV-3,P1|CT|F8,48,F8,75.984,SKOV-3__P1_CT_F8__tp48h__F8__Snap_08_2__95925abdae.jpg,95925abdae__SKOV-3__P1_CT_F8__tp48h__Snap-08_2.tiff,,,,
149,_SEG_RUIM/_super,,SKOV-3,P1|GEO+PTX|F1,24,F1,48.583,SKOV-3__P1_GEO_PTX_F1__tp24h__F1__Snap_47_2__f0af91b428.jpg,f0af91b428__SKOV-3__P1_GEO+PTX_F1__tp24h__Snap-47_2.tiff,,,,
150,_SEG_RUIM/_super,,SKOV-3,P1|GEO|F11,24,F11,20.789,SKOV-3__P1_GEO_F11__tp24h__F11__Snap_42_2__aceb303f81.jpg,aceb303f81__SKOV-3__P1_GEO_F11__tp24h__Snap-42_2.tiff,,,,
151,_SEG_RUIM/_super,,SKOV-3,P1|GEO|F11,48,F11,31.25,SKOV-3__P1_GEO_F11__tp48h__F11__Snap_42_2__1c257ba6ee.jpg,1c257ba6ee__SKOV-3__P1_GEO_F11__tp48h__Snap-42_2.tiff,,,,
152,_SEG_RUIM/_super,,SKOV-3,P1|GEO|F6,24,F6,24.997,SKOV-3__P1_GEO_F6__tp24h__F6__Snap_37_2__d421258d9f.jpg,d421258d9f__SKOV-3__P1_GEO_F6__tp24h__Snap-37_2.tiff,,,,
153,_SEG_RUIM/_super,,SKOV-3,P1|GEO|F6,48,F6,40.782,SKOV-3__P1_GEO_F6__tp48h__F6__Snap_37_2__d96e0fc45b.jpg,d96e0fc45b__SKOV-3__P1_GEO_F6__tp48h__Snap-37_2.tiff,,,,
154,_SEG_RUIM/_super,,SKOV-3,P2|CARBO|F9,48,F9,46.402,SKOV-3__P2_CARBO_F9__tp48h__F9__Snap_25__0270d51969.jpg,0270d51969__SKOV-3__P2_CARBO_F9__tp48h__Snap-25.tiff,,,,
155,_SEG_RUIM/_super,,SKOV-3,P2|CT|F15,24,F15,34.584,SKOV-3__P2_CT_F15__tp24h__F15__Snap_15__b42d83ed55.jpg,b42d83ed55__SKOV-3__P2_CT_F15__tp24h__Snap-15.tiff,,,,
156,_SEG_RUIM/_super,,SKOV-3,P2|CT|F15,48,F15,8.729,SKOV-3__P2_CT_F15__tp48h__F15__Snap_15__fd9cb2c695.jpg,fd9cb2c695__SKOV-3__P2_CT_F15__tp48h__Snap-15.tiff,,,,
157,_SEG_RUIM/_super,,SKOV-3,P2|CT|F9,48,F9,37.761,SKOV-3__P2_CT_F9__tp48h__F9__Snap_09__bea62375f6.jpg,bea62375f6__SKOV-3__P2_CT_F9__tp48h__Snap-09.tiff,,,,
158,_SEG_RUIM/_super,,SKOV-3,P2|GEO|F8,0,F8,64.859,SKOV-3__P2_GEO_F8__tp00h__F8__Snap_39__81a85f25ae.jpg,81a85f25ae__SKOV-3__P2_GEO_F8__tp0h__Snap-39.tiff,,,,
