grupo,analysis_unit,tp,arquivo,param,radius,threshold,sat,area_pct,area_pct_imagej_P0,categoria_v2
FALHA r=180.31,LUIS RAW||PEP+MET3||A6,8,226a0493b4__HUVEC__LUIS_RAW_PEP+MET3_A6__tp8h__A6_8H_2.tiff,P0,20,100,0.001,22.846,23.08,FALHA_CLOSURE_NEG+FALHA_NAO_MONOTONICO
FALHA r=180.31,LUIS RAW||PEP+MET3||A6,8,226a0493b4__HUVEC__LUIS_RAW_PEP+MET3_A6__tp8h__A6_8H_2.tiff,P1,10,100,0.001,49.993,23.08,FALHA_CLOSURE_NEG+FALHA_NAO_MONOTONICO
FALHA r=180.31,LUIS RAW||PEP+MET3||A6,8,226a0493b4__HUVEC__LUIS_RAW_PEP+MET3_A6__tp8h__A6_8H_2.tiff,P2,20,60,0.001,0.062,23.08,FALHA_CLOSURE_NEG+FALHA_NAO_MONOTONICO
FALHA r=180.31,LUIS RAW||PEP+MET3||A6,8,226a0493b4__HUVEC__LUIS_RAW_PEP+MET3_A6__tp8h__A6_8H_2.tiff,P3,20,100,0.01,12.264,23.08,FALHA_CLOSURE_NEG+FALHA_NAO_MONOTONICO
FALHA 0h implausivel,Migração (PET e PEP) n1 - RAW||PEP + NEB 5uM||D4,0,876603b483__HUVEC__Migra_o_PET_e_PEP_n1_-_RAW_PEP_+_NEB_5uM_D4__tp0h__D4_0H_2.tiff,P0,20,100,0.001,95.147,95.116,FALHA_CLOSURE_NEG+FALHA_SUPER
FALHA 0h implausivel,Migração (PET e PEP) n1 - RAW||PEP + NEB 5uM||D4,0,876603b483__HUVEC__Migra_o_PET_e_PEP_n1_-_RAW_PEP_+_NEB_5uM_D4__tp0h__D4_0H_2.tiff,P1,10,100,0.001,98.469,95.116,FALHA_CLOSURE_NEG+FALHA_SUPER
FALHA 0h implausivel,Migração (PET e PEP) n1 - RAW||PEP + NEB 5uM||D4,0,876603b483__HUVEC__Migra_o_PET_e_PEP_n1_-_RAW_PEP_+_NEB_5uM_D4__tp0h__D4_0H_2.tiff,P2,20,60,0.001,56.855,95.116,FALHA_CLOSURE_NEG+FALHA_SUPER
FALHA 0h implausivel,Migração (PET e PEP) n1 - RAW||PEP + NEB 5uM||D4,0,876603b483__HUVEC__Migra_o_PET_e_PEP_n1_-_RAW_PEP_+_NEB_5uM_D4__tp0h__D4_0H_2.tiff,P3,20,100,0.01,79.806,95.116,FALHA_CLOSURE_NEG+FALHA_SUPER
FALHA 0h implausivel,Migração (PET e PEP) n2 - RAW||PET + NEB 5uM||D3,0,074ae97d16__HUVEC__Migra_o_PET_e_PEP_n2_-_RAW_PET_+_NEB_5uM_D3__tp0h__D3_0H_2_2.tiff,P0,20,100,0.001,85.645,85.534,DISCORDANCIA_CAMPO+FALHA_SUPER
FALHA 0h implausivel,Migração (PET e PEP) n2 - RAW||PET + NEB 5uM||D3,0,074ae97d16__HUVEC__Migra_o_PET_e_PEP_n2_-_RAW_PET_+_NEB_5uM_D3__tp0h__D3_0H_2_2.tiff,P1,10,100,0.001,93.934,85.534,DISCORDANCIA_CAMPO+FALHA_SUPER
FALHA 0h implausivel,Migração (PET e PEP) n2 - RAW||PET + NEB 5uM||D3,0,074ae97d16__HUVEC__Migra_o_PET_e_PEP_n2_-_RAW_PET_+_NEB_5uM_D3__tp0h__D3_0H_2_2.tiff,P2,20,60,0.001,67.248,85.534,DISCORDANCIA_CAMPO+FALHA_SUPER
FALHA 0h implausivel,Migração (PET e PEP) n2 - RAW||PET + NEB 5uM||D3,0,074ae97d16__HUVEC__Migra_o_PET_e_PEP_n2_-_RAW_PET_+_NEB_5uM_D3__tp0h__D3_0H_2_2.tiff,P3,20,100,0.01,81.629,85.534,DISCORDANCIA_CAMPO+FALHA_SUPER
FALHA 0h implausivel,Migração (PET e PEP) n3 - RAW||None||D4,0,6e6e66cf02__HUVEC__Migra_o_PET_e_PEP_n3_-_RAW_None_D4__tp0h__D4_0H_2_3.tiff,P0,20,100,0.001,89.503,89.432,FALHA_CLOSURE_NEG+FALHA_SUPER
FALHA 0h implausivel,Migração (PET e PEP) n3 - RAW||None||D4,0,6e6e66cf02__HUVEC__Migra_o_PET_e_PEP_n3_-_RAW_None_D4__tp0h__D4_0H_2_3.tiff,P1,10,100,0.001,98.333,89.432,FALHA_CLOSURE_NEG+FALHA_SUPER
FALHA 0h implausivel,Migração (PET e PEP) n3 - RAW||None||D4,0,6e6e66cf02__HUVEC__Migra_o_PET_e_PEP_n3_-_RAW_None_D4__tp0h__D4_0H_2_3.tiff,P2,20,60,0.001,68.077,89.432,FALHA_CLOSURE_NEG+FALHA_SUPER
FALHA 0h implausivel,Migração (PET e PEP) n3 - RAW||None||D4,0,6e6e66cf02__HUVEC__Migra_o_PET_e_PEP_n3_-_RAW_None_D4__tp0h__D4_0H_2_3.tiff,P3,20,100,0.01,82.577,89.432,FALHA_CLOSURE_NEG+FALHA_SUPER
FALHA r=66.17,LUIS RAW||PEP+GB||A3,8,a174960b96__HUVEC__LUIS_RAW_PEP+GB_A3__tp8h__A3_8H_1.tiff,P0,20,100,0.001,5.032,5.029,FALHA_CLOSURE_NEG
FALHA r=66.17,LUIS RAW||PEP+GB||A3,8,a174960b96__HUVEC__LUIS_RAW_PEP+GB_A3__tp8h__A3_8H_1.tiff,P1,10,100,0.001,10.005,5.029,FALHA_CLOSURE_NEG
FALHA r=66.17,LUIS RAW||PEP+GB||A3,8,a174960b96__HUVEC__LUIS_RAW_PEP+GB_A3__tp8h__A3_8H_1.tiff,P2,20,60,0.001,0.011,5.029,FALHA_CLOSURE_NEG
FALHA r=66.17,LUIS RAW||PEP+GB||A3,8,a174960b96__HUVEC__LUIS_RAW_PEP+GB_A3__tp8h__A3_8H_1.tiff,P3,20,100,0.01,4.252,5.029,FALHA_CLOSURE_NEG
FALHA r=53.59,LUIS RAW||PEP+GB||A3,12,cc55a9026b__HUVEC__LUIS_RAW_PEP+GB_A3__tp12h__A3_12H_1.tiff,P0,20,100,0.001,4.069,4.073,FALHA_CLOSURE_NEG
FALHA r=53.59,LUIS RAW||PEP+GB||A3,12,cc55a9026b__HUVEC__LUIS_RAW_PEP+GB_A3__tp12h__A3_12H_1.tiff,P1,10,100,0.001,8.981,4.073,FALHA_CLOSURE_NEG
FALHA r=53.59,LUIS RAW||PEP+GB||A3,12,cc55a9026b__HUVEC__LUIS_RAW_PEP+GB_A3__tp12h__A3_12H_1.tiff,P2,20,60,0.001,0.05,4.073,FALHA_CLOSURE_NEG
FALHA r=53.59,LUIS RAW||PEP+GB||A3,12,cc55a9026b__HUVEC__LUIS_RAW_PEP+GB_A3__tp12h__A3_12H_1.tiff,P3,20,100,0.01,3.57,4.073,FALHA_CLOSURE_NEG
OK,Controle||None||A1,12,121a1c1fcd__HUVEC__Controle+Saudavel_None_A1__tp12h__A1_12hr_1.tiff,P0,20,100,0.001,15.065,15.087,OK
OK,Controle||None||A1,12,121a1c1fcd__HUVEC__Controle+Saudavel_None_A1__tp12h__A1_12hr_1.tiff,P1,10,100,0.001,52.281,15.087,OK
OK,Controle||None||A1,12,121a1c1fcd__HUVEC__Controle+Saudavel_None_A1__tp12h__A1_12hr_1.tiff,P2,20,60,0.001,14.268,15.087,OK
OK,Controle||None||A1,12,121a1c1fcd__HUVEC__Controle+Saudavel_None_A1__tp12h__A1_12hr_1.tiff,P3,20,100,0.01,14.747,15.087,OK
OK,LUIS RAW||PEP+GB||A3,12,f8f76efe0c__HUVEC__LUIS_RAW_PEP+GB_A3__tp12h__A3_12H_2.tiff,P0,20,100,0.001,3.681,3.685,OK
OK,LUIS RAW||PEP+GB||A3,12,f8f76efe0c__HUVEC__LUIS_RAW_PEP+GB_A3__tp12h__A3_12H_2.tiff,P1,10,100,0.001,8.328,3.685,OK
OK,LUIS RAW||PEP+GB||A3,12,f8f76efe0c__HUVEC__LUIS_RAW_PEP+GB_A3__tp12h__A3_12H_2.tiff,P2,20,60,0.001,0.019,3.685,OK
OK,LUIS RAW||PEP+GB||A3,12,f8f76efe0c__HUVEC__LUIS_RAW_PEP+GB_A3__tp12h__A3_12H_2.tiff,P3,20,100,0.01,3.43,3.685,OK
OK,Migração (PET e PEP) n1 - RAW||PEP + NEB 5uM||D4,0,eeb18a29d8__HUVEC__Migra_o_PET_e_PEP_n1_-_RAW_PEP_+_NEB_5uM_D4__tp0h__D4_0H_1.tiff,P0,20,100,0.001,74.067,74.045,OK
OK,Migração (PET e PEP) n1 - RAW||PEP + NEB 5uM||D4,0,eeb18a29d8__HUVEC__Migra_o_PET_e_PEP_n1_-_RAW_PEP_+_NEB_5uM_D4__tp0h__D4_0H_1.tiff,P1,10,100,0.001,87.158,74.045,OK
OK,Migração (PET e PEP) n1 - RAW||PEP + NEB 5uM||D4,0,eeb18a29d8__HUVEC__Migra_o_PET_e_PEP_n1_-_RAW_PEP_+_NEB_5uM_D4__tp0h__D4_0H_1.tiff,P2,20,60,0.001,65.382,74.045,OK
OK,Migração (PET e PEP) n1 - RAW||PEP + NEB 5uM||D4,0,eeb18a29d8__HUVEC__Migra_o_PET_e_PEP_n1_-_RAW_PEP_+_NEB_5uM_D4__tp0h__D4_0H_1.tiff,P3,20,100,0.01,69.68,74.045,OK
OK,Migração (PET e PEP) n2 - RAW||PEP + NEB 1uM||B1,0,2b7fcfc602__HUVEC__Migra_o_PET_e_PEP_n2_-_RAW_PEP_+_NEB_1uM_B1__tp0h__B1_0H_1_2.tiff,P0,20,100,0.001,32.392,32.39,OK
OK,Migração (PET e PEP) n2 - RAW||PEP + NEB 1uM||B1,0,2b7fcfc602__HUVEC__Migra_o_PET_e_PEP_n2_-_RAW_PEP_+_NEB_1uM_B1__tp0h__B1_0H_1_2.tiff,P1,10,100,0.001,42.258,32.39,OK
OK,Migração (PET e PEP) n2 - RAW||PEP + NEB 1uM||B1,0,2b7fcfc602__HUVEC__Migra_o_PET_e_PEP_n2_-_RAW_PEP_+_NEB_1uM_B1__tp0h__B1_0H_1_2.tiff,P2,20,60,0.001,30.697,32.39,OK
OK,Migração (PET e PEP) n2 - RAW||PEP + NEB 1uM||B1,0,2b7fcfc602__HUVEC__Migra_o_PET_e_PEP_n2_-_RAW_PEP_+_NEB_1uM_B1__tp0h__B1_0H_1_2.tiff,P3,20,100,0.01,31.432,32.39,OK
OK,Migração (PET e PEP) n3 - RAW||None||D1,0,590e6c1504__HUVEC__Migra_o_PET_e_PEP_n3_-_RAW_None_D1__tp0h__D1_0H_1_3.tiff,P0,20,100,0.001,39.997,39.833,OK
OK,Migração (PET e PEP) n3 - RAW||None||D1,0,590e6c1504__HUVEC__Migra_o_PET_e_PEP_n3_-_RAW_None_D1__tp0h__D1_0H_1_3.tiff,P1,10,100,0.001,75.136,39.833,OK
OK,Migração (PET e PEP) n3 - RAW||None||D1,0,590e6c1504__HUVEC__Migra_o_PET_e_PEP_n3_-_RAW_None_D1__tp0h__D1_0H_1_3.tiff,P2,20,60,0.001,14.732,39.833,OK
OK,Migração (PET e PEP) n3 - RAW||None||D1,0,590e6c1504__HUVEC__Migra_o_PET_e_PEP_n3_-_RAW_None_D1__tp0h__D1_0H_1_3.tiff,P3,20,100,0.01,21.653,39.833,OK
OK,Originais (1)||None||A1,0,acb23080b8__HUVEC__Originais_1_None_A1__tp0h__A1_0HR_1_2.tiff,P0,20,100,0.001,38.096,38.19,OK
OK,Originais (1)||None||A1,0,acb23080b8__HUVEC__Originais_1_None_A1__tp0h__A1_0HR_1_2.tiff,P1,10,100,0.001,87.398,38.19,OK
OK,Originais (1)||None||A1,0,acb23080b8__HUVEC__Originais_1_None_A1__tp0h__A1_0HR_1_2.tiff,P2,20,60,0.001,15.017,38.19,OK
OK,Originais (1)||None||A1,0,acb23080b8__HUVEC__Originais_1_None_A1__tp0h__A1_0HR_1_2.tiff,P3,20,100,0.01,25.728,38.19,OK
