ordem,pasta_triagem,arquivo_overlay,motivo,pasta_correta?,categoria_sugerida,confianca,analysis_unit,timepoint_h,campo,area_pct_whst,cell_line,adjudicado_depois_como,whst_input_file,motivo_classificado,modo_falha_computado,contencao_t0
1,_IMG_INVALIDA,HUVEC__LUIS_RAW_PEP_GB_A3__tp00h__1__A3_0H_1__9487facce2.jpg,imagem ruidosa e com mancha no centro,sim,monolayer_nao_confluente,alta,LUIS RAW||PEP+GB||A3,0,1,0.076,HUVEC,,9487facce2__HUVEC__LUIS_RAW_PEP+GB_A3__tp0h__A3_0H_1.tiff,outro,,
2,_IMG_INVALIDA,HUVEC__LUIS_RAW_PEP_MCC_B4__tp12h__1__B4_12H_1__46211a334d.jpg,imagem tem uma mancha lateral mas a segmentação pegou fora do risco,nao,contorno_fora_da_ferida,alta,LUIS RAW||PEP+MCC||B4,12,1,2.11,HUVEC,,46211a334d__HUVEC__LUIS_RAW_PEP+MCC_B4__tp12h__B4_12H_1.tiff,deslocada,,0.0000
3,_IMG_INVALIDA,HUVEC__LUIS_RAW_PEP_E1__tp12h__1__E1_12H_1__def3a0ea0f.jpg,imagem está ruidosa mas daria para segmentar,nao,pegou_so_parte_da_ferida,alta,LUIS RAW||PEP||E1,12,1,0.041,HUVEC,,def3a0ea0f__HUVEC__LUIS_RAW_PEP_E1__tp12h__E1_12H_1.tiff,ruidosa_recuperavel,,1.0000
4,_IMG_INVALIDA,HUVEC__LUIS_RAW_PET_C5__tp12h__2__C5_12H_2__c5c9c83ff5.jpg,"imagem na borda do poço, onde a segmentação pegou area fora da central",sim,contorno_fora_da_ferida,alta,LUIS RAW||PET||C5,12,2,9.889,HUVEC,,c5c9c83ff5__HUVEC__LUIS_RAW_PET_C5__tp12h__C5_12H_2.tiff,deslocada,,
5,_IMG_INVALIDA,HUVEC__Migra_o_PET_e_PEP_n2_RAW_PEP_NEB_1uM_B1__tp12h__2__B1_12H_2_2__f16a067d42.jpg,imagem está ruidosa mas daria para segmentar com dificuldade,duvida,contorno_fora_da_ferida,alta,Migração (PET e PEP) n2 - RAW||PEP + NEB 1uM||B1,12,2,10.296,HUVEC,,f16a067d42__HUVEC__Migra_o_PET_e_PEP_n2_-_RAW_PEP_+_NEB_1uM_B1__tp12h__B1_12H_2_2.tiff,ruidosa_recuperavel,,0.0020
6,_IMG_INVALIDA,HUVEC__Migra_o_PET_e_PEP_n3_RAW_None_D1__tp24h__1__D1_24H_1_3__2416a46324.jpg,"imagem esta escura, dificultaria a segmentação de forma completa",duvida,contorno_fora_da_ferida,alta,Migração (PET e PEP) n3 - RAW||None||D1,24,1,0.254,HUVEC,,2416a46324__HUVEC__Migra_o_PET_e_PEP_n3_-_RAW_None_D1__tp24h__D1_24H_1_3.tiff,ruidosa_recuperavel,,0.0000
7,_IMG_INVALIDA,HUVEC__Migra_o_PET_e_PEP_n3_RAW_None_D1__tp24h__2__D1_24H_2_3__4e5949b4ff.jpg,"imagem esta escura, mas possivel de segmentar",nao,pegou corretamente,alta,Migração (PET e PEP) n3 - RAW||None||D1,24,2,9.127,HUVEC,,4e5949b4ff__HUVEC__Migra_o_PET_e_PEP_n3_-_RAW_None_D1__tp24h__D1_24H_2_3.tiff,ruidosa_recuperavel,,0.3957
8,_IMG_INVALIDA,HUVEC__Originais_1_None_D1__tp24h__2__D1_24HR_2_2__4c0807427d.jpg,imagem muito ruidosa,sim,não identificavel,alta,Originais (1)||None||D1,24,2,7.515,HUVEC,,4c0807427d__HUVEC__Originais_1_None_D1__tp24h__D1_24HR_2_2.tiff,imagem_invalida,,0.4981
9,_IMG_INVALIDA,HUVEC__originais_None_A5__tp24h__2__A5_24HR_2__9c1610d4f3.jpg,imagem ruidosa mas com segmentação correta,nao,pegou corretamente,alta,originais||None||A5,24,2,9.272,HUVEC,,9c1610d4f3__HUVEC__originais_None_A5__tp24h__A5_24HR_2.tiff,segmentacao_ok,,
10,_IMG_INVALIDA,SKOV-3__P1_GEO_PTX_F1__tp00h__F1__75ug_ptx1_1__eb2094e9e9.jpg,"imagem em cruz que serviu como teste do algoritmo, mas não é usada no dia dia",duvida,fora do escopo de analise,alta,P1|GEO+PTX|F1,0,F1,63.197,SKOV-3,,eb2094e9e9__BASELINE__SKOV-3__P1_GEO+PTX_F1__tp0h__75ug+ptx1_1.tiff,fora_do_escopo,,
11,_IMG_INVALIDA,SKOV-3__P1_GEO_PTX_F6__tp00h__F6__75ug_ptx2_1__56448aa7e3.jpg,"imagem em cruz que serviu como teste do algoritmo, mas não é usada no dia dia",duvida,fora do escopo de analise,alta,P1|GEO+PTX|F6,0,F6,61.265,SKOV-3,,56448aa7e3__BASELINE__SKOV-3__P1_GEO+PTX_F6__tp0h__75ug+ptx2_1.tiff,fora_do_escopo,,
12,_IMG_INVALIDA,SKOV-3__P1_GEO_F11__tp00h__F11__75geo3_1__6a31bf39c3.jpg,"imagem em cruz que serviu como teste do algoritmo, mas não é usada no dia dia",duvida,fora do escopo de analise,alta,P1|GEO|F11,0,F11,64.014,SKOV-3,,6a31bf39c3__BASELINE__SKOV-3__P1_GEO_F11__tp0h__75geo3_1.tiff,fora_do_escopo,,
13,_IMG_INVALIDA,SKOV-3__P1_GEO_F6__tp00h__F6__75geo2_1__c7f1856fab.jpg,"imagem em cruz que serviu como teste do algoritmo, mas não é usada no dia dia",duvida,fora do escopo de analise,alta,P1|GEO|F6,0,F6,63.012,SKOV-3,,c7f1856fab__BASELINE__SKOV-3__P1_GEO_F6__tp0h__75geo2_1.tiff,fora_do_escopo,,
14,_IMG_INVALIDA,SKOV-3__P2_CARBO_F5__tp00h__F5__Snap_21__bdb26c487f.jpg,"imagem em cruz que serviu como teste do algoritmo, mas não é usada no dia dia",duvida,fora do escopo de analise,alta,P2|CARBO|F5,0,F5,55.869,SKOV-3,,bdb26c487f__BASELINE_ALT__SKOV-3__P2_CARBO_F5__tp0h__Snap-21.tiff,fora_do_escopo,,
15,_SEG_RUIM/_sub,HUVEC__Controle_Saudavel_None_A1__tp12h__2__A1_12hr_2__4912771227.jpg,"segmentação quase correta, faltou apenas uma parte",sim,pegou_so_parte_da_ferida,alta,Controle||None||A1,12,2,9.938,HUVEC,,4912771227__HUVEC__Controle+Saudavel_None_A1__tp12h__A1_12hr_2.tiff,sub,nao_avaliavel,
16,_SEG_RUIM/_sub,HUVEC__LUIS_RAW_PEP_GB_A3__tp00h__2__A3_0H_2__e3071d5205.jpg,segmentação pegou apenas uma parte,sim,pegou_so_parte_da_ferida,alta,LUIS RAW||PEP+GB||A3,0,2,7.721,HUVEC,,e3071d5205__HUVEC__LUIS_RAW_PEP+GB_A3__tp0h__A3_0H_2.tiff,sub,nao_avaliavel,
17,_SEG_RUIM/_sub,HUVEC__LUIS_RAW_PEP_GB_A3__tp12h__1__A3_12H_1__cc55a9026b.jpg,segmentação pegou apenas uma parte,sim,pegou_so_parte_da_ferida,alta,LUIS RAW||PEP+GB||A3,12,1,4.073,HUVEC,,cc55a9026b__HUVEC__LUIS_RAW_PEP+GB_A3__tp12h__A3_12H_1.tiff,sub,espuria_fechada,0.0000
18,_SEG_RUIM/_sub,HUVEC__LUIS_RAW_PEP_GB_A3__tp12h__2__A3_12H_2__f8f76efe0c.jpg,"segmentação quase correta, faltou apenas uma parte",sim,pegou_so_parte_da_ferida,alta,LUIS RAW||PEP+GB||A3,12,2,3.685,HUVEC,,f8f76efe0c__HUVEC__LUIS_RAW_PEP+GB_A3__tp12h__A3_12H_2.tiff,sub,espuria_fechada,0.1314
19,_SEG_RUIM/_sub,HUVEC__LUIS_RAW_PEP_MCC_B4__tp08h__2__B4_8H_2__9f0a5a4a06.jpg,"segmentação quase correta, faltou apenas uma parte",sim,pegou_so_parte_da_ferida,alta,LUIS RAW||PEP+MCC||B4,8,2,3.219,HUVEC,,9f0a5a4a06__HUVEC__LUIS_RAW_PEP+MCC_B4__tp8h__B4_8H_2.tiff,sub,espuria_fechada,0.0000
20,_SEG_RUIM/_sub,HUVEC__LUIS_RAW_PEP_MET3_A6__tp00h__2__A6_0H_2__161686180c.jpg,segmentação pegou apenas uma parte,sim,pegou_so_parte_da_ferida,alta,LUIS RAW||PEP+MET3||A6,0,2,0.128,HUVEC,,161686180c__HUVEC__LUIS_RAW_PEP+MET3_A6__tp0h__A6_0H_2.tiff,sub,nao_avaliavel,
21,_SEG_RUIM/_sub,HUVEC__LUIS_RAW_PEP_MET3_A6__tp24h__1__A6_24H_1__52cbd70f1b.jpg,"segmentação quase correta, faltou apenas uma parte",sim,pegou_so_parte_da_ferida,alta,LUIS RAW||PEP+MET3||A6,24,1,6.263,HUVEC,,52cbd70f1b__HUVEC__LUIS_RAW_PEP+MET3_A6__tp24h__A6_24H_1.tiff,sub,excesso,0.8385
22,_SEG_RUIM/_sub,HUVEC__LUIS_RAW_PEP_MET3_A6__tp24h__2__A6_24H_2__d2a741e45b.jpg,"segmentação quase correta, faltou apenas uma parte",sim,pegou_so_parte_da_ferida,alta,LUIS RAW||PEP+MET3||A6,24,2,4.926,HUVEC,,d2a741e45b__HUVEC__LUIS_RAW_PEP+MET3_A6__tp24h__A6_24H_2.tiff,sub,espuria_fechada,0.0156
23,_SEG_RUIM/_sub,HUVEC__LUIS_RAW_PEP_E1__tp08h__2__E1_8H_2__609fee8a39.jpg,"segmentação quase correta, faltou apenas uma parte",sim,pegou_so_parte_da_ferida,alta,LUIS RAW||PEP||E1,8,2,7.165,HUVEC,,609fee8a39__HUVEC__LUIS_RAW_PEP_E1__tp8h__E1_8H_2.tiff,sub,deslocada,0.4123
24,_SEG_RUIM/_sub,HUVEC__Controle_Saudavel_None_B1__tp24h__1__B1_24hr_1__3bad7fe6bb.jpg,"segmentação quase correta, faltou apenas uma parte",sim,pegou_so_parte_da_ferida,alta,Saudável||None||B1,24,1,2.421,HUVEC,,3bad7fe6bb__HUVEC__Controle+Saudavel_None_B1__tp24h__B1_24hr_1.tiff,sub,excesso,0.9412
25,_SEG_RUIM/_sub,HUVEC__originais_None_D4__tp08h__2__D4_8HR_2__0a2a2af49b.jpg,"segmentação quase correta, faltou apenas uma parte",sim,pegou_so_parte_da_ferida,alta,originais||None||D4,8,2,4.732,HUVEC,,0a2a2af49b__HUVEC__originais_None_D4__tp8h__D4_8HR_2.tiff,sub,excesso,0.9983
26,_SEG_RUIM/_sub,SKOV-3__P1_GEO_PTX_F6__tp72h__F6__Snap_41__2166dad4b4.jpg,"segmentação quase correta, faltou apenas uma parte",sim,pegou_so_parte_da_ferida,alta,P1|GEO+PTX|F6,72,F6,8.951,SKOV-3,,2166dad4b4__SKOV-3__P1_GEO+PTX_F6__tp72h__Snap-41.tiff,sub,excesso,0.9658
27,_SEG_RUIM/_sub,SKOV-3__P2_CARBO_GEO_F8__tp48h__F8__Snap_54__431a247e4d.jpg,"segmentação quase correta, faltou apenas uma parte",sim,pegou_so_parte_da_ferida,alta,P2|CARBO+GEO|F8,48,F8,5.872,SKOV-3,,431a247e4d__SKOV-3__P2_CARBO+GEO_F8__tp48h__Snap-54.tiff,sub,excesso,0.9711
28,_SEG_RUIM/_sub,SKOV-3__P2_CARBO_F9__tp00h__F9__Snap_25__6fb12c61f6.jpg,"segmentação quase correta, faltou apenas uma parte",sim,pegou_so_parte_da_ferida,alta,P2|CARBO|F9,0,F9,30.715,SKOV-3,,6fb12c61f6__SKOV-3__P2_CARBO_F9__tp0h__Snap-25.tiff,sub,nao_avaliavel,
29,_AMBIGUO,HUVEC__Controle_Saudavel_None_A1__tp24h__2__A1_24h_2__852829b565.jpg,figura parece fechada. Precisaria ver sem overlay para confirmar,duvida,ferida_ja_fechada,media,Controle||None||A1,24,2,2.095,HUVEC,OK,852829b565__HUVEC__Controle+Saudavel_None_A1__tp24h__A1_24h_2.tiff,espuria_fechada,,
30,_AMBIGUO,HUVEC__LUIS_RAW_PEP_GB_A3__tp08h__1__A3_8H_1__a174960b96.jpg,"segmentação quase correta, faltou apenas uma parte",nao,pegou_so_parte_da_ferida,alta,LUIS RAW||PEP+GB||A3,8,1,5.029,HUVEC,SEG_RUIM/sub,a174960b96__HUVEC__LUIS_RAW_PEP+GB_A3__tp8h__A3_8H_1.tiff,sub,deslocada,0.0000
31,_AMBIGUO,HUVEC__LUIS_RAW_PEP_MCC_B4__tp00h__2__B4_0H_2__30d94f864c.jpg,"imagem muito ruidosa, trataria como invalida",nao,monolayer_nao_confluente,alta,LUIS RAW||PEP+MCC||B4,0,2,11.295,HUVEC,SEG_RUIM/sub,30d94f864c__HUVEC__LUIS_RAW_PEP+MCC_B4__tp0h__B4_0H_2.tiff,imagem_invalida,nao_avaliavel,
32,_AMBIGUO,HUVEC__LUIS_RAW_PEP_MET3_A6__tp00h__1__A6_0H_1__9f614303f3.jpg,"imagem muito ruidosa, trataria como invalida",nao,monolayer_nao_confluente,alta,LUIS RAW||PEP+MET3||A6,0,1,16.895,HUVEC,SEG_RUIM/sub,9f614303f3__HUVEC__LUIS_RAW_PEP+MET3_A6__tp0h__A6_0H_1.tiff,imagem_invalida,nao_avaliavel,
33,_AMBIGUO,HUVEC__LUIS_RAW_PEP_E1__tp12h__2__E1_12H_2__6aac6703c3.jpg,segmentação correta,nao,ok,alta,LUIS RAW||PEP||E1,12,2,4.643,HUVEC,IMG_INVALIDA,6aac6703c3__HUVEC__LUIS_RAW_PEP_E1__tp12h__E1_12H_2.tiff,segmentacao_ok,,0.7017
34,_AMBIGUO,HUVEC__originais_None_D1__tp24h__1__D1_24HR_1__8ea9f57fed.jpg,"imagem ruidosa mas segmentação está quase boa, um pouco super",nao,super,alta,originais||None||D1,24,1,4.703,HUVEC,SEG_RUIM/super,8ea9f57fed__HUVEC__originais_None_D1__tp24h__D1_24HR_1.tiff,excesso,excesso,0.8345
35,_AMBIGUO,HUVEC__originais_None_D4__tp08h__1__D4_8HR_1__89b61b11f6.jpg,segmentação pouco super,nao,super,alta,originais||None||D4,8,1,6.95,HUVEC,SEG_RUIM/super,89b61b11f6__HUVEC__originais_None_D4__tp8h__D4_8HR_1.tiff,excesso,excesso,0.9168
36,_AMBIGUO,SKOV-3__P1_GEO_PTX_F6__tp48h__F6__Snap_52_2__58a4cc19a9.jpg,"imagem muito ruidosa, trataria como invalida",nao,monolayer_nao_confluente,alta,P1|GEO+PTX|F6,48,F6,1.543,SKOV-3,OK,58a4cc19a9__SKOV-3__P1_GEO+PTX_F6__tp48h__Snap-52_2.tiff,imagem_invalida,,0.9370
37,_AMBIGUO,SKOV-3__P1_GEO_F11__tp72h__F11__Snap_31__6dfed6db6e.jpg,imagem ruidosa mas segmentação boa,nao,ok,media,P1|GEO|F11,72,F11,1.455,SKOV-3,IMG_INVALIDA,6dfed6db6e__SKOV-3__P1_GEO_F11__tp72h__Snap-31.tiff,segmentacao_ok,,0.9955
38,_AMBIGUO,SKOV-3__P1_GEO_F6__tp72h__F6__Snap_26__4406107ac9.jpg,imagem ruidosa mas segmentação boa,nao,ok,media,P1|GEO|F6,72,F6,0.867,SKOV-3,IMG_INVALIDA,4406107ac9__SKOV-3__P1_GEO_F6__tp72h__Snap-26.tiff,segmentacao_ok,,0.9902
39,_AMBIGUO,SKOV-3__P2_CARBO_F5__tp24h__F5__Snap_20__e38b9ca083.jpg,"imagem ruidosa mas segmentação está quase boa, pegou local errado e faltou uma parte",nao,contorno_fora_da_ferida,media,P2|CARBO|F5,24,F5,9.768,SKOV-3,OK,e38b9ca083__SKOV-3__P2_CARBO_F5__tp24h__Snap-20.tiff,deslocada,,0.7771
40,_AMBIGUO,SKOV-3__P2_CARBO_F5__tp48h__F5__Snap_21__e068a53984.jpg,"imagem ruidosa mas segmentação está quase boa, um pouco super",nao,super,alta,P2|CARBO|F5,48,F5,14.379,SKOV-3,SEG_RUIM/sub,e068a53984__SKOV-3__P2_CARBO_F5__tp48h__Snap-21.tiff,excesso,deslocada,0.3369
41,_SEG_RUIM/_super,HUVEC__Controle_Saudavel_None_A1__tp24h__1__A1_24h_1__7131dcbea1.jpg,"pouco super, talvez totalmente fechada",duvida,ferida_ja_fechada,media,Controle||None||A1,24,1,1.035,HUVEC,,7131dcbea1__HUVEC__Controle+Saudavel_None_A1__tp24h__A1_24h_1.tiff,excesso,nao_avaliavel,
42,_SEG_RUIM/_super,HUVEC__Controle_Saudavel_None_B1__tp00h__1__B1_0hr_1__0b6e433347.jpg,pegou a ferida e fora dela tambem,sim,contorno_fora_da_ferida,alta,Controle||None||B1,0,1,47.13,HUVEC,,0b6e433347__HUVEC__Controle+Saudavel_None_B1__tp0h__B1_0hr_1.tiff,excesso,nao_avaliavel,
43,_SEG_RUIM/_super,HUVEC__Controle_Saudavel_None_B1__tp00h__2__B1_0hr_2__6a4edc8aeb.jpg,pegou a ferida e fora dela tambem,sim,contorno_fora_da_ferida,alta,Controle||None||B1,0,2,59.164,HUVEC,,6a4edc8aeb__HUVEC__Controle+Saudavel_None_B1__tp0h__B1_0hr_2.tiff,excesso,nao_avaliavel,
44,_SEG_RUIM/_super,HUVEC__Controle_Saudavel_None_B1__tp08h__1__B1_8hr_1__379d95a8e1.jpg,pegou a ferida e fora dela tambem,sim,contorno_fora_da_ferida,alta,Controle||None||B1,8,1,34.466,HUVEC,,379d95a8e1__HUVEC__Controle+Saudavel_None_B1__tp8h__B1_8hr_1.tiff,excesso,excesso,0.8406
45,_SEG_RUIM/_super,HUVEC__Controle_Saudavel_None_B1__tp08h__2__B1_8hr_2__80b3243635.jpg,pegou a ferida corretamente,nao,ok,alta,Controle||None||B1,8,2,26.102,HUVEC,,80b3243635__HUVEC__Controle+Saudavel_None_B1__tp8h__B1_8hr_2.tiff,segmentacao_ok,excesso,0.9142
46,_SEG_RUIM/_super,HUVEC__Controle_Saudavel_None_B1__tp12h__1__B1_12hr_1__62c9f5d9a5.jpg,pegou a ferida e fora dela tambem,sim,contorno_fora_da_ferida,alta,Controle||None||B1,12,1,49.312,HUVEC,,62c9f5d9a5__HUVEC__Controle+Saudavel_None_B1__tp12h__B1_12hr_1.tiff,excesso,excesso,0.7169
47,_SEG_RUIM/_super,HUVEC__LUIS_RAW_PEP_GB_A3__tp24h__1__A3_24H_1__ff300c2862.jpg,totalmente fechada,nao,ferida_ja_fechada,alta,LUIS RAW||PEP+GB||A3,24,1,0.764,HUVEC,,ff300c2862__HUVEC__LUIS_RAW_PEP+GB_A3__tp24h__A3_24H_1.tiff,espuria_fechada,espuria_fechada,0.0000
48,_SEG_RUIM/_super,HUVEC__LUIS_RAW_PEP_GB_A3__tp24h__2__A3_24H_2_2__545022361d.jpg,totalmente fechada,nao,ferida_ja_fechada,alta,LUIS RAW||PEP+GB||A3,24,2,0.042,HUVEC,,545022361d__HUVEC__LUIS_RAW_PEP+GB_A3__tp24h__A3_24H_2_2.tiff,espuria_fechada,espuria_fechada,0.0000
49,_SEG_RUIM/_super,HUVEC__LUIS_RAW_PEP_MCC_B4__tp08h__1__B4_8H_1__e0911e22cc.jpg,pegou a ferida e fora dela tambem,sim,contorno_fora_da_ferida,alta,LUIS RAW||PEP+MCC||B4,8,1,28.697,HUVEC,,e0911e22cc__HUVEC__LUIS_RAW_PEP+MCC_B4__tp8h__B4_8H_1.tiff,excesso,deslocada,0.1549
50,_SEG_RUIM/_super,HUVEC__LUIS_RAW_PEP_MCC_B4__tp12h__2__B4_12H_2__9984e40df9.jpg,pegou a ferida e fora dela tambem,sim,contorno_fora_da_ferida,alta,LUIS RAW||PEP+MCC||B4,12,2,44.578,HUVEC,,9984e40df9__HUVEC__LUIS_RAW_PEP+MCC_B4__tp12h__B4_12H_2.tiff,excesso,deslocada,0.2132
51,_SEG_RUIM/_super,HUVEC__LUIS_RAW_PEP_MCC_B4__tp24h__1__B4_24H_1_2__e31a26b3ae.jpg,pegou a ferida e fora dela tambem,sim,contorno_fora_da_ferida,alta,LUIS RAW||PEP+MCC||B4,24,1,42.35,HUVEC,,e31a26b3ae__HUVEC__LUIS_RAW_PEP+MCC_B4__tp24h__B4_24H_1_2.tiff,excesso,deslocada,0.1768
52,_SEG_RUIM/_super,HUVEC__LUIS_RAW_PEP_MCC_B4__tp24h__2__B4_24H_2_2__1daac83e9d.jpg,totalmente fechada,nao,ferida_ja_fechada,alta,LUIS RAW||PEP+MCC||B4,24,2,8.738,HUVEC,,1daac83e9d__HUVEC__LUIS_RAW_PEP+MCC_B4__tp24h__B4_24H_2_2.tiff,espuria_fechada,deslocada,0.0124
53,_SEG_RUIM/_super,HUVEC__LUIS_RAW_PEP_MET3_A6__tp08h__2__A6_8H_2__226a0493b4.jpg,pegou a ferida e fora dela tambem,sim,contorno_fora_da_ferida,alta,LUIS RAW||PEP+MET3||A6,8,2,23.08,HUVEC,,226a0493b4__HUVEC__LUIS_RAW_PEP+MET3_A6__tp8h__A6_8H_2.tiff,excesso,deslocada,0.0055
54,_SEG_RUIM/_super,HUVEC__LUIS_RAW_PEP_E1__tp24h__1__E1_24H_1__9ec02dd0f0.jpg,"pouco super, talvez totalmente fechada",duvida,ferida_ja_fechada,media,LUIS RAW||PEP||E1,24,1,0.966,HUVEC,,9ec02dd0f0__HUVEC__LUIS_RAW_PEP_E1__tp24h__E1_24H_1.tiff,excesso,espuria_fechada,0.2891
55,_SEG_RUIM/_super,HUVEC__LUIS_RAW_PET_C5__tp12h__1__C5_12H_1__30813da992.jpg,pegou a ferida e fora dela tambem,sim,contorno_fora_da_ferida,alta,LUIS RAW||PET||C5,12,1,35.08,HUVEC,,30813da992__HUVEC__LUIS_RAW_PET_C5__tp12h__C5_12H_1.tiff,excesso,deslocada,0.3179
56,_SEG_RUIM/_super,HUVEC__LUIS_RAW_PET_F2__tp08h__2__F2_8H_2__ab1e438082.jpg,pegou a ferida e fora dela tambem mas faltou uma parte. Seria sub.,nao,contorno_fora_da_ferida,alta,LUIS RAW||PET||F2,8,2,14.038,HUVEC,,ab1e438082__HUVEC__LUIS_RAW_PET_F2__tp8h__F2_8H_2.tiff,excesso_e_sub,nao_avaliavel,
57,_SEG_RUIM/_super,HUVEC__LUIS_RAW_PET_F2__tp12h__1__F2_12H_1__7e12b751cc.jpg,pegou corretamente,nao,ok,alta,LUIS RAW||PET||F2,12,1,23.64,HUVEC,,7e12b751cc__HUVEC__LUIS_RAW_PET_F2__tp12h__F2_12H_1.tiff,segmentacao_ok,deslocada,0.4156
58,_SEG_RUIM/_super,HUVEC__LUIS_RAW_PET_F2__tp12h__2__F2_12H_2__be0b2a74bf.jpg,pegou a ferida e fora dela tambem mas faltou uma parte,sim,contorno_fora_da_ferida,alta,LUIS RAW||PET||F2,12,2,25.522,HUVEC,,be0b2a74bf__HUVEC__LUIS_RAW_PET_F2__tp12h__F2_12H_2.tiff,excesso_e_sub,nao_avaliavel,
59,_SEG_RUIM/_super,HUVEC__Migra_o_PET_e_PEP_n1_RAW_PEP_NEB_5uM_D4__tp00h__1__D4_0H_1__eeb18a29d8.jpg,pegou a ferida e fora dela tambem,sim,contorno_fora_da_ferida,alta,Migração (PET e PEP) n1 - RAW||PEP + NEB 5uM||D4,0,1,74.045,HUVEC,,eeb18a29d8__HUVEC__Migra_o_PET_e_PEP_n1_-_RAW_PEP_+_NEB_5uM_D4__tp0h__D4_0H_1.tiff,excesso,nao_avaliavel,
60,_SEG_RUIM/_super,HUVEC__Migra_o_PET_e_PEP_n1_RAW_PEP_NEB_5uM_D4__tp00h__2__D4_0H_2__876603b483.jpg,pegou a ferida e fora dela tambem,sim,contorno_fora_da_ferida,alta,Migração (PET e PEP) n1 - RAW||PEP + NEB 5uM||D4,0,2,95.116,HUVEC,,876603b483__HUVEC__Migra_o_PET_e_PEP_n1_-_RAW_PEP_+_NEB_5uM_D4__tp0h__D4_0H_2.tiff,excesso,nao_avaliavel,
61,_SEG_RUIM/_super,HUVEC__Migra_o_PET_e_PEP_n1_RAW_PEP_NEB_5uM_D4__tp08h__1__D4_8H_1__4826c4f4b8.jpg,pegou a ferida e fora dela tambem,sim,contorno_fora_da_ferida,alta,Migração (PET e PEP) n1 - RAW||PEP + NEB 5uM||D4,8,1,36.771,HUVEC,,4826c4f4b8__HUVEC__Migra_o_PET_e_PEP_n1_-_RAW_PEP_+_NEB_5uM_D4__tp8h__D4_8H_1.tiff,excesso,excesso,0.7200
62,_SEG_RUIM/_super,HUVEC__Migra_o_PET_e_PEP_n1_RAW_PEP_NEB_5uM_D4__tp08h__2__D4_8H_2__67ffbd1e7d.jpg,pegou a ferida e fora dela tambem,sim,contorno_fora_da_ferida,alta,Migração (PET e PEP) n1 - RAW||PEP + NEB 5uM||D4,8,2,30.468,HUVEC,,67ffbd1e7d__HUVEC__Migra_o_PET_e_PEP_n1_-_RAW_PEP_+_NEB_5uM_D4__tp8h__D4_8H_2.tiff,excesso,excesso,0.9830
63,_SEG_RUIM/_super,HUVEC__Migra_o_PET_e_PEP_n1_RAW_PEP_NEB_5uM_D4__tp12h__1__D4_12H_1__df5b31f84c.jpg,pegou a ferida e fora dela tambem,sim,contorno_fora_da_ferida,alta,Migração (PET e PEP) n1 - RAW||PEP + NEB 5uM||D4,12,1,44.185,HUVEC,,df5b31f84c__HUVEC__Migra_o_PET_e_PEP_n1_-_RAW_PEP_+_NEB_5uM_D4__tp12h__D4_12H_1.tiff,excesso,excesso,0.7716
64,_SEG_RUIM/_super,HUVEC__Migra_o_PET_e_PEP_n1_RAW_PEP_NEB_5uM_D4__tp12h__2__D4_12H_2__d4aba0cc0b.jpg,pegou a ferida e fora dela tambem,sim,contorno_fora_da_ferida,alta,Migração (PET e PEP) n1 - RAW||PEP + NEB 5uM||D4,12,2,60.523,HUVEC,,d4aba0cc0b__HUVEC__Migra_o_PET_e_PEP_n1_-_RAW_PEP_+_NEB_5uM_D4__tp12h__D4_12H_2.tiff,excesso,excesso,0.9872
65,_SEG_RUIM/_super,HUVEC__Migra_o_PET_e_PEP_n1_RAW_PEP_NEB_5uM_D4__tp24h__1__D4_24H_1__d8240f29e1.jpg,"imagem ruidosa, trataria como invalida",nao,sem_ferida_no_campo,alta,Migração (PET e PEP) n1 - RAW||PEP + NEB 5uM||D4,24,1,84.11,HUVEC,,d8240f29e1__HUVEC__Migra_o_PET_e_PEP_n1_-_RAW_PEP_+_NEB_5uM_D4__tp24h__D4_24H_1.tiff,imagem_invalida,excesso,0.7305
66,_SEG_RUIM/_super,HUVEC__Migra_o_PET_e_PEP_n1_RAW_PEP_NEB_5uM_D4__tp24h__2__D4_24H_2__9f5991f031.jpg,"imagem ruidosa, trataria como invalida",nao,sem_ferida_no_campo,alta,Migração (PET e PEP) n1 - RAW||PEP + NEB 5uM||D4,24,2,96.736,HUVEC,,9f5991f031__HUVEC__Migra_o_PET_e_PEP_n1_-_RAW_PEP_+_NEB_5uM_D4__tp24h__D4_24H_2.tiff,imagem_invalida,excesso,0.9524
67,_SEG_RUIM/_super,HUVEC__Migra_o_PET_e_PEP_n1_RAW_PET_NEB_1uM_C5__tp00h__1__C5_0H_1_2__4d1c387ecc.jpg,pegou a ferida e fora dela tambem,sim,contorno_fora_da_ferida,alta,Migração (PET e PEP) n1 - RAW||PET + NEB 1uM||C5,0,1,47.974,HUVEC,,4d1c387ecc__HUVEC__Migra_o_PET_e_PEP_n1_-_RAW_PET_+_NEB_1uM_C5__tp0h__C5_0H_1_2.tiff,excesso,nao_avaliavel,
68,_SEG_RUIM/_super,HUVEC__Migra_o_PET_e_PEP_n1_RAW_PET_NEB_1uM_C5__tp00h__2__C5_0H_2_2__cf9152592e.jpg,pegou a ferida e fora dela tambem,sim,contorno_fora_da_ferida,alta,Migração (PET e PEP) n1 - RAW||PET + NEB 1uM||C5,0,2,64.566,HUVEC,,cf9152592e__HUVEC__Migra_o_PET_e_PEP_n1_-_RAW_PET_+_NEB_1uM_C5__tp0h__C5_0H_2_2.tiff,excesso,nao_avaliavel,
69,_SEG_RUIM/_super,HUVEC__Migra_o_PET_e_PEP_n1_RAW_PET_NEB_1uM_C5__tp08h__1__C5_8H_1_2__c942b61a06.jpg,pegou a ferida e fora dela tambem,sim,contorno_fora_da_ferida,alta,Migração (PET e PEP) n1 - RAW||PET + NEB 1uM||C5,8,1,70.706,HUVEC,,c942b61a06__HUVEC__Migra_o_PET_e_PEP_n1_-_RAW_PET_+_NEB_1uM_C5__tp8h__C5_8H_1_2.tiff,excesso,excesso,0.5958
70,_SEG_RUIM/_super,HUVEC__Migra_o_PET_e_PEP_n1_RAW_PET_NEB_1uM_C5__tp08h__2__C5_8H_2_2__77136aab22.jpg,pegou a ferida e fora dela tambem,sim,contorno_fora_da_ferida,alta,Migração (PET e PEP) n1 - RAW||PET + NEB 1uM||C5,8,2,60.516,HUVEC,,77136aab22__HUVEC__Migra_o_PET_e_PEP_n1_-_RAW_PET_+_NEB_1uM_C5__tp8h__C5_8H_2_2.tiff,excesso,excesso,0.8628
71,_SEG_RUIM/_super,HUVEC__Migra_o_PET_e_PEP_n1_RAW_PET_NEB_1uM_C5__tp12h__1__C5_12H_1_2__2f5428b547.jpg,pegou a ferida e fora dela tambem,sim,contorno_fora_da_ferida,alta,Migração (PET e PEP) n1 - RAW||PET + NEB 1uM||C5,12,1,43.039,HUVEC,,2f5428b547__HUVEC__Migra_o_PET_e_PEP_n1_-_RAW_PET_+_NEB_1uM_C5__tp12h__C5_12H_1_2.tiff,excesso,excesso,0.7962
72,_SEG_RUIM/_super,HUVEC__Migra_o_PET_e_PEP_n1_RAW_PET_NEB_1uM_C5__tp12h__2__C5_12H_2_2__b248b322dd.jpg,pegou a ferida e fora dela tambem,sim,contorno_fora_da_ferida,alta,Migração (PET e PEP) n1 - RAW||PET + NEB 1uM||C5,12,2,64.035,HUVEC,,b248b322dd__HUVEC__Migra_o_PET_e_PEP_n1_-_RAW_PET_+_NEB_1uM_C5__tp12h__C5_12H_2_2.tiff,excesso,excesso,0.7548
73,_SEG_RUIM/_super,HUVEC__Migra_o_PET_e_PEP_n1_RAW_PET_NEB_1uM_C5__tp24h__1__C5_24H_1_2__6af51551c0.jpg,"imagem ruidosa, trataria como invalida",nao,sem_ferida_no_campo,alta,Migração (PET e PEP) n1 - RAW||PET + NEB 1uM||C5,24,1,82.762,HUVEC,,6af51551c0__HUVEC__Migra_o_PET_e_PEP_n1_-_RAW_PET_+_NEB_1uM_C5__tp24h__C5_24H_1_2.tiff,imagem_invalida,deslocada,0.4833
74,_SEG_RUIM/_super,HUVEC__Migra_o_PET_e_PEP_n1_RAW_PET_NEB_1uM_C5__tp24h__2__C5_24H_2_2__17691aa585.jpg,"imagem ruidosa, trataria como invalida",nao,sem_ferida_no_campo,alta,Migração (PET e PEP) n1 - RAW||PET + NEB 1uM||C5,24,2,75.585,HUVEC,,17691aa585__HUVEC__Migra_o_PET_e_PEP_n1_-_RAW_PET_+_NEB_1uM_C5__tp24h__C5_24H_2_2.tiff,imagem_invalida,excesso,0.6662
75,_SEG_RUIM/_super,HUVEC__Migra_o_PET_e_PEP_n2_RAW_PEP_NEB_1uM_B1__tp08h__1__B1_8H_1_2__7be1c29792.jpg,pegou a ferida e fora dela tambem,sim,contorno_fora_da_ferida,alta,Migração (PET e PEP) n2 - RAW||PEP + NEB 1uM||B1,8,1,63.688,HUVEC,,7be1c29792__HUVEC__Migra_o_PET_e_PEP_n2_-_RAW_PEP_+_NEB_1uM_B1__tp8h__B1_8H_1_2.tiff,excesso,deslocada,0.4525
76,_SEG_RUIM/_super,HUVEC__Migra_o_PET_e_PEP_n2_RAW_PEP_NEB_1uM_B1__tp12h__1__B1_12H_1_2__b050d01a16.jpg,pegou a ferida e fora dela tambem,sim,contorno_fora_da_ferida,alta,Migração (PET e PEP) n2 - RAW||PEP + NEB 1uM||B1,12,1,53.277,HUVEC,,b050d01a16__HUVEC__Migra_o_PET_e_PEP_n2_-_RAW_PEP_+_NEB_1uM_B1__tp12h__B1_12H_1_2.tiff,excesso,deslocada,0.3629
77,_SEG_RUIM/_super,HUVEC__Migra_o_PET_e_PEP_n2_RAW_PEP_NEB_1uM_B1__tp24h__1__B1_24H_1_2__7b82c62a3a.jpg,pegou a ferida e fora dela tambem,sim,contorno_fora_da_ferida,alta,Migração (PET e PEP) n2 - RAW||PEP + NEB 1uM||B1,24,1,33.445,HUVEC,,7b82c62a3a__HUVEC__Migra_o_PET_e_PEP_n2_-_RAW_PEP_+_NEB_1uM_B1__tp24h__B1_24H_1_2.tiff,excesso,excesso,0.5215
78,_SEG_RUIM/_super,HUVEC__Migra_o_PET_e_PEP_n2_RAW_PEP_NEB_1uM_B1__tp24h__2__B1_24H_2_3__11aad82875.jpg,pegou fora da ferida,sim,contorno_fora_da_ferida,alta,Migração (PET e PEP) n2 - RAW||PEP + NEB 1uM||B1,24,2,28.753,HUVEC,,11aad82875__HUVEC__Migra_o_PET_e_PEP_n2_-_RAW_PEP_+_NEB_1uM_B1__tp24h__B1_24H_2_3.tiff,deslocada,deslocada,0.0004
79,_SEG_RUIM/_super,HUVEC__Migra_o_PET_e_PEP_n2_RAW_PEP_A2__tp08h__1__A2_8H_1_2__ff629ecc3f.jpg,"imagem ruidosa, segmentação dificil",duvida,contorno_fora_da_ferida,media,Migração (PET e PEP) n2 - RAW||PEP||A2,8,1,50.08,HUVEC,,ff629ecc3f__HUVEC__Migra_o_PET_e_PEP_n2_-_RAW_PEP_A2__tp8h__A2_8H_1_2.tiff,imagem_invalida,nao_avaliavel,
80,_SEG_RUIM/_super,HUVEC__Migra_o_PET_e_PEP_n2_RAW_PEP_A2__tp08h__2__A2_8H_2_3__ee865b4881.jpg,pegou a ferida e fora dela tambem,sim,contorno_fora_da_ferida,alta,Migração (PET e PEP) n2 - RAW||PEP||A2,8,2,51.344,HUVEC,,ee865b4881__HUVEC__Migra_o_PET_e_PEP_n2_-_RAW_PEP_A2__tp8h__A2_8H_2_3.tiff,excesso,deslocada,0.4958
81,_SEG_RUIM/_super,HUVEC__Migra_o_PET_e_PEP_n2_RAW_PEP_A2__tp12h__1__A2_12H_1_2__bec6037b38.jpg,pegou a ferida e fora dela tambem,sim,contorno_fora_da_ferida,alta,Migração (PET e PEP) n2 - RAW||PEP||A2,12,1,53.112,HUVEC,,bec6037b38__HUVEC__Migra_o_PET_e_PEP_n2_-_RAW_PEP_A2__tp12h__A2_12H_1_2.tiff,excesso,nao_avaliavel,
82,_SEG_RUIM/_super,HUVEC__Migra_o_PET_e_PEP_n2_RAW_PEP_A2__tp12h__2__A2_12H_2_2__267a4a1f3f.jpg,pegou a ferida e fora dela tambem,sim,contorno_fora_da_ferida,alta,Migração (PET e PEP) n2 - RAW||PEP||A2,12,2,61.873,HUVEC,,267a4a1f3f__HUVEC__Migra_o_PET_e_PEP_n2_-_RAW_PEP_A2__tp12h__A2_12H_2_2.tiff,excesso,deslocada,0.3926
83,_SEG_RUIM/_super,HUVEC__Migra_o_PET_e_PEP_n2_RAW_PEP_A2__tp24h__1__A2_24H_1_3__294bd4aad2.jpg,pegou a ferida e fora dela tambem,sim,contorno_fora_da_ferida,alta,Migração (PET e PEP) n2 - RAW||PEP||A2,24,1,70.255,HUVEC,,294bd4aad2__HUVEC__Migra_o_PET_e_PEP_n2_-_RAW_PEP_A2__tp24h__A2_24H_1_3.tiff,excesso,nao_avaliavel,
84,_SEG_RUIM/_super,HUVEC__Migra_o_PET_e_PEP_n2_RAW_PEP_A2__tp24h__2__A2_24H_2_3__8c3064543d.jpg,pegou a ferida e fora dela tambem,sim,contorno_fora_da_ferida,alta,Migração (PET e PEP) n2 - RAW||PEP||A2,24,2,67.931,HUVEC,,8c3064543d__HUVEC__Migra_o_PET_e_PEP_n2_-_RAW_PEP_A2__tp24h__A2_24H_2_3.tiff,excesso,deslocada,0.4002
85,_SEG_RUIM/_super,HUVEC__Migra_o_PET_e_PEP_n2_RAW_PET_NEB_5uM_D3__tp00h__2__D3_0H_2_2__074ae97d16.jpg,pegou a ferida e fora dela tambem,sim,contorno_fora_da_ferida,alta,Migração (PET e PEP) n2 - RAW||PET + NEB 5uM||D3,0,2,85.534,HUVEC,,074ae97d16__HUVEC__Migra_o_PET_e_PEP_n2_-_RAW_PET_+_NEB_5uM_D3__tp0h__D3_0H_2_2.tiff,excesso,nao_avaliavel,
86,_SEG_RUIM/_super,HUVEC__Migra_o_PET_e_PEP_n2_RAW_PET_NEB_5uM_D3__tp08h__1__D3_8H_1_2__a41e7eccaa.jpg,pegou a ferida e fora dela tambem,sim,contorno_fora_da_ferida,alta,Migração (PET e PEP) n2 - RAW||PET + NEB 5uM||D3,8,1,34.637,HUVEC,,a41e7eccaa__HUVEC__Migra_o_PET_e_PEP_n2_-_RAW_PET_+_NEB_5uM_D3__tp8h__D3_8H_1_2.tiff,excesso,excesso,0.5642
87,_SEG_RUIM/_super,HUVEC__Migra_o_PET_e_PEP_n2_RAW_PET_NEB_5uM_D3__tp08h__2__D3_8H_2_2__8db9535923.jpg,pegou a ferida e fora dela tambem,sim,contorno_fora_da_ferida,alta,Migração (PET e PEP) n2 - RAW||PET + NEB 5uM||D3,8,2,33.761,HUVEC,,8db9535923__HUVEC__Migra_o_PET_e_PEP_n2_-_RAW_PET_+_NEB_5uM_D3__tp8h__D3_8H_2_2.tiff,excesso,excesso,0.9390
88,_SEG_RUIM/_super,HUVEC__Migra_o_PET_e_PEP_n2_RAW_PET_NEB_5uM_D3__tp12h__1__D3_12H_1_2__6b8d096cd6.jpg,pegou a ferida e fora dela tambem,sim,contorno_fora_da_ferida,alta,Migração (PET e PEP) n2 - RAW||PET + NEB 5uM||D3,12,1,44.05,HUVEC,,6b8d096cd6__HUVEC__Migra_o_PET_e_PEP_n2_-_RAW_PET_+_NEB_5uM_D3__tp12h__D3_12H_1_2.tiff,excesso,deslocada,0.4570
89,_SEG_RUIM/_super,HUVEC__Migra_o_PET_e_PEP_n2_RAW_PET_NEB_5uM_D3__tp12h__2__D3_12H_2_2__3dea5f7bdf.jpg,pegou a ferida e fora dela tambem,sim,contorno_fora_da_ferida,alta,Migração (PET e PEP) n2 - RAW||PET + NEB 5uM||D3,12,2,46.72,HUVEC,,3dea5f7bdf__HUVEC__Migra_o_PET_e_PEP_n2_-_RAW_PET_+_NEB_5uM_D3__tp12h__D3_12H_2_2.tiff,excesso,excesso,0.8644
90,_SEG_RUIM/_super,HUVEC__Migra_o_PET_e_PEP_n2_RAW_PET_NEB_5uM_D3__tp24h__1__D3_24H_1_2__b74ccec3d4.jpg,pegou a ferida e fora dela tambem,sim,contorno_fora_da_ferida,alta,Migração (PET e PEP) n2 - RAW||PET + NEB 5uM||D3,24,1,42.255,HUVEC,,b74ccec3d4__HUVEC__Migra_o_PET_e_PEP_n2_-_RAW_PET_+_NEB_5uM_D3__tp24h__D3_24H_1_2.tiff,excesso,deslocada,0.3875
91,_SEG_RUIM/_super,HUVEC__Migra_o_PET_e_PEP_n2_RAW_PET_NEB_5uM_D3__tp24h__2__D3_24H_2_2__313ff6b3d6.jpg,pegou a ferida e fora dela tambem,sim,contorno_fora_da_ferida,alta,Migração (PET e PEP) n2 - RAW||PET + NEB 5uM||D3,24,2,51.686,HUVEC,,313ff6b3d6__HUVEC__Migra_o_PET_e_PEP_n2_-_RAW_PET_+_NEB_5uM_D3__tp24h__D3_24H_2_2.tiff,excesso,excesso,0.9644
92,_SEG_RUIM/_super,HUVEC__Migra_o_PET_e_PEP_n3_RAW_None_D1__tp00h__1__D1_0H_1_3__590e6c1504.jpg,pegou a ferida e fora dela tambem,sim,contorno_fora_da_ferida,alta,Migração (PET e PEP) n3 - RAW||None||D1,0,1,39.833,HUVEC,,590e6c1504__HUVEC__Migra_o_PET_e_PEP_n3_-_RAW_None_D1__tp0h__D1_0H_1_3.tiff,excesso,nao_avaliavel,
93,_SEG_RUIM/_super,HUVEC__Migra_o_PET_e_PEP_n3_RAW_None_D1__tp08h__1__D1_8H_1_3__54c61f325d.jpg,pegou a ferida e fora dela tambem,sim,contorno_fora_da_ferida,alta,Migração (PET e PEP) n3 - RAW||None||D1,8,1,46.625,HUVEC,,54c61f325d__HUVEC__Migra_o_PET_e_PEP_n3_-_RAW_None_D1__tp8h__D1_8H_1_3.tiff,excesso,deslocada,0.3435
94,_SEG_RUIM/_super,HUVEC__Migra_o_PET_e_PEP_n3_RAW_None_D1__tp08h__2__D1_8H_2__246463cc3a.jpg,segmentação boa,nao,ok,alta,Migração (PET e PEP) n3 - RAW||None||D1,8,2,16.654,HUVEC,,246463cc3a__HUVEC__Migra_o_PET_e_PEP_n3_-_RAW_None_D1__tp8h__D1_8H_2.tiff,segmentacao_ok,excesso,0.7091
95,_SEG_RUIM/_super,HUVEC__Migra_o_PET_e_PEP_n3_RAW_None_D1__tp12h__1__D1_12H_1_3__ad9f9e8e56.jpg,pegou a ferida e fora dela tambem,sim,contorno_fora_da_ferida,alta,Migração (PET e PEP) n3 - RAW||None||D1,12,1,69.25,HUVEC,,ad9f9e8e56__HUVEC__Migra_o_PET_e_PEP_n3_-_RAW_None_D1__tp12h__D1_12H_1_3.tiff,excesso,deslocada,0.4116
96,_SEG_RUIM/_super,HUVEC__Migra_o_PET_e_PEP_n3_RAW_None_D1__tp12h__2__D1_12H_2_3__61972712e8.jpg,pegou a ferida e fora dela tambem,sim,contorno_fora_da_ferida,alta,Migração (PET e PEP) n3 - RAW||None||D1,12,2,92.334,HUVEC,,61972712e8__HUVEC__Migra_o_PET_e_PEP_n3_-_RAW_None_D1__tp12h__D1_12H_2_3.tiff,excesso,deslocada,0.1705
97,_SEG_RUIM/_super,HUVEC__Migra_o_PET_e_PEP_n3_RAW_None_D4__tp00h__1__D4_0H_1_3__72ec8e45a1.jpg,pegou a ferida e fora dela tambem,sim,contorno_fora_da_ferida,alta,Migração (PET e PEP) n3 - RAW||None||D4,0,1,40.238,HUVEC,,72ec8e45a1__HUVEC__Migra_o_PET_e_PEP_n3_-_RAW_None_D4__tp0h__D4_0H_1_3.tiff,excesso,nao_avaliavel,
98,_SEG_RUIM/_super,HUVEC__Migra_o_PET_e_PEP_n3_RAW_None_D4__tp00h__2__D4_0H_2_3__6e6e66cf02.jpg,invalida,nao,monolayer_nao_confluente,alta,Migração (PET e PEP) n3 - RAW||None||D4,0,2,89.432,HUVEC,,6e6e66cf02__HUVEC__Migra_o_PET_e_PEP_n3_-_RAW_None_D4__tp0h__D4_0H_2_3.tiff,imagem_invalida,nao_avaliavel,
99,_SEG_RUIM/_super,HUVEC__Migra_o_PET_e_PEP_n3_RAW_None_D4__tp08h__1__D4_8H_1_3__62cb1d4bdc.jpg,pegou a ferida e fora dela tambem,sim,contorno_fora_da_ferida,alta,Migração (PET e PEP) n3 - RAW||None||D4,8,1,42.402,HUVEC,,62cb1d4bdc__HUVEC__Migra_o_PET_e_PEP_n3_-_RAW_None_D4__tp8h__D4_8H_1_3.tiff,excesso,excesso,0.6720
100,_SEG_RUIM/_super,HUVEC__Migra_o_PET_e_PEP_n3_RAW_None_D4__tp08h__2__D4_8H_2_3__c07bc84c98.jpg,invalida,nao,monolayer_nao_confluente,alta,Migração (PET e PEP) n3 - RAW||None||D4,8,2,87.037,HUVEC,,c07bc84c98__HUVEC__Migra_o_PET_e_PEP_n3_-_RAW_None_D4__tp8h__D4_8H_2_3.tiff,imagem_invalida,excesso,0.8916
101,_SEG_RUIM/_super,HUVEC__Migra_o_PET_e_PEP_n3_RAW_None_D4__tp12h__1__D4_12H_1_3__db5f1d05ce.jpg,pegou a ferida e fora dela tambem,sim,contorno_fora_da_ferida,alta,Migração (PET e PEP) n3 - RAW||None||D4,12,1,72.64,HUVEC,,db5f1d05ce__HUVEC__Migra_o_PET_e_PEP_n3_-_RAW_None_D4__tp12h__D4_12H_1_3.tiff,excesso,excesso,0.5477
102,_SEG_RUIM/_super,HUVEC__Migra_o_PET_e_PEP_n3_RAW_None_D4__tp12h__2__D4_12H_2_3__de4591208a.jpg,invalida,nao,monolayer_nao_confluente,alta,Migração (PET e PEP) n3 - RAW||None||D4,12,2,89.506,HUVEC,,de4591208a__HUVEC__Migra_o_PET_e_PEP_n3_-_RAW_None_D4__tp12h__D4_12H_2_3.tiff,imagem_invalida,excesso,0.8872
103,_SEG_RUIM/_super,HUVEC__Migra_o_PET_e_PEP_n3_RAW_None_D4__tp24h__1__D4_24H_1_3__219024d892.jpg,pegou a ferida e fora dela tambem,sim,contorno_fora_da_ferida,alta,Migração (PET e PEP) n3 - RAW||None||D4,24,1,73.602,HUVEC,,219024d892__HUVEC__Migra_o_PET_e_PEP_n3_-_RAW_None_D4__tp24h__D4_24H_1_3.tiff,excesso,excesso,0.5349
104,_SEG_RUIM/_super,HUVEC__Originais_1_None_A1__tp00h__1__A1_0HR_1_2__acb23080b8.jpg,pegou a ferida e fora dela tambem,sim,contorno_fora_da_ferida,alta,Originais (1)||None||A1,0,1,38.19,HUVEC,,acb23080b8__HUVEC__Originais_1_None_A1__tp0h__A1_0HR_1_2.tiff,excesso,nao_avaliavel,
105,_SEG_RUIM/_super,HUVEC__Originais_1_None_A1__tp08h__1__A1_8HR_1_2__ba096361b8.jpg,pegou a ferida e fora dela tambem,sim,contorno_fora_da_ferida,alta,Originais (1)||None||A1,8,1,20.817,HUVEC,,ba096361b8__HUVEC__Originais_1_None_A1__tp8h__A1_8HR_1_2.tiff,excesso,excesso,0.7710
106,_SEG_RUIM/_super,HUVEC__Originais_1_None_A1__tp08h__2__A1_8HR_2_2__f9a5587463.jpg,pegou a ferida e fora dela tambem,sim,contorno_fora_da_ferida,alta,Originais (1)||None||A1,8,2,23.489,HUVEC,,f9a5587463__HUVEC__Originais_1_None_A1__tp8h__A1_8HR_2_2.tiff,excesso,excesso,0.6479
107,_SEG_RUIM/_super,HUVEC__Originais_1_None_A1__tp12h__1__A1_12HR_1_2__e8f27e802d.jpg,pegou a ferida e fora dela tambem,sim,contorno_fora_da_ferida,alta,Originais (1)||None||A1,12,1,48.008,HUVEC,,e8f27e802d__HUVEC__Originais_1_None_A1__tp12h__A1_12HR_1_2.tiff,excesso,excesso,0.5732
108,_SEG_RUIM/_super,HUVEC__Originais_1_None_A1__tp12h__2__A1_12HR_2_2__3bd025364d.jpg,pegou a ferida e fora dela tambem,sim,contorno_fora_da_ferida,alta,Originais (1)||None||A1,12,2,35.689,HUVEC,,3bd025364d__HUVEC__Originais_1_None_A1__tp12h__A1_12HR_2_2.tiff,excesso,deslocada,0.4202
109,_SEG_RUIM/_super,HUVEC__Originais_1_None_A1__tp24h__1__A1_24HR_1_2__7f4a54ced3.jpg,figura totalmente fechada,sim,ferida_ja_fechada,alta,Originais (1)||None||A1,24,1,64.502,HUVEC,,7f4a54ced3__HUVEC__Originais_1_None_A1__tp24h__A1_24HR_1_2.tiff,espuria_fechada,excesso,0.5668
110,_SEG_RUIM/_super,HUVEC__Originais_1_None_A1__tp24h__2__A1_24HR_2_2__0c9eecd4e4.jpg,figura totalmente fechada,sim,ferida_ja_fechada,alta,Originais (1)||None||A1,24,2,35.943,HUVEC,,0c9eecd4e4__HUVEC__Originais_1_None_A1__tp24h__A1_24HR_2_2.tiff,espuria_fechada,deslocada,0.3910
111,_SEG_RUIM/_super,HUVEC__Originais_1_None_A5__tp08h__1__A5_8HR_1_2__402aa9005a.jpg,pegou a ferida e fora dela tambem,sim,contorno_fora_da_ferida,alta,Originais (1)||None||A5,8,1,35.47,HUVEC,,402aa9005a__HUVEC__Originais_1_None_A5__tp8h__A5_8HR_1_2.tiff,excesso,deslocada,0.3891
112,_SEG_RUIM/_super,HUVEC__Originais_1_None_A5__tp08h__2__A5_8HR_2_2__b55011ddef.jpg,pegou a ferida e fora dela tambem,sim,contorno_fora_da_ferida,alta,Originais (1)||None||A5,8,2,22.277,HUVEC,,b55011ddef__HUVEC__Originais_1_None_A5__tp8h__A5_8HR_2_2.tiff,excesso,excesso,0.6227
113,_SEG_RUIM/_super,HUVEC__Originais_1_None_A5__tp12h__1__A5_12HR_1_2__1e53de2f60.jpg,pegou a ferida e fora dela tambem,sim,contorno_fora_da_ferida,alta,Originais (1)||None||A5,12,1,41.13,HUVEC,,1e53de2f60__HUVEC__Originais_1_None_A5__tp12h__A5_12HR_1_2.tiff,excesso,deslocada,0.3066
114,_SEG_RUIM/_super,HUVEC__Originais_1_None_A5__tp12h__2__A5_12HR_2_2__8380cf36f6.jpg,pegou a ferida e fora dela tambem,sim,contorno_fora_da_ferida,alta,Originais (1)||None||A5,12,2,18.376,HUVEC,,8380cf36f6__HUVEC__Originais_1_None_A5__tp12h__A5_12HR_2_2.tiff,excesso,excesso,0.6744
115,_SEG_RUIM/_super,HUVEC__Originais_1_None_A5__tp24h__1__A5_24HR_1_2__915659805f.jpg,figura totalmente fechada,sim,ferida_ja_fechada,alta,Originais (1)||None||A5,24,1,61.022,HUVEC,,915659805f__HUVEC__Originais_1_None_A5__tp24h__A5_24HR_1_2.tiff,espuria_fechada,deslocada,0.1906
116,_SEG_RUIM/_super,HUVEC__Originais_1_None_A5__tp24h__2__A5_24HR_2_2__1b7a6d4b5b.jpg,figura totalmente fechada,sim,ferida_ja_fechada,alta,Originais (1)||None||A5,24,2,50.977,HUVEC,,1b7a6d4b5b__HUVEC__Originais_1_None_A5__tp24h__A5_24HR_2_2.tiff,espuria_fechada,deslocada,0.2343
117,_SEG_RUIM/_super,HUVEC__Originais_1_None_B5__tp00h__2__B5_0HR_2_2__a27829f2e8.jpg,pegou a ferida e fora dela tambem,sim,contorno_fora_da_ferida,alta,Originais (1)||None||B5,0,2,22.321,HUVEC,,a27829f2e8__HUVEC__Originais_1_None_B5__tp0h__B5_0HR_2_2.tiff,excesso,nao_avaliavel,
118,_SEG_RUIM/_super,HUVEC__Originais_1_None_B5__tp08h__1__B5_8HR_1_2__b907ae85dd.jpg,pegou a ferida e fora dela tambem,sim,contorno_fora_da_ferida,alta,Originais (1)||None||B5,8,1,15.09,HUVEC,,b907ae85dd__HUVEC__Originais_1_None_B5__tp8h__B5_8HR_1_2.tiff,excesso,excesso,0.7126
119,_SEG_RUIM/_super,HUVEC__Originais_1_None_B5__tp08h__2__B5_8HR_2_2__dc452cba48.jpg,pegou a ferida e fora dela tambem,sim,contorno_fora_da_ferida,alta,Originais (1)||None||B5,8,2,17.072,HUVEC,,dc452cba48__HUVEC__Originais_1_None_B5__tp8h__B5_8HR_2_2.tiff,excesso,excesso,0.7807
120,_SEG_RUIM/_super,HUVEC__Originais_1_None_B5__tp12h__1__B5_12HR_1_2__a3e15c9ecc.jpg,pegou a ferida e fora dela tambem,sim,contorno_fora_da_ferida,alta,Originais (1)||None||B5,12,1,10.233,HUVEC,,a3e15c9ecc__HUVEC__Originais_1_None_B5__tp12h__B5_12HR_1_2.tiff,excesso,excesso,0.8984
121,_SEG_RUIM/_super,HUVEC__Originais_1_None_B5__tp12h__2__B5_12HR_2_2__0836fc4ee3.jpg,pegou a ferida e fora dela tambem,sim,contorno_fora_da_ferida,alta,Originais (1)||None||B5,12,2,15.976,HUVEC,,0836fc4ee3__HUVEC__Originais_1_None_B5__tp12h__B5_12HR_2_2.tiff,excesso,excesso,0.8356
122,_SEG_RUIM/_super,HUVEC__Originais_1_None_B5__tp24h__1__B5_24HR__67aac5fafc.jpg,figura totalmente fechada,sim,ferida_ja_fechada,alta,Originais (1)||None||B5,24,1,19.445,HUVEC,,67aac5fafc__HUVEC__Originais_1_None_B5__tp24h__B5_24HR.tiff,espuria_fechada,nao_avaliavel,
123,_SEG_RUIM/_super,HUVEC__Originais_1_None_D1__tp24h__1__D1_24HR_1_2__0bdbd51083.jpg,figura totalmente fechada,sim,ferida_ja_fechada,media,Originais (1)||None||D1,24,1,11.519,HUVEC,,0bdbd51083__HUVEC__Originais_1_None_D1__tp24h__D1_24HR_1_2.tiff,espuria_fechada,excesso,0.7894
124,_SEG_RUIM/_super,HUVEC__Pr_Ecl_mpsia_None_B6__tp12h__1__B6_12hr_1__15dfa1f8f7.jpg,pegou a ferida e fora dela tambem,sim,contorno_fora_da_ferida,alta,Pré-Eclâmpsia||None||B6,12,1,19.549,HUVEC,,15dfa1f8f7__HUVEC__Pr_-Ecl_mpsia_None_B6__tp12h__B6_12hr_1.tiff,excesso,deslocada,0.4506
125,_SEG_RUIM/_super,HUVEC__Pr_Ecl_mpsia_None_B6__tp12h__2__B6_12hr_2__447267f1f8.jpg,pegou a ferida e fora dela tambem,sim,contorno_fora_da_ferida,alta,Pré-Eclâmpsia||None||B6,12,2,49.34,HUVEC,,447267f1f8__HUVEC__Pr_-Ecl_mpsia_None_B6__tp12h__B6_12hr_2.tiff,excesso,nao_avaliavel,
126,_SEG_RUIM/_super,HUVEC__Pr_Ecl_mpsia_None_B6__tp24h__1__B6_24h_1__fbe637bf41.jpg,figura totalmente fechada,sim,ferida_ja_fechada,alta,Pré-Eclâmpsia||None||B6,24,1,0.274,HUVEC,,fbe637bf41__HUVEC__Pr_-Ecl_mpsia_None_B6__tp24h__B6_24h_1.tiff,espuria_fechada,espuria_fechada,0.0000
127,_SEG_RUIM/_super,HUVEC__Controle_Saudavel_None_B1__tp12h__1__B1_12hr_1__ba850ac4ac.jpg,pegou a ferida e fora dela tambem,sim,contorno_fora_da_ferida,alta,Saudável||None||B1,12,1,25.072,HUVEC,,ba850ac4ac__HUVEC__Controle+Saudavel_None_B1__tp12h__B1_12hr_1.tiff,excesso,excesso,0.5859
128,_SEG_RUIM/_super,HUVEC__originais_None_A1__tp00h__1__A1_0HR_1__b4e873c613.jpg,pegou a ferida e fora dela tambem,sim,contorno_fora_da_ferida,alta,originais||None||A1,0,1,12.494,HUVEC,,b4e873c613__HUVEC__originais_None_A1__tp0h__A1_0HR_1.tiff,excesso,nao_avaliavel,
129,_SEG_RUIM/_super,HUVEC__originais_None_A1__tp00h__2__A1_0HR_2__8bf826e872.jpg,pegou a ferida e fora dela tambem,sim,contorno_fora_da_ferida,alta,originais||None||A1,0,2,30.903,HUVEC,,8bf826e872__HUVEC__originais_None_A1__tp0h__A1_0HR_2.tiff,excesso,nao_avaliavel,
130,_SEG_RUIM/_super,HUVEC__originais_None_A1__tp08h__1__A1_8HR_1__19b5407474.jpg,pegou a ferida e fora dela tambem,sim,contorno_fora_da_ferida,alta,originais||None||A1,8,1,36.085,HUVEC,,19b5407474__HUVEC__originais_None_A1__tp8h__A1_8HR_1.tiff,excesso,deslocada,0.2563
131,_SEG_RUIM/_super,HUVEC__originais_None_A1__tp08h__2__A1_8HR_2__10c73cd55a.jpg,pegou a ferida e fora dela tambem,sim,contorno_fora_da_ferida,alta,originais||None||A1,8,2,43.687,HUVEC,,10c73cd55a__HUVEC__originais_None_A1__tp8h__A1_8HR_2.tiff,excesso,excesso,0.5971
132,_SEG_RUIM/_super,HUVEC__originais_None_A1__tp24h__2__A1_24HR_2__7d8b79a5ad.jpg,pegou a ferida e fora dela tambem,sim,contorno_fora_da_ferida,alta,originais||None||A1,24,2,14.11,HUVEC,,7d8b79a5ad__HUVEC__originais_None_A1__tp24h__A1_24HR_2.tiff,excesso,excesso,0.6459
133,_SEG_RUIM/_super,HUVEC__originais_None_A5__tp00h__1__A5_0HR_1__e4bb99f05d.jpg,pegou a ferida e fora dela tambem,sim,contorno_fora_da_ferida,alta,originais||None||A5,0,1,26.026,HUVEC,,e4bb99f05d__BASELINE__HUVEC__originais_None_A5__tp0h__A5_0HR_1.tiff,excesso,nao_avaliavel,
134,_SEG_RUIM/_super,HUVEC__originais_None_A5__tp08h__1__A5_8HR_1__a99d3e28ae.jpg,pegou a ferida e fora dela tambem,sim,contorno_fora_da_ferida,alta,originais||None||A5,8,1,67.754,HUVEC,,a99d3e28ae__HUVEC__originais_None_A5__tp8h__A5_8HR_1.tiff,excesso,deslocada,0.3730
135,_SEG_RUIM/_super,HUVEC__originais_None_A5__tp12h__1__A5_12HR_1__b83dc2f0a0.jpg,pegou a ferida e fora dela tambem,sim,contorno_fora_da_ferida,alta,originais||None||A5,12,1,22.582,HUVEC,,b83dc2f0a0__HUVEC__originais_None_A5__tp12h__A5_12HR_1.tiff,excesso,excesso,0.7056
136,_SEG_RUIM/_super,HUVEC__originais_None_A5__tp24h__1__A5_24HR_1__a7bed1b95d.jpg,pegou a ferida e fora dela tambem,sim,contorno_fora_da_ferida,alta,originais||None||A5,24,1,46.376,HUVEC,,a7bed1b95d__HUVEC__originais_None_A5__tp24h__A5_24HR_1.tiff,excesso,deslocada,0.4474
137,_SEG_RUIM/_super,HUVEC__originais_None_B5__tp00h__1__B5_0HR_1__bdd482f7dc.jpg,pegou a ferida e fora dela tambem,sim,contorno_fora_da_ferida,alta,originais||None||B5,0,1,75.491,HUVEC,,bdd482f7dc__HUVEC__originais_None_B5__tp0h__B5_0HR_1.tiff,excesso,nao_avaliavel,
138,_SEG_RUIM/_super,HUVEC__originais_None_B5__tp08h__2__B5_8HR_2__5402a99d17.jpg,pegou a ferida e fora dela tambem,sim,contorno_fora_da_ferida,alta,originais||None||B5,8,2,21.037,HUVEC,,5402a99d17__HUVEC__originais_None_B5__tp8h__B5_8HR_2.tiff,excesso,nao_avaliavel,
139,_SEG_RUIM/_super,HUVEC__originais_None_B5__tp12h__2__B5_12HR_2__c47de367f7.jpg,pegou a ferida e fora dela tambem,sim,contorno_fora_da_ferida,alta,originais||None||B5,12,2,15.404,HUVEC,,c47de367f7__HUVEC__originais_None_B5__tp12h__B5_12HR_2.tiff,excesso,nao_avaliavel,
140,_SEG_RUIM/_super,HUVEC__originais_None_B5__tp24h__1__B5_24HR_1__984fac6443.jpg,figura totalmente fechada,sim,ferida_ja_fechada,alta,originais||None||B5,24,1,40.204,HUVEC,,984fac6443__HUVEC__originais_None_B5__tp24h__B5_24HR_1.tiff,espuria_fechada,excesso,0.8620
141,_SEG_RUIM/_super,HUVEC__originais_None_D4__tp00h__1__D4_0HR_1__cd14eeaab0.jpg,pegou a ferida e fora dela tambem,sim,contorno_fora_da_ferida,alta,originais||None||D4,0,1,17.387,HUVEC,,cd14eeaab0__HUVEC__originais_None_D4__tp0h__D4_0HR_1.tiff,excesso,nao_avaliavel,
142,_SEG_RUIM/_super,HUVEC__originais_None_D4__tp12h__1__D4_12HR_1__32105a21ed.jpg,"duvida, invalidaria",nao,contorno_fora_da_ferida,media,originais||None||D4,12,1,15.77,HUVEC,,32105a21ed__HUVEC__originais_None_D4__tp12h__D4_12HR_1.tiff,imagem_invalida,excesso,0.6236
143,_SEG_RUIM/_super,HUVEC__originais_None_D4__tp12h__2__D4_12HR_2__bcc023dcdc.jpg,segmentação boa,nao,ok,alta,originais||None||D4,12,2,7.45,HUVEC,,bcc023dcdc__HUVEC__originais_None_D4__tp12h__D4_12HR_2.tiff,segmentacao_ok,excesso,0.7929
144,_SEG_RUIM/_super,HUVEC__originais_None_D4__tp24h__1__D4_24HR_1__f676cb2911.jpg,figura totalmente fechada,sim,ferida_ja_fechada,alta,originais||None||D4,24,1,3.316,HUVEC,,f676cb2911__HUVEC__originais_None_D4__tp24h__D4_24HR_1.tiff,espuria_fechada,espuria_fechada,0.0000
145,_SEG_RUIM/_super,HUVEC__originais_None_D4__tp24h__2__D4_24HR_2__3bb0ffa3c2.jpg,figura totalmente fechada,sim,ferida_ja_fechada,alta,originais||None||D4,24,2,0.449,HUVEC,,3bb0ffa3c2__HUVEC__originais_None_D4__tp24h__D4_24HR_2.tiff,espuria_fechada,espuria_fechada,0.3745
146,_SEG_RUIM/_super,SKOV-3__P1_CT_F10__tp48h__F10__Snap_10_2__b683f7cf68.jpg,figura totalmente fechada,sim,ferida_ja_fechada,alta,P1|CT|F10,48,F10,27.95,SKOV-3,,b683f7cf68__SKOV-3__P1_CT_F10__tp48h__Snap-10_2.tiff,espuria_fechada,excesso,0.6388
147,_SEG_RUIM/_super,SKOV-3__P1_CT_F8__tp24h__F8__Snap_09_2__1d20187a19.jpg,figura totalmente fechada,sim,ferida_ja_fechada,alta,P1|CT|F8,24,F8,39.505,SKOV-3,,1d20187a19__SKOV-3__P1_CT_F8__tp24h__Snap-09_2.tiff,espuria_fechada,deslocada,0.2571
148,_SEG_RUIM/_super,SKOV-3__P1_CT_F8__tp48h__F8__Snap_08_2__95925abdae.jpg,figura totalmente fechada,sim,ferida_ja_fechada,alta,P1|CT|F8,48,F8,75.984,SKOV-3,,95925abdae__SKOV-3__P1_CT_F8__tp48h__Snap-08_2.tiff,espuria_fechada,deslocada,0.4631
149,_SEG_RUIM/_super,SKOV-3__P1_GEO_PTX_F1__tp24h__F1__Snap_47_2__f0af91b428.jpg,pegou a ferida e fora dela tambem,sim,contorno_fora_da_ferida,alta,P1|GEO+PTX|F1,24,F1,48.583,SKOV-3,,f0af91b428__SKOV-3__P1_GEO+PTX_F1__tp24h__Snap-47_2.tiff,excesso,excesso,0.8399
150,_SEG_RUIM/_super,SKOV-3__P1_GEO_F11__tp24h__F11__Snap_42_2__aceb303f81.jpg,pegou fora da ferida,sim,contorno_fora_da_ferida,alta,P1|GEO|F11,24,F11,20.789,SKOV-3,,aceb303f81__SKOV-3__P1_GEO_F11__tp24h__Snap-42_2.tiff,deslocada,excesso,0.5345
151,_SEG_RUIM/_super,SKOV-3__P1_GEO_F11__tp48h__F11__Snap_42_2__1c257ba6ee.jpg,pegou fora da ferida,sim,contorno_fora_da_ferida,alta,P1|GEO|F11,48,F11,31.25,SKOV-3,,1c257ba6ee__SKOV-3__P1_GEO_F11__tp48h__Snap-42_2.tiff,deslocada,excesso,0.5891
152,_SEG_RUIM/_super,SKOV-3__P1_GEO_F6__tp24h__F6__Snap_37_2__d421258d9f.jpg,pegou fora da ferida,sim,contorno_fora_da_ferida,alta,P1|GEO|F6,24,F6,24.997,SKOV-3,,d421258d9f__SKOV-3__P1_GEO_F6__tp24h__Snap-37_2.tiff,deslocada,deslocada,0.4689
153,_SEG_RUIM/_super,SKOV-3__P1_GEO_F6__tp48h__F6__Snap_37_2__d96e0fc45b.jpg,pegou fora da ferida,sim,contorno_fora_da_ferida,alta,P1|GEO|F6,48,F6,40.782,SKOV-3,,d96e0fc45b__SKOV-3__P1_GEO_F6__tp48h__Snap-37_2.tiff,deslocada,excesso,0.6147
154,_SEG_RUIM/_super,SKOV-3__P2_CARBO_F9__tp48h__F9__Snap_25__0270d51969.jpg,figura totalmente fechada,sim,ferida_ja_fechada,alta,P2|CARBO|F9,48,F9,46.402,SKOV-3,,0270d51969__SKOV-3__P2_CARBO_F9__tp48h__Snap-25.tiff,espuria_fechada,deslocada,0.3236
155,_SEG_RUIM/_super,SKOV-3__P2_CT_F15__tp24h__F15__Snap_15__b42d83ed55.jpg,pegou a ferida e fora dela tambem,sim,contorno_fora_da_ferida,alta,P2|CT|F15,24,F15,34.584,SKOV-3,,b42d83ed55__SKOV-3__P2_CT_F15__tp24h__Snap-15.tiff,excesso,excesso,0.5827
156,_SEG_RUIM/_super,SKOV-3__P2_CT_F15__tp48h__F15__Snap_15__fd9cb2c695.jpg,figura totalmente fechada,sim,ferida_ja_fechada,alta,P2|CT|F15,48,F15,8.729,SKOV-3,,fd9cb2c695__SKOV-3__P2_CT_F15__tp48h__Snap-15.tiff,espuria_fechada,deslocada,0.0750
157,_SEG_RUIM/_super,SKOV-3__P2_CT_F9__tp48h__F9__Snap_09__bea62375f6.jpg,figura totalmente fechada,sim,ferida_ja_fechada,alta,P2|CT|F9,48,F9,37.761,SKOV-3,,bea62375f6__SKOV-3__P2_CT_F9__tp48h__Snap-09.tiff,espuria_fechada,deslocada,0.3058
158,_SEG_RUIM/_super,SKOV-3__P2_GEO_F8__tp00h__F8__Snap_39__81a85f25ae.jpg,invalida,nao,monolayer_nao_confluente,alta,P2|GEO|F8,0,F8,64.859,SKOV-3,,81a85f25ae__SKOV-3__P2_GEO_F8__tp0h__Snap-39.tiff,imagem_invalida,nao_avaliavel,
