sorted_basename,categoria,subtipo,cell_line,group_key,timepoint_h,campo,raw_file_original,raw_md5,whst_input_file,test_image,match_via,classe_validade,serie_padrao,serie_closure_plausivel,serie_decisao,excesso_rel,excesso_ref,na_lista_correcao,na_lista_revisao,contencao_t0,modo_falha,origem_categoria,motivo_operador,status_correcao
HUVEC__Controle_Saudavel_None_A1__tp12h__1__A1_12hr_1__121a1c1fcd.jpg,OK,,HUVEC,Controle+Saudavel||None||A1,12,1,A1 12hr 1.tiff,121a1c1fcdd25663857efd43b4ef24c6,121a1c1fcd__HUVEC__Controle+Saudavel_None_A1__tp12h__A1_12hr_1.tiff,A1 12hr 1_png.rf.hPnekH9tRkKoF84Y4HTD.png,nome,valida_ok,MISTO,nao,SEM_BASELINE_fora_pareada,,,nao,nao,,,triagem,,
HUVEC__Controle_Saudavel_None_A1__tp12h__2__A1_12hr_2__4912771227.jpg,SEG_RUIM,sub,HUVEC,Controle+Saudavel||None||A1,12,2,A1 12hr 2.tiff,4912771227906e99c3cd24dc28eb2f3a,4912771227__HUVEC__Controle+Saudavel_None_A1__tp12h__A1_12hr_2.tiff,A1 12HR 2_png.rf.6p7F3HADokVM7aGI7thQ.png,nome,falha_metodo_WHST,MISTO,nao,SEM_BASELINE_fora_pareada,,,nao,nao,,nao_avaliavel,triagem,"segmentação quase correta, faltou apenas uma parte",
HUVEC__Controle_Saudavel_None_A1__tp24h__1__A1_24h_1__7131dcbea1.jpg,SEG_RUIM,super,HUVEC,Controle+Saudavel||None||A1,24,1,A1 24h 1.tiff,7131dcbea1a4b025c35f6016b81eddb9,7131dcbea1__HUVEC__Controle+Saudavel_None_A1__tp24h__A1_24h_1.tiff,A1 24h 1_png.rf.TlQXP6CHdUFWS07zQImN.png,nome,falha_metodo_WHST,MISTO,nao,SEM_BASELINE_fora_pareada,-0.778,cond_ok,nao,nao,,nao_avaliavel,triagem,"pouco super, talvez totalmente fechada",
HUVEC__Controle_Saudavel_None_A1__tp24h__1__A1_24hr_1__d1683f117e.jpg,OK,,HUVEC,Controle+Saudavel||None||A1,24,1,A1 24hr 1.tiff,d1683f117e5cbfdcd13ee38e05881a57,d1683f117e__HUVEC__Controle+Saudavel_None_A1__tp24h__A1_24hr_1.tiff,A1 24hr 1_png.rf.LkrEN1mHJhJhYU2lmydg.png,nome,valida_ok,MISTO,nao,SEM_BASELINE_fora_pareada,,,nao,nao,,,triagem,,
HUVEC__Controle_Saudavel_None_A1__tp24h__2__A1_24h_2__852829b565.jpg,SEG_RUIM,super,HUVEC,Controle+Saudavel||None||A1,24,2,A1 24h 2.tiff,852829b5652d27118096fb126be18c26,852829b565__HUVEC__Controle+Saudavel_None_A1__tp24h__A1_24h_2.tiff,A1 24h 2_png.rf.o9mYSgMZsKvkMpLuHnpZ.png,nome,falha_metodo_WHST,MISTO,nao,SEM_BASELINE_fora_pareada,-0.550,irmao_campo,nao,nao,,nao_avaliavel,anotacao,figura parece fechada. Precisaria ver sem overlay para confirmar,
HUVEC__Controle_Saudavel_None_B1__tp00h__1__B1_0hr_1__0b6e433347.jpg,SEG_RUIM,super,HUVEC,Controle+Saudavel||None||B1,0,1,B1 0hr 1.tiff,0b6e4333472e7322fac217c4238550fb,0b6e433347__HUVEC__Controle+Saudavel_None_B1__tp0h__B1_0hr_1.tiff,B1 0hr 1_png.rf.HQmAp3GBzLOJSBnrI49n.png,nome,falha_metodo_WHST,CONSISTENTE_SUPER,sim,USAVEL_sem_correcao,,sem_referencia,nao,nao,,nao_avaliavel,triagem,pegou a ferida e fora dela tambem,ok
HUVEC__Controle_Saudavel_None_B1__tp00h__1__B1_0hr_1__821e5c649b.jpg,OK,,HUVEC,Controle+Saudavel||None||B1,0,1,B1 0hr_1.tiff,821e5c649bb92a7dce9ec749826a45fe,821e5c649b__HUVEC__Controle+Saudavel_None_B1__tp0h__B1_0hr_1.tiff,B1 0HR 1_png.rf.eIMkkfHeHfLEZ04ezC1L.png,nome,valida_ok,MISTO,sim,CORRIGIR_misto,,,nao,nao,,,triagem,,ok
HUVEC__Controle_Saudavel_None_B1__tp00h__2__B1_0hr_2__6a4edc8aeb.jpg,SEG_RUIM,super,HUVEC,Controle+Saudavel||None||B1,0,2,B1 0hr 2.tiff,6a4edc8aeb1645951e9848d3f2ededaa,6a4edc8aeb__HUVEC__Controle+Saudavel_None_B1__tp0h__B1_0hr_2.tiff,B1 0hr 2_png.rf.XjumgmgMNkQhrRGLEgFA.png,nome,falha_metodo_WHST,MISTO,nao,CORRIGIR_misto,,sem_referencia,sim,nao,,nao_avaliavel,triagem,pegou a ferida e fora dela tambem,ok
HUVEC__Controle_Saudavel_None_B1__tp00h__2__B1_0hr_2__cd7390ba07.jpg,OK,,HUVEC,Controle+Saudavel||None||B1,0,2,B1 0hr_2.tiff,cd7390ba077985c5c9d483a77b83e0f8,cd7390ba07__HUVEC__Controle+Saudavel_None_B1__tp0h__B1_0hr_2.tiff,B1 0hr_2_png.rf.wWUkB0l85vJDlD6q526J.png,nome,valida_ok,CONSISTENTE_OK,sim,USAVEL_sem_correcao,,,nao,nao,,,triagem,,
HUVEC__Controle_Saudavel_None_B1__tp08h__1__B1_8hr_1__379d95a8e1.jpg,SEG_RUIM,super,HUVEC,Controle+Saudavel||None||B1,8,1,B1 8hr 1.tiff,379d95a8e117631edb15eb53fcd14445,379d95a8e1__HUVEC__Controle+Saudavel_None_B1__tp8h__B1_8hr_1.tiff,B1 8hr 1_png.rf.xNkp4JfkmuylOQerzD1Q.png,nome,falha_metodo_WHST,CONSISTENTE_SUPER,sim,USAVEL_sem_correcao,-0.334,irmao_campo,nao,nao,0.8406,excesso,triagem,pegou a ferida e fora dela tambem,ok
HUVEC__Controle_Saudavel_None_B1__tp08h__2__B1_8hr_2__80b3243635.jpg,OK,,HUVEC,Controle+Saudavel||None||B1,8,2,B1 8hr 2.tiff,80b32436352d1ceaeeeb2bcf6c1b1845,80b3243635__HUVEC__Controle+Saudavel_None_B1__tp8h__B1_8hr_2.tiff,B1 8HR 2_png.rf.QKXzmdKQE41ccuWFgbwS.png,nome,valida_ok,MISTO,nao,CORRIGIR_misto,,,nao,nao,0.9142,,anotacao,pegou a ferida corretamente,
HUVEC__Controle_Saudavel_None_B1__tp12h__1__B1_12hr_1__62c9f5d9a5.jpg,SEG_RUIM,super,HUVEC,Controle+Saudavel||None||B1,12,1,B1 12hr 1.tiff,62c9f5d9a5e5d92c1b7fbe18ef869f68,62c9f5d9a5__HUVEC__Controle+Saudavel_None_B1__tp12h__B1_12hr_1.tiff,B1 12hr 1_png.rf.sRUPpw6VBKsEL7UWcuqg.png,nome,falha_metodo_WHST,CONSISTENTE_SUPER,sim,USAVEL_sem_correcao,0.067,cond_ok,nao,nao,0.7169,excesso,triagem,pegou a ferida e fora dela tambem,ok
HUVEC__Controle_Saudavel_None_B1__tp12h__1__B1_12hr_1__ba850ac4ac.jpg,SEG_RUIM,super,HUVEC,Controle+Saudavel||None||B1,12,1,B1 12hr_1.tiff,ba850ac4acb2e6a5f8ffc3feb46bf7c2,ba850ac4ac__HUVEC__Controle+Saudavel_None_B1__tp12h__B1_12hr_1.tiff,B1 12hr_1_png.rf.dB4OztvLmzVa4BGq5jCN.png,nome,falha_metodo_WHST,MISTO,sim,CORRIGIR_misto,,sem_referencia,sim,nao,0.5859,excesso,triagem,pegou a ferida e fora dela tambem,ok
HUVEC__Controle_Saudavel_None_B1__tp24h__1__B1_24hr_1__3bad7fe6bb.jpg,SEG_RUIM,sub,HUVEC,Controle+Saudavel||None||B1,24,1,B1 24hr 1.tiff,3bad7fe6bb361dbcbd71dcc9ecff1601,3bad7fe6bb__HUVEC__Controle+Saudavel_None_B1__tp24h__B1_24hr_1.tiff,B1 24hr 1_png.rf.wZriPsVdQe9B1XYh0ypQ.png,nome,falha_metodo_WHST,MISTO,sim,CORRIGIR_misto,,,sim,nao,0.9412,excesso,triagem,"segmentação quase correta, faltou apenas uma parte",ok
HUVEC__Controle_Saudavel_None_B1__tp24h__2__B1_24hr_2__92633214a0.jpg,OK,,HUVEC,Controle+Saudavel||None||B1,24,2,B1 24hr 2.tiff,92633214a01e800dfa28188a7900f0d2,92633214a0__HUVEC__Controle+Saudavel_None_B1__tp24h__B1_24hr_2.tiff,B1 24hr 2_png.rf.kOhjizJROLOCgNfM1IF5.png,nome,valida_ok,CONSISTENTE_OK,sim,USAVEL_sem_correcao,,,nao,nao,0.8983,,triagem,,
HUVEC__LUIS_RAW_PEP_E1__tp00h__1__E1_0H_1__aceb4fb866.jpg,OK,,HUVEC,LUIS RAW||PEP||E1,0,1,E1 0H 1.tiff,aceb4fb86664f12755703d6dcdf17254,aceb4fb866__HUVEC__LUIS_RAW_PEP_E1__tp0h__E1_0H_1.tiff,E1 0H 1_png.rf.O4klFnPAFBZQG7ZiiWoa.png,nome,valida_ok,MISTO,sim,CORRIGIR_misto,,,nao,nao,,,triagem,,ok
HUVEC__LUIS_RAW_PEP_E1__tp00h__2__E1_0H_2__31cbdfcc41.jpg,OK,,HUVEC,LUIS RAW||PEP||E1,0,2,E1 0H 2.tiff,31cbdfcc41e9982178e362d6476c2741,31cbdfcc41__HUVEC__LUIS_RAW_PEP_E1__tp0h__E1_0H_2.tiff,E1 0H 2_png.rf.dwk6Z6HVga7ttj23PmV9.png,nome,valida_ok,MISTO,sim,CORRIGIR_misto,,,nao,nao,,,triagem,,
HUVEC__LUIS_RAW_PEP_E1__tp08h__1__E1_8H_1__d1bcf749b2.jpg,OK,,HUVEC,LUIS RAW||PEP||E1,8,1,E1 8H 1.tiff,d1bcf749b2d29f5fa22b954a4bb9b5ef,d1bcf749b2__HUVEC__LUIS_RAW_PEP_E1__tp8h__E1_8H_1.tiff,E1 8H 1_png.rf.8l6bvVJjLSjiFIlOhJkG.png,nome,valida_ok,MISTO,sim,CORRIGIR_misto,,,nao,nao,0.9535,,triagem,,ok
HUVEC__LUIS_RAW_PEP_E1__tp08h__2__E1_8H_2__609fee8a39.jpg,SEG_RUIM,sub,HUVEC,LUIS RAW||PEP||E1,8,2,E1 8H 2.tiff,609fee8a39591eb3d07f8ff391372c4e,609fee8a39__HUVEC__LUIS_RAW_PEP_E1__tp8h__E1_8H_2.tiff,E1 8H 2_png.rf.5qtx5quA0obTJbOUZCxP.png,nome,falha_metodo_WHST,MISTO,sim,CORRIGIR_misto,,,sim,nao,0.4123,deslocada,triagem,"segmentação quase correta, faltou apenas uma parte",ok
HUVEC__LUIS_RAW_PEP_E1__tp12h__1__E1_12H_1__def3a0ea0f.jpg,OK,,HUVEC,LUIS RAW||PEP||E1,12,1,E1 12H 1.tiff,def3a0ea0f6e6aff1fc707be44a6b930,def3a0ea0f__HUVEC__LUIS_RAW_PEP_E1__tp12h__E1_12H_1.tiff,E1 12H 1_png.rf.MXhOPdUnNbYD4WTRbftP.png,nome,valida_ok,MISTO,sim,CORRIGIR_misto,,,nao,nao,1.0000,,correcao_manual,imagem está ruidosa mas daria para segmentar,ok
HUVEC__LUIS_RAW_PEP_E1__tp12h__2__E1_12H_2__6aac6703c3.jpg,OK,,HUVEC,LUIS RAW||PEP||E1,12,2,E1 12H 2.tiff,6aac6703c33d1335b926d06aa30cb4c3,6aac6703c3__HUVEC__LUIS_RAW_PEP_E1__tp12h__E1_12H_2.tiff,E1 12H 2_png.rf.GKeGTBMimaglOZhGi5n6.png,nome,valida_ok,MISTO,sim,CORRIGIR_misto,,,nao,nao,0.7017,,anotacao,segmentação correta,
HUVEC__LUIS_RAW_PEP_E1__tp24h__1__E1_24H_1__9ec02dd0f0.jpg,SEG_RUIM,super,HUVEC,LUIS RAW||PEP||E1,24,1,E1 24H 1.tiff,9ec02dd0f02f3c231b66dd8e63f7940c,9ec02dd0f0__HUVEC__LUIS_RAW_PEP_E1__tp24h__E1_24H_1.tiff,E1 24H 1_png.rf.JjdLiNmCus3kSa50aOeW.png,nome,falha_metodo_WHST,MISTO,sim,CORRIGIR_misto,,sem_referencia,sim,nao,0.2891,espuria_fechada,triagem,"pouco super, talvez totalmente fechada",fechada
HUVEC__LUIS_RAW_PEP_GB_A3__tp00h__1__A3_0H_1__9487facce2.jpg,IMG_INVALIDA,,HUVEC,LUIS RAW||PEP+GB||A3,0,1,A3 0H 1.tiff,9487facce26f319746061eaa884a9b82,9487facce2__HUVEC__LUIS_RAW_PEP+GB_A3__tp0h__A3_0H_1.tiff,A3 0H 1_png.rf.4oL1M95z5XQoppHkibCl.png,nome,invalidez_imagem,MISTO+INVALIDA,sim,CORRIGIR_misto,,,nao,sim,,,triagem,imagem ruidosa e com mancha no centro,
HUVEC__LUIS_RAW_PEP_GB_A3__tp00h__2__A3_0H_2__e3071d5205.jpg,SEG_RUIM,sub,HUVEC,LUIS RAW||PEP+GB||A3,0,2,A3 0H 2.tiff,e3071d520519d8314c4522cc9e74b015,e3071d5205__HUVEC__LUIS_RAW_PEP+GB_A3__tp0h__A3_0H_2.tiff,A3 0H 2_png.rf.QDCtQGDH1pznmeHT0BNJ.png,nome,falha_metodo_WHST,MISTO,sim,CORRIGIR_misto,,,sim,nao,,nao_avaliavel,triagem,segmentação pegou apenas uma parte,ok
HUVEC__LUIS_RAW_PEP_GB_A3__tp08h__1__A3_8H_1__a174960b96.jpg,SEG_RUIM,sub,HUVEC,LUIS RAW||PEP+GB||A3,8,1,A3 8H 1.tiff,a174960b96cd27ec39d28d3bf9d3c815,a174960b96__HUVEC__LUIS_RAW_PEP+GB_A3__tp8h__A3_8H_1.tiff,A3 8H 1_png.rf.d60KhXvDmSmp3Oia8S8T.png,nome,falha_metodo_WHST,MISTO+INVALIDA,sim,CORRIGIR_misto,,,sim,nao,0.0000,deslocada,triagem,"segmentação quase correta, faltou apenas uma parte",ok
HUVEC__LUIS_RAW_PEP_GB_A3__tp08h__2__A3_8H_2_2__e6ddc74913.jpg,OK,,HUVEC,LUIS RAW||PEP+GB||A3,8,2,A3 8H 2 (2).tiff,e6ddc74913bed0298633511481ec11bd,e6ddc74913__HUVEC__LUIS_RAW_PEP+GB_A3__tp8h__A3_8H_2_2.tiff,A3 8H 2_png.rf.B5nEx5FtZ9JTiEjZrHJb.png,nome,valida_ok,MISTO,sim,CORRIGIR_misto,,,nao,nao,0.2003,,triagem,,ok
HUVEC__LUIS_RAW_PEP_GB_A3__tp12h__1__A3_12H_1__cc55a9026b.jpg,SEG_RUIM,sub,HUVEC,LUIS RAW||PEP+GB||A3,12,1,A3 12H 1.tiff,cc55a9026b83ff7914aff0c8965ad423,cc55a9026b__HUVEC__LUIS_RAW_PEP+GB_A3__tp12h__A3_12H_1.tiff,A3 12H 1_png.rf.TU0BGVsD3XJqPwGYBsiu.png,nome,falha_metodo_WHST,MISTO+INVALIDA,sim,CORRIGIR_misto,,,sim,nao,0.0000,espuria_fechada,triagem,segmentação pegou apenas uma parte,ok
HUVEC__LUIS_RAW_PEP_GB_A3__tp12h__2__A3_12H_2__f8f76efe0c.jpg,SEG_RUIM,sub,HUVEC,LUIS RAW||PEP+GB||A3,12,2,A3 12H 2.tiff,f8f76efe0c1f56d4e6f7a5e91a612076,f8f76efe0c__HUVEC__LUIS_RAW_PEP+GB_A3__tp12h__A3_12H_2.tiff,A3 12H 2_png.rf.r5xe4JQ4Ecgyw1raWv4H.png,nome,falha_metodo_WHST,MISTO,sim,CORRIGIR_misto,,,sim,nao,0.1314,espuria_fechada,triagem,"segmentação quase correta, faltou apenas uma parte",ok
HUVEC__LUIS_RAW_PEP_GB_A3__tp24h__1__A3_24H_1__ff300c2862.jpg,SEG_RUIM,super,HUVEC,LUIS RAW||PEP+GB||A3,24,1,A3 24H 1.tiff,ff300c28622a820191e9bfd05bdc4288,ff300c2862__HUVEC__LUIS_RAW_PEP+GB_A3__tp24h__A3_24H_1.tiff,A3 24H 1_png.rf.tfdHOCRouEH53EDqy7G0.png,nome,falha_metodo_WHST,MISTO+INVALIDA,sim,CORRIGIR_misto,,sem_referencia,sim,nao,0.0000,espuria_fechada,triagem,totalmente fechada,fechada
HUVEC__LUIS_RAW_PEP_GB_A3__tp24h__2__A3_24H_2_2__545022361d.jpg,SEG_RUIM,super,HUVEC,LUIS RAW||PEP+GB||A3,24,2,A3 24H 2 (2).tiff,545022361d8bb7f94a3f7d49f75e8575,545022361d__HUVEC__LUIS_RAW_PEP+GB_A3__tp24h__A3_24H_2_2.tiff,A3 24H 2_png.rf.TOtRUqMkxCrasCpSjZKO.png,nome,falha_metodo_WHST,MISTO,sim,CORRIGIR_misto,,sem_referencia,sim,nao,0.0000,espuria_fechada,triagem,totalmente fechada,fechada
HUVEC__LUIS_RAW_PEP_MCC_B4__tp00h__1__B4_0H_1__c29dd8cd83.jpg,OK,,HUVEC,LUIS RAW||PEP+MCC||B4,0,1,B4 0H 1.tiff,c29dd8cd83e98dad88386800aeec69e4,c29dd8cd83__HUVEC__LUIS_RAW_PEP+MCC_B4__tp0h__B4_0H_1.tiff,B4 0H 1_png.rf.UkNByK7H1jadGiO9HCAd.png,nome,valida_ok,MISTO,nao,CORRIGIR_misto,,,nao,nao,,,triagem,,
HUVEC__LUIS_RAW_PEP_MCC_B4__tp00h__2__B4_0H_2__30d94f864c.jpg,IMG_INVALIDA,,HUVEC,LUIS RAW||PEP+MCC||B4,0,2,B4 0H 2.tiff,30d94f864c4c8ac7cb537ebb6a5656db,30d94f864c__HUVEC__LUIS_RAW_PEP+MCC_B4__tp0h__B4_0H_2.tiff,B4 0H 2_png.rf.rXION3PvUG9p2y5KH5ZG.png,nome,invalidez_imagem,MISTO+INVALIDA,nao,CORRIGIR_misto,,,nao,sim,,,anotacao,"imagem muito ruidosa, trataria como invalida",
HUVEC__LUIS_RAW_PEP_MCC_B4__tp08h__1__B4_8H_1__e0911e22cc.jpg,SEG_RUIM,super,HUVEC,LUIS RAW||PEP+MCC||B4,8,1,B4 8H 1.tiff,e0911e22cc0c3766c7bf9a8188c19dec,e0911e22cc__HUVEC__LUIS_RAW_PEP+MCC_B4__tp8h__B4_8H_1.tiff,B4 8H 1_png.rf.OVZZyofXQpVrU06rEdEV.png,nome,falha_metodo_WHST,MISTO,nao,CORRIGIR_misto,0.092,lote_ok,sim,nao,0.1549,deslocada,triagem,pegou a ferida e fora dela tambem,ok
HUVEC__LUIS_RAW_PEP_MCC_B4__tp08h__2__B4_8H_2__9f0a5a4a06.jpg,SEG_RUIM,sub,HUVEC,LUIS RAW||PEP+MCC||B4,8,2,B4 8H 2.tiff,9f0a5a4a0603d6a0c7d98c4e471e790c,9f0a5a4a06__HUVEC__LUIS_RAW_PEP+MCC_B4__tp8h__B4_8H_2.tiff,B4 8H 2_png.rf.ShxIhASvXw8lGbZkLgUb.png,nome,falha_metodo_WHST,MISTO+INVALIDA,nao,CORRIGIR_misto,,,sim,nao,0.0000,espuria_fechada,triagem,"segmentação quase correta, faltou apenas uma parte",ok
HUVEC__LUIS_RAW_PEP_MCC_B4__tp12h__1__B4_12H_1__46211a334d.jpg,SEG_RUIM,super,HUVEC,LUIS RAW||PEP+MCC||B4,12,1,B4 12H 1.tiff,46211a334db2a3c12857a28cb1201dc9,46211a334d__HUVEC__LUIS_RAW_PEP+MCC_B4__tp12h__B4_12H_1.tiff,B4 12H 1_png.rf.1ULnxID5MP426B41agfS.png,nome,falha_metodo_WHST,MISTO,nao,CORRIGIR_misto,-0.914,lote_ok,sim,nao,0.0000,espuria_fechada,anotacao,imagem tem uma mancha lateral mas a segmentação pegou fora do risco,ok
HUVEC__LUIS_RAW_PEP_MCC_B4__tp12h__2__B4_12H_2__9984e40df9.jpg,SEG_RUIM,super,HUVEC,LUIS RAW||PEP+MCC||B4,12,2,B4 12H 2.tiff,9984e40df9cce7c65fdeb304bb5fb87a,9984e40df9__HUVEC__LUIS_RAW_PEP+MCC_B4__tp12h__B4_12H_2.tiff,B4 12H 2_png.rf.BUDIsAimJHwizKA26kde.png,nome,falha_metodo_WHST,MISTO+INVALIDA,nao,CORRIGIR_misto,0.122,lote_ok,sim,nao,0.2132,deslocada,triagem,pegou a ferida e fora dela tambem,ok
HUVEC__LUIS_RAW_PEP_MCC_B4__tp24h__1__B4_24H_1_2__e31a26b3ae.jpg,SEG_RUIM,super,HUVEC,LUIS RAW||PEP+MCC||B4,24,1,B4 24H 1 (2).tiff,e31a26b3aee2db3b61e126e4448dbb30,e31a26b3ae__HUVEC__LUIS_RAW_PEP+MCC_B4__tp24h__B4_24H_1_2.tiff,B4 24H 1_png.rf.b60wYuoI9jxCKCHE2l9q.png,nome,falha_metodo_WHST,MISTO,nao,CORRIGIR_misto,,sem_referencia,sim,nao,0.1768,deslocada,triagem,pegou a ferida e fora dela tambem,ok
HUVEC__LUIS_RAW_PEP_MCC_B4__tp24h__2__B4_24H_2_2__1daac83e9d.jpg,SEG_RUIM,super,HUVEC,LUIS RAW||PEP+MCC||B4,24,2,B4 24H 2 (2).tiff,1daac83e9d8910fc3d86dd285018dc4d,1daac83e9d__HUVEC__LUIS_RAW_PEP+MCC_B4__tp24h__B4_24H_2_2.tiff,B4 24H 2_png.rf.Dy3NkPc0L9HXhRCtCbkW.png,nome,falha_metodo_WHST,MISTO+INVALIDA,nao,CORRIGIR_misto,,sem_referencia,sim,nao,0.0124,deslocada,triagem,totalmente fechada,fechada
HUVEC__LUIS_RAW_PEP_MET3_A6__tp00h__1__A6_0H_1__9f614303f3.jpg,IMG_INVALIDA,,HUVEC,LUIS RAW||PEP+MET3||A6,0,1,A6 0H 1.tiff,9f614303f3ee8f70907c7696c24b5974,9f614303f3__HUVEC__LUIS_RAW_PEP+MET3_A6__tp0h__A6_0H_1.tiff,A6 0H 1_png.rf.rKpcg4iYJ50H0XfmG98n.png,nome,invalidez_imagem,MISTO+INVALIDA,sim,CORRIGIR_misto,,,nao,sim,,,anotacao,"imagem muito ruidosa, trataria como invalida",
HUVEC__LUIS_RAW_PEP_MET3_A6__tp00h__2__A6_0H_2__161686180c.jpg,SEG_RUIM,sub,HUVEC,LUIS RAW||PEP+MET3||A6,0,2,A6 0H 2.tiff,161686180c3e9823ea4172c62c68eece,161686180c__HUVEC__LUIS_RAW_PEP+MET3_A6__tp0h__A6_0H_2.tiff,A6 0H 2_png.rf.xTjPOuBdGBBEAQh6qzcS.png,nome,falha_metodo_WHST,MISTO,sim,CORRIGIR_misto,,,sim,nao,,nao_avaliavel,triagem,segmentação pegou apenas uma parte,ok
HUVEC__LUIS_RAW_PEP_MET3_A6__tp08h__1__A6_8H_1__a66cba3317.jpg,OK,,HUVEC,LUIS RAW||PEP+MET3||A6,8,1,A6 8H 1.tiff,a66cba331776d7861bb1a969ec4c15c8,a66cba3317__HUVEC__LUIS_RAW_PEP+MET3_A6__tp8h__A6_8H_1.tiff,A6 8H 1_png.rf.0Ed4k50VKrxz80UdTuUb.png,nome,valida_ok,MISTO+INVALIDA,sim,CORRIGIR_misto,,,nao,nao,0.7609,,triagem,,
HUVEC__LUIS_RAW_PEP_MET3_A6__tp08h__2__A6_8H_2__226a0493b4.jpg,SEG_RUIM,super,HUVEC,LUIS RAW||PEP+MET3||A6,8,2,A6 8H 2.tiff,226a0493b402e0893c68bff8aa5e2747,226a0493b4__HUVEC__LUIS_RAW_PEP+MET3_A6__tp8h__A6_8H_2.tiff,A6 8H 2_png.rf.8H5VYogwRaw3bc7Ufnp7.png,nome,falha_metodo_WHST,MISTO,sim,CORRIGIR_misto,0.238,irmao_campo,sim,nao,0.0055,deslocada,triagem,pegou a ferida e fora dela tambem,ok
HUVEC__LUIS_RAW_PEP_MET3_A6__tp12h__1__A6_12H_1__628814a792.jpg,OK,,HUVEC,LUIS RAW||PEP+MET3||A6,12,1,A6 12H 1.tiff,628814a792129c58acc0a5c5c23dd4d3,628814a792__HUVEC__LUIS_RAW_PEP+MET3_A6__tp12h__A6_12H_1.tiff,A6 12H 1_png.rf.ttiuv3CjzGc6GvMTytlM.png,nome,valida_ok,MISTO+INVALIDA,sim,CORRIGIR_misto,,,nao,nao,0.4714,,triagem,,
HUVEC__LUIS_RAW_PEP_MET3_A6__tp12h__2__A6_12H_2__2e65d49d55.jpg,OK,,HUVEC,LUIS RAW||PEP+MET3||A6,12,2,A6 12H 2.tiff,2e65d49d5510e3363e4b0b3ca1db4f3d,2e65d49d55__HUVEC__LUIS_RAW_PEP+MET3_A6__tp12h__A6_12H_2.tiff,A6 12H 2_png.rf.bsoBQRnwC6AtJ5KRBKDv.png,nome,valida_ok,MISTO,sim,CORRIGIR_misto,,,nao,nao,0.0001,,triagem,,ok
HUVEC__LUIS_RAW_PEP_MET3_A6__tp24h__1__A6_24H_1__52cbd70f1b.jpg,SEG_RUIM,sub,HUVEC,LUIS RAW||PEP+MET3||A6,24,1,A6 24H 1.tiff,52cbd70f1b4926f20b93df9628485342,52cbd70f1b__HUVEC__LUIS_RAW_PEP+MET3_A6__tp24h__A6_24H_1.tiff,A6 24H 1_png.rf.nNdt9zlpThgANxpw0Afd.png,nome,falha_metodo_WHST,MISTO+INVALIDA,sim,CORRIGIR_misto,,,sim,nao,0.8385,excesso,triagem,"segmentação quase correta, faltou apenas uma parte",ok
HUVEC__LUIS_RAW_PEP_MET3_A6__tp24h__2__A6_24H_2__d2a741e45b.jpg,SEG_RUIM,sub,HUVEC,LUIS RAW||PEP+MET3||A6,24,2,A6 24H 2.tiff,d2a741e45bde1f55c3323d345c4bab54,d2a741e45b__HUVEC__LUIS_RAW_PEP+MET3_A6__tp24h__A6_24H_2.tiff,A6 24H 2_png.rf.fnzQMmHMSJJ6YxflXcKp.png,nome,falha_metodo_WHST,MISTO,sim,CORRIGIR_misto,,,sim,nao,0.0156,espuria_fechada,triagem,"segmentação quase correta, faltou apenas uma parte",ok
HUVEC__LUIS_RAW_PET_C5__tp00h__1__C5_0H_1__ec74f8f5fa.jpg,OK,,HUVEC,LUIS RAW||PET||C5,0,1,C5 0H 1.tiff,ec74f8f5fa5175a2c7f85a5c9d3ac330,ec74f8f5fa__HUVEC__LUIS_RAW_PET_C5__tp0h__C5_0H_1.tiff,C5 0H 1_png.rf.OdwF3vyzWYOgZ8CvxU5t.png,nome,valida_ok,MISTO,sim,CORRIGIR_misto,,,nao,nao,,,triagem,,ok
HUVEC__LUIS_RAW_PET_C5__tp08h__1__C5_8H_1__05932b157b.jpg,OK,,HUVEC,LUIS RAW||PET||C5,8,1,C5 8H 1.tiff,05932b157beca5be3b90800ff35cc03e,05932b157b__HUVEC__LUIS_RAW_PET_C5__tp8h__C5_8H_1.tiff,C5 8H 1_png.rf.m0k3TjlxKvLXDFhuBq52.png,nome,valida_ok,MISTO,sim,CORRIGIR_misto,,,nao,nao,0.2815,,triagem,,ok
HUVEC__LUIS_RAW_PET_C5__tp12h__1__C5_12H_1__30813da992.jpg,SEG_RUIM,super,HUVEC,LUIS RAW||PET||C5,12,1,C5 12H 1.tiff,30813da9920c01bcf8a648b2bbd238c3,30813da992__HUVEC__LUIS_RAW_PET_C5__tp12h__C5_12H_1.tiff,C5 12H 1_png.rf.OLiywuVh8Y6xj17HnU6e.png,nome,falha_metodo_WHST,MISTO,sim,CORRIGIR_misto,-0.420,cond_ok,sim,nao,0.3179,deslocada,triagem,pegou a ferida e fora dela tambem,ok
HUVEC__LUIS_RAW_PET_C5__tp12h__2__C5_12H_2__c5c9c83ff5.jpg,SEG_RUIM,super,HUVEC,LUIS RAW||PET||C5,12,2,C5 12H 2.tiff,c5c9c83ff5ae41c36f2964dba9355c45,c5c9c83ff5__HUVEC__LUIS_RAW_PET_C5__tp12h__C5_12H_2.tiff,C5 12H 2_png.rf.yGOWuMwCESVagvk7Q4HY.png,nome,falha_metodo_WHST,CONSISTENTE_SUPER+INVALIDA,sim,USAVEL_sem_correcao,-0.582,cond_ok,nao,nao,,nao_avaliavel,anotacao,"imagem na borda do poço, onde a segmentação pegou area fora da central",
HUVEC__LUIS_RAW_PET_F2__tp00h__1__F2_0H_1__125425d796.jpg,OK,,HUVEC,LUIS RAW||PET||F2,0,1,F2 0H 1.tiff,125425d79672aa9b85eb2c5e0cf1f006,125425d796__HUVEC__LUIS_RAW_PET_F2__tp0h__F2_0H_1.tiff,F2 0H 1_png.rf.zPl6vPkH5HpqtxJsWJxj.png,nome,valida_ok,CONSISTENTE_OK,sim,USAVEL_sem_correcao,,,nao,nao,,,triagem,,
HUVEC__LUIS_RAW_PET_F2__tp08h__2__F2_8H_2__ab1e438082.jpg,SEG_RUIM,super,HUVEC,LUIS RAW||PET||F2,8,2,F2 8H 2.tiff,ab1e4380821be96d0d306a67a399f2c2,ab1e438082__HUVEC__LUIS_RAW_PET_F2__tp8h__F2_8H_2.tiff,F2 8H 2_png.rf.dUFZVFJ0aVESmoGKjJ05.png,nome,falha_metodo_WHST,CONSISTENTE_SUPER+INVALIDA,nao,CORRIGIR_consistente_implausivel,-0.058,cond_ok,sim,nao,,nao_avaliavel,triagem,pegou a ferida e fora dela tambem mas faltou uma parte. Seria sub.,
HUVEC__LUIS_RAW_PET_F2__tp12h__1__F2_12H_1__7e12b751cc.jpg,OK,,HUVEC,LUIS RAW||PET||F2,12,1,F2 12H 1.tiff,7e12b751cc64b9812e9919f34efaac90,7e12b751cc__HUVEC__LUIS_RAW_PET_F2__tp12h__F2_12H_1.tiff,F2 12H 1_png.rf.h05DU2gxBlXL6JdotHmg.png,nome,valida_ok,CONSISTENTE_OK,sim,USAVEL_sem_correcao,,,nao,nao,0.4156,,anotacao,pegou corretamente,
HUVEC__LUIS_RAW_PET_F2__tp12h__2__F2_12H_2__be0b2a74bf.jpg,SEG_RUIM,super,HUVEC,LUIS RAW||PET||F2,12,2,F2 12H 2.tiff,be0b2a74bfbca0f47e9eb07f0a7ef08f,be0b2a74bf__HUVEC__LUIS_RAW_PET_F2__tp12h__F2_12H_2.tiff,F2 12H 2_png.rf.2goGI5xvDCGG2PJZ8Its.png,nome,falha_metodo_WHST,CONSISTENTE_SUPER+INVALIDA,nao,CORRIGIR_consistente_implausivel,0.080,irmao_campo,sim,nao,,nao_avaliavel,triagem,pegou a ferida e fora dela tambem mas faltou uma parte,
HUVEC__Migra_o_PET_e_PEP_n1_RAW_PEP_NEB_5uM_D4__tp00h__1__D4_0H_1__eeb18a29d8.jpg,SEG_RUIM,super,HUVEC,Migração (PET e PEP) n1 - RAW||PEP + NEB 5uM||D4,0,1,D4 0H 1.tiff,eeb18a29d8cb4364cb39000ba72a4dc9,eeb18a29d8__HUVEC__Migra_o_PET_e_PEP_n1_-_RAW_PEP_+_NEB_5uM_D4__tp0h__D4_0H_1.tiff,D4 0H 1_png.rf.hIDWQ46StqSUcKyGmBYY.png,nome,falha_metodo_WHST,CONSISTENTE_SUPER+INVALIDA,sim,USAVEL_sem_correcao,,sem_referencia,nao,nao,,nao_avaliavel,triagem,pegou a ferida e fora dela tambem,ok
HUVEC__Migra_o_PET_e_PEP_n1_RAW_PEP_NEB_5uM_D4__tp00h__2__D4_0H_2__876603b483.jpg,SEG_RUIM,super,HUVEC,Migração (PET e PEP) n1 - RAW||PEP + NEB 5uM||D4,0,2,D4 0H 2.tiff,876603b4832def7bb1a6e851ad83bba3,876603b483__HUVEC__Migra_o_PET_e_PEP_n1_-_RAW_PEP_+_NEB_5uM_D4__tp0h__D4_0H_2.tiff,D4 0H 2_png.rf.7RFXNZEElcEIxiB134la.png,nome,falha_metodo_WHST,CONSISTENTE_SUPER+INVALIDA,sim,USAVEL_sem_correcao,,sem_referencia,nao,nao,,nao_avaliavel,triagem,pegou a ferida e fora dela tambem,ok
HUVEC__Migra_o_PET_e_PEP_n1_RAW_PEP_NEB_5uM_D4__tp08h__1__D4_8H_1__4826c4f4b8.jpg,IMG_INVALIDA,,HUVEC,Migração (PET e PEP) n1 - RAW||PEP + NEB 5uM||D4,8,1,D4 8H 1.tiff,4826c4f4b8171cc0f470fb4939503c86,4826c4f4b8__HUVEC__Migra_o_PET_e_PEP_n1_-_RAW_PEP_+_NEB_5uM_D4__tp8h__D4_8H_1.tiff,D4 8H 1_png.rf.a8mANb97avVu4hPsbo7a.png,nome,invalidez_imagem,CONSISTENTE_SUPER+INVALIDA,sim,USAVEL_sem_correcao,,,nao,sim,0.7200,excesso,correcao_manual,pegou a ferida e fora dela tambem,invalida
HUVEC__Migra_o_PET_e_PEP_n1_RAW_PEP_NEB_5uM_D4__tp08h__2__D4_8H_2__67ffbd1e7d.jpg,SEG_RUIM,super,HUVEC,Migração (PET e PEP) n1 - RAW||PEP + NEB 5uM||D4,8,2,D4 8H 2.tiff,67ffbd1e7d6f24f278608310a20c7cc6,67ffbd1e7d__HUVEC__Migra_o_PET_e_PEP_n1_-_RAW_PEP_+_NEB_5uM_D4__tp8h__D4_8H_2.tiff,D4 8H 2_png.rf.mnoVDerLhE6PpOQcbUog.png,nome,falha_metodo_WHST,CONSISTENTE_SUPER+INVALIDA,sim,USAVEL_sem_correcao,,sem_referencia,nao,nao,0.9830,excesso,triagem,pegou a ferida e fora dela tambem,ok
HUVEC__Migra_o_PET_e_PEP_n1_RAW_PEP_NEB_5uM_D4__tp12h__1__D4_12H_1__df5b31f84c.jpg,SEG_RUIM,super,HUVEC,Migração (PET e PEP) n1 - RAW||PEP + NEB 5uM||D4,12,1,D4 12H 1.tiff,df5b31f84c26c05fb3165ff9ca7aa6a1,df5b31f84c__HUVEC__Migra_o_PET_e_PEP_n1_-_RAW_PEP_+_NEB_5uM_D4__tp12h__D4_12H_1.tiff,D4 12H 1_png.rf.rmwAgsyRm1ZzZ55GuiPB.png,nome,falha_metodo_WHST,CONSISTENTE_SUPER+INVALIDA,sim,USAVEL_sem_correcao,,sem_referencia,nao,nao,0.7716,excesso,triagem,pegou a ferida e fora dela tambem,ok
HUVEC__Migra_o_PET_e_PEP_n1_RAW_PEP_NEB_5uM_D4__tp12h__2__D4_12H_2__d4aba0cc0b.jpg,SEG_RUIM,super,HUVEC,Migração (PET e PEP) n1 - RAW||PEP + NEB 5uM||D4,12,2,D4 12H 2.tiff,d4aba0cc0b394929812dc86ca97afe1d,d4aba0cc0b__HUVEC__Migra_o_PET_e_PEP_n1_-_RAW_PEP_+_NEB_5uM_D4__tp12h__D4_12H_2.tiff,D4 12H 2_png.rf.txyJ67o8LXpC3sVtUoTH.png,nome,falha_metodo_WHST,CONSISTENTE_SUPER+INVALIDA,sim,USAVEL_sem_correcao,,sem_referencia,nao,nao,0.9872,excesso,triagem,pegou a ferida e fora dela tambem,ok
HUVEC__Migra_o_PET_e_PEP_n1_RAW_PEP_NEB_5uM_D4__tp24h__1__D4_24H_1__d8240f29e1.jpg,IMG_INVALIDA,,HUVEC,Migração (PET e PEP) n1 - RAW||PEP + NEB 5uM||D4,24,1,D4 24H 1.tiff,d8240f29e15ee3f8acd5daf33947b7f0,d8240f29e1__HUVEC__Migra_o_PET_e_PEP_n1_-_RAW_PEP_+_NEB_5uM_D4__tp24h__D4_24H_1.tiff,D4 24H 1_png.rf.4NmTRoRHXyugKUw10i8s.png,nome,invalidez_imagem,CONSISTENTE_SUPER+INVALIDA,sim,USAVEL_sem_correcao,,,nao,sim,0.7305,,anotacao,"imagem ruidosa, trataria como invalida",
HUVEC__Migra_o_PET_e_PEP_n1_RAW_PEP_NEB_5uM_D4__tp24h__2__D4_24H_2__9f5991f031.jpg,IMG_INVALIDA,,HUVEC,Migração (PET e PEP) n1 - RAW||PEP + NEB 5uM||D4,24,2,D4 24H 2.tiff,9f5991f031efc2df76fe9c3fcab5f908,9f5991f031__HUVEC__Migra_o_PET_e_PEP_n1_-_RAW_PEP_+_NEB_5uM_D4__tp24h__D4_24H_2.tiff,D4 24H 2_png.rf.RklTkqfkG2jxmrJIVlDw.png,nome,invalidez_imagem,CONSISTENTE_SUPER+INVALIDA,sim,USAVEL_sem_correcao,,,nao,sim,0.9524,,anotacao,"imagem ruidosa, trataria como invalida",
HUVEC__Migra_o_PET_e_PEP_n1_RAW_PET_NEB_1uM_C5__tp00h__1__C5_0H_1_2__4d1c387ecc.jpg,SEG_RUIM,super,HUVEC,Migração (PET e PEP) n1 - RAW||PET + NEB 1uM||C5,0,1,C5 0H 1 (2).tiff,4d1c387ecc9648203c3a9589f2f1e946,4d1c387ecc__HUVEC__Migra_o_PET_e_PEP_n1_-_RAW_PET_+_NEB_1uM_C5__tp0h__C5_0H_1_2.tiff,C5 0H 1_png.rf.qfmzlYXXLFM1UbctuHo5.png,nome,falha_metodo_WHST,CONSISTENTE_SUPER+INVALIDA,sim,USAVEL_sem_correcao,,sem_referencia,nao,nao,,nao_avaliavel,triagem,pegou a ferida e fora dela tambem,ok
HUVEC__Migra_o_PET_e_PEP_n1_RAW_PET_NEB_1uM_C5__tp00h__2__C5_0H_2_2__cf9152592e.jpg,SEG_RUIM,super,HUVEC,Migração (PET e PEP) n1 - RAW||PET + NEB 1uM||C5,0,2,C5 0H 2 (2).tiff,cf9152592ee78a6381d54317c43c9ec7,cf9152592e__HUVEC__Migra_o_PET_e_PEP_n1_-_RAW_PET_+_NEB_1uM_C5__tp0h__C5_0H_2_2.tiff,C5 0H 2_png.rf.UQiYCwrvqp79phsQH2z3.png,nome,falha_metodo_WHST,CONSISTENTE_SUPER+INVALIDA,sim,USAVEL_sem_correcao,,sem_referencia,nao,nao,,nao_avaliavel,triagem,pegou a ferida e fora dela tambem,
HUVEC__Migra_o_PET_e_PEP_n1_RAW_PET_NEB_1uM_C5__tp08h__1__C5_8H_1_2__c942b61a06.jpg,SEG_RUIM,super,HUVEC,Migração (PET e PEP) n1 - RAW||PET + NEB 1uM||C5,8,1,C5 8H 1 (2).tiff,c942b61a0686ec36a334c9d187101116,c942b61a06__HUVEC__Migra_o_PET_e_PEP_n1_-_RAW_PET_+_NEB_1uM_C5__tp8h__C5_8H_1_2.tiff,C5 8H 1_png.rf.QRwHfTeZ3iXOWs30KZOS.png,nome,falha_metodo_WHST,CONSISTENTE_SUPER+INVALIDA,sim,USAVEL_sem_correcao,,sem_referencia,nao,nao,0.5958,excesso,triagem,pegou a ferida e fora dela tambem,ok
HUVEC__Migra_o_PET_e_PEP_n1_RAW_PET_NEB_1uM_C5__tp08h__2__C5_8H_2_2__77136aab22.jpg,SEG_RUIM,super,HUVEC,Migração (PET e PEP) n1 - RAW||PET + NEB 1uM||C5,8,2,C5 8H 2 (2).tiff,77136aab227c00d6895a75b4d903ba03,77136aab22__HUVEC__Migra_o_PET_e_PEP_n1_-_RAW_PET_+_NEB_1uM_C5__tp8h__C5_8H_2_2.tiff,C5 8H 2_png.rf.Su3UAyP9dztNqZtfn0u1.png,nome,falha_metodo_WHST,CONSISTENTE_SUPER+INVALIDA,sim,USAVEL_sem_correcao,,sem_referencia,nao,nao,0.8628,excesso,triagem,pegou a ferida e fora dela tambem,
HUVEC__Migra_o_PET_e_PEP_n1_RAW_PET_NEB_1uM_C5__tp12h__1__C5_12H_1_2__2f5428b547.jpg,SEG_RUIM,super,HUVEC,Migração (PET e PEP) n1 - RAW||PET + NEB 1uM||C5,12,1,C5 12H 1 (2).tiff,2f5428b547c163fea5537bc583d7f06b,2f5428b547__HUVEC__Migra_o_PET_e_PEP_n1_-_RAW_PET_+_NEB_1uM_C5__tp12h__C5_12H_1_2.tiff,C5 12H 1_png.rf.eqPnAQCG5aI0rvfthMNV.png,nome,falha_metodo_WHST,CONSISTENTE_SUPER+INVALIDA,sim,USAVEL_sem_correcao,,sem_referencia,nao,nao,0.7962,excesso,triagem,pegou a ferida e fora dela tambem,ok
HUVEC__Migra_o_PET_e_PEP_n1_RAW_PET_NEB_1uM_C5__tp12h__2__C5_12H_2_2__b248b322dd.jpg,SEG_RUIM,super,HUVEC,Migração (PET e PEP) n1 - RAW||PET + NEB 1uM||C5,12,2,C5 12H 2 (2).tiff,b248b322ddefc63840db47eee55c19a9,b248b322dd__HUVEC__Migra_o_PET_e_PEP_n1_-_RAW_PET_+_NEB_1uM_C5__tp12h__C5_12H_2_2.tiff,C5 12H 2_png.rf.oLP5pb7BztRNGjNEDlAS.png,nome,falha_metodo_WHST,CONSISTENTE_SUPER+INVALIDA,sim,USAVEL_sem_correcao,,sem_referencia,nao,nao,0.7548,excesso,triagem,pegou a ferida e fora dela tambem,
HUVEC__Migra_o_PET_e_PEP_n1_RAW_PET_NEB_1uM_C5__tp24h__1__C5_24H_1_2__6af51551c0.jpg,IMG_INVALIDA,,HUVEC,Migração (PET e PEP) n1 - RAW||PET + NEB 1uM||C5,24,1,C5 24H 1 (2).tiff,6af51551c02ea4e17af8e73e3fb436b6,6af51551c0__HUVEC__Migra_o_PET_e_PEP_n1_-_RAW_PET_+_NEB_1uM_C5__tp24h__C5_24H_1_2.tiff,C5 24H 1_png.rf.GRabFdMEvh7NdJQw7srC.png,nome,invalidez_imagem,CONSISTENTE_SUPER+INVALIDA,sim,USAVEL_sem_correcao,,,nao,sim,0.4833,,anotacao,"imagem ruidosa, trataria como invalida",
HUVEC__Migra_o_PET_e_PEP_n1_RAW_PET_NEB_1uM_C5__tp24h__2__C5_24H_2_2__17691aa585.jpg,IMG_INVALIDA,,HUVEC,Migração (PET e PEP) n1 - RAW||PET + NEB 1uM||C5,24,2,C5 24H 2 (2).tiff,17691aa585e823a0582131bb0782c945,17691aa585__HUVEC__Migra_o_PET_e_PEP_n1_-_RAW_PET_+_NEB_1uM_C5__tp24h__C5_24H_2_2.tiff,C5 24H 2_png.rf.1BqtMMJEWOuzOCOM43Zl.png,nome,invalidez_imagem,CONSISTENTE_SUPER+INVALIDA,sim,USAVEL_sem_correcao,,,nao,sim,0.6662,,anotacao,"imagem ruidosa, trataria como invalida",
HUVEC__Migra_o_PET_e_PEP_n2_RAW_PEP_A2__tp00h__2__A2_0H_2_2__dd8ad98535.jpg,OK,,HUVEC,Migração (PET e PEP) n2 - RAW||PEP||A2,0,2,A2 0H 2 (2).tiff,dd8ad9853582e90e6c68a881d279ef39,dd8ad98535__HUVEC__Migra_o_PET_e_PEP_n2_-_RAW_PEP_A2__tp0h__A2_0H_2_2.tiff,A2 0H 2_png.rf.wLkBHcGvevKm0A73Vxcz.png,nome,valida_ok,MISTO,sim,CORRIGIR_misto,,,nao,nao,,,triagem,,ok
HUVEC__Migra_o_PET_e_PEP_n2_RAW_PEP_A2__tp08h__1__A2_8H_1_2__ff629ecc3f.jpg,IMG_INVALIDA,,HUVEC,Migração (PET e PEP) n2 - RAW||PEP||A2,8,1,A2 8H 1 (2).tiff,ff629ecc3f83a968345de2bf80570b69,ff629ecc3f__HUVEC__Migra_o_PET_e_PEP_n2_-_RAW_PEP_A2__tp8h__A2_8H_1_2.tiff,A2 8H 1_png.rf.xvZ2Owwq7kfNeQBUdLj1.png,nome,invalidez_imagem,CONSISTENTE_SUPER+INVALIDA,nao,CORRIGIR_consistente_implausivel,,,nao,sim,,,anotacao,"imagem ruidosa, segmentação dificil",
HUVEC__Migra_o_PET_e_PEP_n2_RAW_PEP_A2__tp08h__2__A2_8H_2_3__ee865b4881.jpg,SEG_RUIM,super,HUVEC,Migração (PET e PEP) n2 - RAW||PEP||A2,8,2,A2 8H 2 (3).tiff,ee865b48813e416cdf8b625bd8757fbc,ee865b4881__HUVEC__Migra_o_PET_e_PEP_n2_-_RAW_PEP_A2__tp8h__A2_8H_2_3.tiff,A2 8H 2_png.rf.7oLJskKDBKhwtDpwzZqy.png,nome,falha_metodo_WHST,MISTO,sim,CORRIGIR_misto,0.388,lote_ok,sim,nao,0.4958,deslocada,triagem,pegou a ferida e fora dela tambem,ok
HUVEC__Migra_o_PET_e_PEP_n2_RAW_PEP_A2__tp12h__1__A2_12H_1_2__bec6037b38.jpg,SEG_RUIM,super,HUVEC,Migração (PET e PEP) n2 - RAW||PEP||A2,12,1,A2 12H 1 (2).tiff,bec6037b38d89e6a8c68001fe1c5a8af,bec6037b38__HUVEC__Migra_o_PET_e_PEP_n2_-_RAW_PEP_A2__tp12h__A2_12H_1_2.tiff,A2 12H 1_png.rf.xnmVBn7WXmT4yiy3UMlx.png,nome,falha_metodo_WHST,CONSISTENTE_SUPER+INVALIDA,nao,CORRIGIR_consistente_implausivel,,sem_referencia,sim,nao,,nao_avaliavel,triagem,pegou a ferida e fora dela tambem,
HUVEC__Migra_o_PET_e_PEP_n2_RAW_PEP_A2__tp12h__2__A2_12H_2_2__267a4a1f3f.jpg,SEG_RUIM,super,HUVEC,Migração (PET e PEP) n2 - RAW||PEP||A2,12,2,A2 12H 2 (2).tiff,267a4a1f3f1bf01177b6da974b0a9bfc,267a4a1f3f__HUVEC__Migra_o_PET_e_PEP_n2_-_RAW_PEP_A2__tp12h__A2_12H_2_2.tiff,A2 12H 2_png.rf.N7tpAQyq0PEGrhaTGLJT.png,nome,falha_metodo_WHST,MISTO,sim,CORRIGIR_misto,,sem_referencia,sim,nao,0.3926,deslocada,triagem,pegou a ferida e fora dela tambem,ok
HUVEC__Migra_o_PET_e_PEP_n2_RAW_PEP_A2__tp24h__1__A2_24H_1_3__294bd4aad2.jpg,SEG_RUIM,super,HUVEC,Migração (PET e PEP) n2 - RAW||PEP||A2,24,1,A2 24H 1 (3).tiff,294bd4aad25bc69ef7f55aaf4fcdbaa0,294bd4aad2__HUVEC__Migra_o_PET_e_PEP_n2_-_RAW_PEP_A2__tp24h__A2_24H_1_3.tiff,A2 24H 1_png.rf.EFavmtKTLhhnJThESvF0.png,nome,falha_metodo_WHST,CONSISTENTE_SUPER+INVALIDA,nao,CORRIGIR_consistente_implausivel,,sem_referencia,sim,nao,,nao_avaliavel,triagem,pegou a ferida e fora dela tambem,
HUVEC__Migra_o_PET_e_PEP_n2_RAW_PEP_A2__tp24h__2__A2_24H_2_3__8c3064543d.jpg,SEG_RUIM,super,HUVEC,Migração (PET e PEP) n2 - RAW||PEP||A2,24,2,A2 24H 2 (3).tiff,8c3064543dcecf92d9b088612e6278eb,8c3064543d__HUVEC__Migra_o_PET_e_PEP_n2_-_RAW_PEP_A2__tp24h__A2_24H_2_3.tiff,A2 24H 2_png.rf.E5xmaghZdqaoko8wlaZh.png,nome,falha_metodo_WHST,MISTO,sim,CORRIGIR_misto,,sem_referencia,sim,nao,0.4002,deslocada,triagem,pegou a ferida e fora dela tambem,ok
HUVEC__Migra_o_PET_e_PEP_n2_RAW_PEP_NEB_1uM_B1__tp00h__1__B1_0H_1_2__2b7fcfc602.jpg,OK,,HUVEC,Migração (PET e PEP) n2 - RAW||PEP + NEB 1uM||B1,0,1,B1 0H 1 (2).tiff,2b7fcfc602bab67666e84297f6a337ed,2b7fcfc602__HUVEC__Migra_o_PET_e_PEP_n2_-_RAW_PEP_+_NEB_1uM_B1__tp0h__B1_0H_1_2.tiff,B1 0H 1_png.rf.j3ckb2OmuPoN1D2ZNrsL.png,nome,valida_ok,MISTO,sim,CORRIGIR_misto,,,nao,nao,,,triagem,,ok
HUVEC__Migra_o_PET_e_PEP_n2_RAW_PEP_NEB_1uM_B1__tp00h__2__B1_0H_2_2__fcc8ab6862.jpg,OK,,HUVEC,Migração (PET e PEP) n2 - RAW||PEP + NEB 1uM||B1,0,2,B1 0H 2 (2).tiff,fcc8ab68621556f37ee5951b575efe1c,fcc8ab6862__HUVEC__Migra_o_PET_e_PEP_n2_-_RAW_PEP_+_NEB_1uM_B1__tp0h__B1_0H_2_2.tiff,B1 0H 2_png.rf.M9qDqnfqVRQAN3kixv3Y.png,nome,valida_ok,MISTO+INVALIDA,sim,CORRIGIR_misto,,,nao,nao,,,triagem,,ok
HUVEC__Migra_o_PET_e_PEP_n2_RAW_PEP_NEB_1uM_B1__tp08h__1__B1_8H_1_2__7be1c29792.jpg,SEG_RUIM,super,HUVEC,Migração (PET e PEP) n2 - RAW||PEP + NEB 1uM||B1,8,1,B1 8H 1 (2).tiff,7be1c29792303a128799be274a816029,7be1c29792__HUVEC__Migra_o_PET_e_PEP_n2_-_RAW_PEP_+_NEB_1uM_B1__tp8h__B1_8H_1_2.tiff,B1 8H 1_png.rf.fqDTrXJGtwGnRUswH16c.png,nome,falha_metodo_WHST,MISTO,sim,CORRIGIR_misto,0.204,irmao_campo,sim,nao,0.4525,deslocada,triagem,pegou a ferida e fora dela tambem,ok
HUVEC__Migra_o_PET_e_PEP_n2_RAW_PEP_NEB_1uM_B1__tp08h__2__B1_8H_2_2__0b9742f9a3.jpg,OK,,HUVEC,Migração (PET e PEP) n2 - RAW||PEP + NEB 1uM||B1,8,2,B1 8H 2 (2).tiff,0b9742f9a394be31876fde8992280598,0b9742f9a3__HUVEC__Migra_o_PET_e_PEP_n2_-_RAW_PEP_+_NEB_1uM_B1__tp8h__B1_8H_2_2.tiff,B1 8H 2_png.rf.gA6SnVr547LgfEenVrRi.png,nome,valida_ok,MISTO+INVALIDA,sim,CORRIGIR_misto,,,nao,nao,0.8812,,triagem,,ok
HUVEC__Migra_o_PET_e_PEP_n2_RAW_PEP_NEB_1uM_B1__tp12h__1__B1_12H_1_2__b050d01a16.jpg,SEG_RUIM,super,HUVEC,Migração (PET e PEP) n2 - RAW||PEP + NEB 1uM||B1,12,1,B1 12H 1 (2).tiff,b050d01a1674409a490d00ac93b97db1,b050d01a16__HUVEC__Migra_o_PET_e_PEP_n2_-_RAW_PEP_+_NEB_1uM_B1__tp12h__B1_12H_1_2.tiff,B1 12H 1_png.rf.VB9B0BXSFCbQoytWKIkL.png,nome,falha_metodo_WHST,MISTO,sim,CORRIGIR_misto,,sem_referencia,sim,nao,0.3629,deslocada,triagem,pegou a ferida e fora dela tambem,ok
HUVEC__Migra_o_PET_e_PEP_n2_RAW_PEP_NEB_1uM_B1__tp12h__2__B1_12H_2_2__f16a067d42.jpg,IMG_INVALIDA,,HUVEC,Migração (PET e PEP) n2 - RAW||PEP + NEB 1uM||B1,12,2,B1 12H 2 (2).tiff,f16a067d4228e529d8d3fff8e8de0e7c,f16a067d42__HUVEC__Migra_o_PET_e_PEP_n2_-_RAW_PEP_+_NEB_1uM_B1__tp12h__B1_12H_2_2.tiff,B1 12H 2_png.rf.cFU7xmBfmqqkIIa5q7nh.png,nome,invalidez_imagem,MISTO+INVALIDA,sim,CORRIGIR_misto,,,sim,nao,0.0020,,triagem,imagem está ruidosa mas daria para segmentar com dificuldade,invalida
HUVEC__Migra_o_PET_e_PEP_n2_RAW_PEP_NEB_1uM_B1__tp24h__1__B1_24H_1_2__7b82c62a3a.jpg,SEG_RUIM,super,HUVEC,Migração (PET e PEP) n2 - RAW||PEP + NEB 1uM||B1,24,1,B1 24H 1 (2).tiff,7b82c62a3afc194b75ea7891b253b65e,7b82c62a3a__HUVEC__Migra_o_PET_e_PEP_n2_-_RAW_PEP_+_NEB_1uM_B1__tp24h__B1_24H_1_2.tiff,B1 24H 1_png.rf.GJ99b6zJDkCcdldeprAL.png,nome,falha_metodo_WHST,MISTO,sim,CORRIGIR_misto,,sem_referencia,sim,nao,0.5215,excesso,triagem,pegou a ferida e fora dela tambem,ok
HUVEC__Migra_o_PET_e_PEP_n2_RAW_PEP_NEB_1uM_B1__tp24h__2__B1_24H_2_3__11aad82875.jpg,SEG_RUIM,super,HUVEC,Migração (PET e PEP) n2 - RAW||PEP + NEB 1uM||B1,24,2,B1 24H 2 (3).tiff,11aad82875559d4ebd8784ff9c520cb3,11aad82875__HUVEC__Migra_o_PET_e_PEP_n2_-_RAW_PEP_+_NEB_1uM_B1__tp24h__B1_24H_2_3.tiff,B1 24H 2_png.rf.WAXPIALQ8VqzYoMup3J4.png,nome,falha_metodo_WHST,MISTO+INVALIDA,sim,CORRIGIR_misto,,sem_referencia,sim,nao,0.0004,deslocada,triagem,pegou fora da ferida,ok
HUVEC__Migra_o_PET_e_PEP_n2_RAW_PET_NEB_5uM_D3__tp00h__1__D3_0H_1_2__9c4fdbdc3c.jpg,OK,,HUVEC,Migração (PET e PEP) n2 - RAW||PET + NEB 5uM||D3,0,1,D3 0H 1 (2).tiff,9c4fdbdc3c606b42d7e29b9add4eb5f7,9c4fdbdc3c__HUVEC__Migra_o_PET_e_PEP_n2_-_RAW_PET_+_NEB_5uM_D3__tp0h__D3_0H_1_2.tiff,D3 0H 1_png.rf.jWsUip53LaCF4OaEEFcb.png,nome,valida_ok,MISTO,sim,CORRIGIR_misto,,,nao,nao,,,triagem,,ok
HUVEC__Migra_o_PET_e_PEP_n2_RAW_PET_NEB_5uM_D3__tp00h__2__D3_0H_2_2__074ae97d16.jpg,SEG_RUIM,super,HUVEC,Migração (PET e PEP) n2 - RAW||PET + NEB 5uM||D3,0,2,D3 0H 2 (2).tiff,074ae97d16a66fa1d5b652dacb00b19b,074ae97d16__HUVEC__Migra_o_PET_e_PEP_n2_-_RAW_PET_+_NEB_5uM_D3__tp0h__D3_0H_2_2.tiff,D3 0H 2_png.rf.lkEcbAGS1IAwabi3cMT3.png,nome,falha_metodo_WHST,CONSISTENTE_SUPER,sim,USAVEL_sem_correcao,0.116,irmao_campo,nao,nao,,nao_avaliavel,triagem,pegou a ferida e fora dela tambem,ok
HUVEC__Migra_o_PET_e_PEP_n2_RAW_PET_NEB_5uM_D3__tp08h__1__D3_8H_1_2__a41e7eccaa.jpg,SEG_RUIM,super,HUVEC,Migração (PET e PEP) n2 - RAW||PET + NEB 5uM||D3,8,1,D3 8H 1 (2).tiff,a41e7eccaaada2799738caeac6ef171f,a41e7eccaa__HUVEC__Migra_o_PET_e_PEP_n2_-_RAW_PET_+_NEB_5uM_D3__tp8h__D3_8H_1_2.tiff,D3 8H 1_png.rf.6ah0Jg4O5oakLSomUxcX.png,nome,falha_metodo_WHST,MISTO,sim,CORRIGIR_misto,0.798,lote_ok,sim,nao,0.5642,excesso,triagem,pegou a ferida e fora dela tambem,ok
HUVEC__Migra_o_PET_e_PEP_n2_RAW_PET_NEB_5uM_D3__tp08h__2__D3_8H_2_2__8db9535923.jpg,SEG_RUIM,super,HUVEC,Migração (PET e PEP) n2 - RAW||PET + NEB 5uM||D3,8,2,D3 8H 2 (2).tiff,8db9535923b17ea72edd2fe777de4306,8db9535923__HUVEC__Migra_o_PET_e_PEP_n2_-_RAW_PET_+_NEB_5uM_D3__tp8h__D3_8H_2_2.tiff,D3 8H 2_png.rf.RmIwn01JNbgfY0VcrlAP.png,nome,falha_metodo_WHST,CONSISTENTE_SUPER,sim,USAVEL_sem_correcao,0.947,lote_ok,nao,nao,0.9390,excesso,triagem,pegou a ferida e fora dela tambem,ok
HUVEC__Migra_o_PET_e_PEP_n2_RAW_PET_NEB_5uM_D3__tp12h__1__D3_12H_1_2__6b8d096cd6.jpg,SEG_RUIM,super,HUVEC,Migração (PET e PEP) n2 - RAW||PET + NEB 5uM||D3,12,1,D3 12H 1 (2).tiff,6b8d096cd6b8858166286fe4a3ee41d0,6b8d096cd6__HUVEC__Migra_o_PET_e_PEP_n2_-_RAW_PET_+_NEB_5uM_D3__tp12h__D3_12H_1_2.tiff,D3 12H 1_png.rf.vDKmMF3YJlFSbIbFZHci.png,nome,falha_metodo_WHST,MISTO,sim,CORRIGIR_misto,,sem_referencia,sim,nao,0.4570,deslocada,triagem,pegou a ferida e fora dela tambem,ok
HUVEC__Migra_o_PET_e_PEP_n2_RAW_PET_NEB_5uM_D3__tp12h__2__D3_12H_2_2__3dea5f7bdf.jpg,SEG_RUIM,super,HUVEC,Migração (PET e PEP) n2 - RAW||PET + NEB 5uM||D3,12,2,D3 12H 2 (2).tiff,3dea5f7bdf37fa9e187390a1e5248f2d,3dea5f7bdf__HUVEC__Migra_o_PET_e_PEP_n2_-_RAW_PET_+_NEB_5uM_D3__tp12h__D3_12H_2_2.tiff,D3 12H 2_png.rf.bk65RyMB9bMlU59S1RY7.png,nome,falha_metodo_WHST,CONSISTENTE_SUPER,sim,USAVEL_sem_correcao,,sem_referencia,nao,nao,0.8644,excesso,triagem,pegou a ferida e fora dela tambem,ok
HUVEC__Migra_o_PET_e_PEP_n2_RAW_PET_NEB_5uM_D3__tp24h__1__D3_24H_1_2__b74ccec3d4.jpg,SEG_RUIM,super,HUVEC,Migração (PET e PEP) n2 - RAW||PET + NEB 5uM||D3,24,1,D3 24H 1 (2).tiff,b74ccec3d4a67770e2b56a1a66ec9d9d,b74ccec3d4__HUVEC__Migra_o_PET_e_PEP_n2_-_RAW_PET_+_NEB_5uM_D3__tp24h__D3_24H_1_2.tiff,D3 24H 1_png.rf.lgES3xZvT7KoszPGhV44.png,nome,falha_metodo_WHST,MISTO,sim,CORRIGIR_misto,,sem_referencia,sim,nao,0.3875,deslocada,triagem,pegou a ferida e fora dela tambem,ok
HUVEC__Migra_o_PET_e_PEP_n2_RAW_PET_NEB_5uM_D3__tp24h__2__D3_24H_2_2__313ff6b3d6.jpg,SEG_RUIM,super,HUVEC,Migração (PET e PEP) n2 - RAW||PET + NEB 5uM||D3,24,2,D3 24H 2 (2).tiff,313ff6b3d6d6e13b1ea99d7f2f8ef8a1,313ff6b3d6__HUVEC__Migra_o_PET_e_PEP_n2_-_RAW_PET_+_NEB_5uM_D3__tp24h__D3_24H_2_2.tiff,D3 24H 2_png.rf.vu9MuWKRyoy3WKGkVrI5.png,nome,falha_metodo_WHST,CONSISTENTE_SUPER,sim,USAVEL_sem_correcao,,sem_referencia,nao,nao,0.9644,excesso,triagem,pegou a ferida e fora dela tambem,ok
HUVEC__Migra_o_PET_e_PEP_n3_RAW_None_D1__tp00h__1__D1_0H_1_3__590e6c1504.jpg,SEG_RUIM,super,HUVEC,Migração (PET e PEP) n3 - RAW||None||D1,0,1,D1 0H 1 (3).tiff,590e6c150447eb644b0010912728e201,590e6c1504__HUVEC__Migra_o_PET_e_PEP_n3_-_RAW_None_D1__tp0h__D1_0H_1_3.tiff,D1 0H 1_png.rf.fw3oXHFKRwGBIpMcBKY2.png,nome,falha_metodo_WHST,CONSISTENTE_SUPER+INVALIDA,sim,USAVEL_sem_correcao,-0.104,irmao_campo,nao,nao,,nao_avaliavel,triagem,pegou a ferida e fora dela tambem,ok
HUVEC__Migra_o_PET_e_PEP_n3_RAW_None_D1__tp00h__2__D1_0H_2_3__b4778b9433.jpg,OK,,HUVEC,Migração (PET e PEP) n3 - RAW||None||D1,0,2,D1 0H 2 (3).tiff,b4778b9433534f47debe0d5537482132,b4778b9433__HUVEC__Migra_o_PET_e_PEP_n3_-_RAW_None_D1__tp0h__D1_0H_2_3.tiff,D1 0H 2_png.rf.In3g26PLvIPVilZ9guvK.png,nome,valida_ok,MISTO,sim,CORRIGIR_misto,,,nao,nao,,,triagem,,ok
HUVEC__Migra_o_PET_e_PEP_n3_RAW_None_D1__tp08h__1__D1_8H_1_3__54c61f325d.jpg,SEG_RUIM,super,HUVEC,Migração (PET e PEP) n3 - RAW||None||D1,8,1,D1 8H 1 (3).tiff,54c61f325d55001025cff01d9d1c3895,54c61f325d__HUVEC__Migra_o_PET_e_PEP_n3_-_RAW_None_D1__tp8h__D1_8H_1_3.tiff,D1 8H 1_png.rf.AmYzGCscmIMNbZlAIVL4.png,nome,falha_metodo_WHST,CONSISTENTE_SUPER+INVALIDA,sim,USAVEL_sem_correcao,-0.105,irmao_campo,nao,nao,0.3435,deslocada,triagem,pegou a ferida e fora dela tambem,ok
HUVEC__Migra_o_PET_e_PEP_n3_RAW_None_D1__tp08h__2__D1_8H_2__246463cc3a.jpg,OK,,HUVEC,Migração (PET e PEP) n3 - RAW||None||D1,8,2,D1 8H 2.png,246463cc3af0b2e5ce16a19683714a82,246463cc3a__HUVEC__Migra_o_PET_e_PEP_n3_-_RAW_None_D1__tp8h__D1_8H_2.tiff,D1 8H 2_png.rf.1Guur0r0WOYFqgYbD8Ix.png,nome,valida_ok,MISTO,sim,CORRIGIR_misto,,,nao,nao,0.7091,,anotacao,segmentação boa,ok
HUVEC__Migra_o_PET_e_PEP_n3_RAW_None_D1__tp12h__1__D1_12H_1_3__ad9f9e8e56.jpg,SEG_RUIM,super,HUVEC,Migração (PET e PEP) n3 - RAW||None||D1,12,1,D1 12H 1 (3).tiff,ad9f9e8e56b961a0a6ad01343900a9dd,ad9f9e8e56__HUVEC__Migra_o_PET_e_PEP_n3_-_RAW_None_D1__tp12h__D1_12H_1_3.tiff,D1 12H 1_png.rf.mKsxEDejqQN6qCQxLyns.png,nome,falha_metodo_WHST,CONSISTENTE_SUPER+INVALIDA,sim,USAVEL_sem_correcao,,sem_referencia,nao,nao,0.4116,deslocada,triagem,pegou a ferida e fora dela tambem,ok
HUVEC__Migra_o_PET_e_PEP_n3_RAW_None_D1__tp12h__2__D1_12H_2_3__61972712e8.jpg,SEG_RUIM,super,HUVEC,Migração (PET e PEP) n3 - RAW||None||D1,12,2,D1 12H 2 (3).tiff,61972712e8fb992c1c5d00f7f6dd7e5f,61972712e8__HUVEC__Migra_o_PET_e_PEP_n3_-_RAW_None_D1__tp12h__D1_12H_2_3.tiff,D1 12H 2_png.rf.hM6Jhc6UJKSMWKFN6Pta.png,nome,falha_metodo_WHST,MISTO,sim,CORRIGIR_misto,,sem_referencia,sim,nao,0.1705,deslocada,triagem,pegou a ferida e fora dela tambem,ok
HUVEC__Migra_o_PET_e_PEP_n3_RAW_None_D1__tp24h__1__D1_24H_1_3__2416a46324.jpg,IMG_INVALIDA,,HUVEC,Migração (PET e PEP) n3 - RAW||None||D1,24,1,D1 24H 1 (3).tiff,2416a46324619a8a9e3b817c947a5e15,2416a46324__HUVEC__Migra_o_PET_e_PEP_n3_-_RAW_None_D1__tp24h__D1_24H_1_3.tiff,D1 24H 1_png.rf.9St1pSdNBqUmYewNNUks.png,nome,invalidez_imagem,CONSISTENTE_SUPER+INVALIDA,sim,USAVEL_sem_correcao,,,sim,nao,0.0000,,triagem,"imagem esta escura, dificultaria a segmentação de forma completa",invalida
HUVEC__Migra_o_PET_e_PEP_n3_RAW_None_D1__tp24h__2__D1_24H_2_3__4e5949b4ff.jpg,OK,,HUVEC,Migração (PET e PEP) n3 - RAW||None||D1,24,2,D1 24H 2 (3).tiff,4e5949b4ff6f701b5438d0a85bc4221e,4e5949b4ff__HUVEC__Migra_o_PET_e_PEP_n3_-_RAW_None_D1__tp24h__D1_24H_2_3.tiff,D1 24H 2_png.rf.JPXsJfPNRWwnAkf2OC68.png,nome,valida_ok,MISTO,sim,CORRIGIR_misto,,,nao,nao,0.3957,,correcao_manual,"imagem esta escura, mas possivel de segmentar",ok
HUVEC__Migra_o_PET_e_PEP_n3_RAW_None_D4__tp00h__1__D4_0H_1_3__72ec8e45a1.jpg,SEG_RUIM,super,HUVEC,Migração (PET e PEP) n3 - RAW||None||D4,0,1,D4 0H 1 (3).tiff,72ec8e45a1e7fdbc1607f52f8e0488e2,72ec8e45a1__HUVEC__Migra_o_PET_e_PEP_n3_-_RAW_None_D4__tp0h__D4_0H_1_3.tiff,D4 0H 1_png.rf.FutNJ1bcHBCTMEvRlEBr.png,nome,falha_metodo_WHST,CONSISTENTE_SUPER,sim,USAVEL_sem_correcao,0.102,cond_ok,nao,nao,,nao_avaliavel,triagem,pegou a ferida e fora dela tambem,ok
HUVEC__Migra_o_PET_e_PEP_n3_RAW_None_D4__tp00h__2__D4_0H_2_3__6e6e66cf02.jpg,IMG_INVALIDA,,HUVEC,Migração (PET e PEP) n3 - RAW||None||D4,0,2,D4 0H 2 (3).tiff,6e6e66cf020876c46463522e7196c244,6e6e66cf02__HUVEC__Migra_o_PET_e_PEP_n3_-_RAW_None_D4__tp0h__D4_0H_2_3.tiff,D4 0H 2_png.rf.eVEb58gAMbcellIRwKuX.png,nome,invalidez_imagem,TODA_INVALIDA,nao,TODA_INVALIDA_fora,,,nao,sim,,,anotacao,invalida,
HUVEC__Migra_o_PET_e_PEP_n3_RAW_None_D4__tp08h__1__D4_8H_1_3__62cb1d4bdc.jpg,SEG_RUIM,super,HUVEC,Migração (PET e PEP) n3 - RAW||None||D4,8,1,D4 8H 1 (3).tiff,62cb1d4bdcbdf5660e2548824fb0ad15,62cb1d4bdc__HUVEC__Migra_o_PET_e_PEP_n3_-_RAW_None_D4__tp8h__D4_8H_1_3.tiff,D4 8H 1_png.rf.xpR4xGrS7xqp2WqsHOdj.png,nome,falha_metodo_WHST,CONSISTENTE_SUPER,sim,USAVEL_sem_correcao,0.469,cond_ok,nao,nao,0.6720,excesso,triagem,pegou a ferida e fora dela tambem,ok
HUVEC__Migra_o_PET_e_PEP_n3_RAW_None_D4__tp08h__2__D4_8H_2_3__c07bc84c98.jpg,IMG_INVALIDA,,HUVEC,Migração (PET e PEP) n3 - RAW||None||D4,8,2,D4 8H 2 (3).tiff,c07bc84c98b14a0df92cc6cf6c10e57f,c07bc84c98__HUVEC__Migra_o_PET_e_PEP_n3_-_RAW_None_D4__tp8h__D4_8H_2_3.tiff,D4 8H 2_png.rf.ixTzZNh35XGijmR7VOtL.png,nome,invalidez_imagem,TODA_INVALIDA,nao,TODA_INVALIDA_fora,,,nao,sim,0.8916,,anotacao,invalida,
HUVEC__Migra_o_PET_e_PEP_n3_RAW_None_D4__tp12h__1__D4_12H_1_3__db5f1d05ce.jpg,SEG_RUIM,super,HUVEC,Migração (PET e PEP) n3 - RAW||None||D4,12,1,D4 12H 1 (3).tiff,db5f1d05ce4c6d60311e0690edd41e72,db5f1d05ce__HUVEC__Migra_o_PET_e_PEP_n3_-_RAW_None_D4__tp12h__D4_12H_1_3.tiff,D4 12H 1_png.rf.9BeWOTfVwMn3ywdSyPmt.png,nome,falha_metodo_WHST,CONSISTENTE_SUPER,sim,USAVEL_sem_correcao,,sem_referencia,nao,nao,0.5477,excesso,triagem,pegou a ferida e fora dela tambem,ok
HUVEC__Migra_o_PET_e_PEP_n3_RAW_None_D4__tp12h__2__D4_12H_2_3__de4591208a.jpg,IMG_INVALIDA,,HUVEC,Migração (PET e PEP) n3 - RAW||None||D4,12,2,D4 12H 2 (3).tiff,de4591208a9078d88137eb41b0d01285,de4591208a__HUVEC__Migra_o_PET_e_PEP_n3_-_RAW_None_D4__tp12h__D4_12H_2_3.tiff,D4 12H 2_png.rf.JoRndEJA1lep3hprLUOS.png,nome,invalidez_imagem,TODA_INVALIDA,nao,TODA_INVALIDA_fora,,,nao,sim,0.8872,,anotacao,invalida,
HUVEC__Migra_o_PET_e_PEP_n3_RAW_None_D4__tp24h__1__D4_24H_1_3__219024d892.jpg,SEG_RUIM,super,HUVEC,Migração (PET e PEP) n3 - RAW||None||D4,24,1,D4 24H 1 (3).tiff,219024d89242b1315e6507cd8712e182,219024d892__HUVEC__Migra_o_PET_e_PEP_n3_-_RAW_None_D4__tp24h__D4_24H_1_3.tiff,D4 24H 1_png.rf.l74W6BtAd1h2vbDdLYa7.png,nome,falha_metodo_WHST,CONSISTENTE_SUPER,sim,USAVEL_sem_correcao,0.475,cond_ok,nao,nao,0.5349,excesso,triagem,pegou a ferida e fora dela tambem,ok
HUVEC__Originais_1_None_A1__tp00h__1__A1_0HR_1_2__acb23080b8.jpg,SEG_RUIM,super,HUVEC,Originais (1)||None||A1,0,1,A1 0HR 1 (2).tiff,acb23080b800ba61784db5fccdee5f2a,acb23080b8__HUVEC__Originais_1_None_A1__tp0h__A1_0HR_1_2.tiff,A1 0HR 1_png.rf.F8WfJZAyU8hXcsKytbcA.png,nome,falha_metodo_WHST,CONSISTENTE_SUPER,sim,USAVEL_sem_correcao,-0.093,irmao_campo,nao,nao,,nao_avaliavel,triagem,pegou a ferida e fora dela tambem,ok
HUVEC__Originais_1_None_A1__tp00h__2__A1_0HR_2_2__157a366d29.jpg,OK,,HUVEC,Originais (1)||None||A1,0,2,A1 0HR 2 (2).tiff,157a366d29eac412b9517e9e7ae9aeff,157a366d29__HUVEC__Originais_1_None_A1__tp0h__A1_0HR_2_2.tiff,A1 0HR 2_png.rf.hVdiwx06lI7rOZ5rr9vC.png,nome,valida_ok,MISTO,sim,CORRIGIR_misto,,,nao,nao,,,triagem,,ok
HUVEC__Originais_1_None_A1__tp08h__1__A1_8HR_1_2__ba096361b8.jpg,SEG_RUIM,super,HUVEC,Originais (1)||None||A1,8,1,A1 8HR 1 (2).tiff,ba096361b82a3cbfb870ea13d1d1b283,ba096361b8__HUVEC__Originais_1_None_A1__tp8h__A1_8HR_1_2.tiff,A1 8HR 1_png.rf.VABkXkmpYjE9yLo5gSBX.png,nome,falha_metodo_WHST,CONSISTENTE_SUPER,sim,USAVEL_sem_correcao,-0.240,cond_ok,nao,nao,0.7710,excesso,triagem,pegou a ferida e fora dela tambem,ok
HUVEC__Originais_1_None_A1__tp08h__2__A1_8HR_2_2__f9a5587463.jpg,SEG_RUIM,super,HUVEC,Originais (1)||None||A1,8,2,A1 8HR 2 (2).tiff,f9a5587463c7c98918a75f093db57e7c,f9a5587463__HUVEC__Originais_1_None_A1__tp8h__A1_8HR_2_2.tiff,A1 8HR 2_png.rf.bvjlWbubzYS3fVyOKsCU.png,nome,falha_metodo_WHST,MISTO,sim,CORRIGIR_misto,-0.131,cond_ok,sim,nao,0.6479,excesso,triagem,pegou a ferida e fora dela tambem,ok
HUVEC__Originais_1_None_A1__tp12h__1__A1_12HR_1_2__e8f27e802d.jpg,SEG_RUIM,super,HUVEC,Originais (1)||None||A1,12,1,A1 12HR 1 (2).tiff,e8f27e802d73d5f59acafe91211b07de,e8f27e802d__HUVEC__Originais_1_None_A1__tp12h__A1_12HR_1_2.tiff,A1 12HR 1_png.rf.XDKS23ySU3ItzW5Kv957.png,nome,falha_metodo_WHST,CONSISTENTE_SUPER,sim,USAVEL_sem_correcao,-0.552,cond_ok,nao,nao,0.5732,excesso,triagem,pegou a ferida e fora dela tambem,ok
HUVEC__Originais_1_None_A1__tp12h__2__A1_12HR_2_2__3bd025364d.jpg,SEG_RUIM,super,HUVEC,Originais (1)||None||A1,12,2,A1 12HR 2 (2).tiff,3bd025364d20c063f6f748c957a087ed,3bd025364d__HUVEC__Originais_1_None_A1__tp12h__A1_12HR_2_2.tiff,A1 12HR 2_png.rf.OoCbkijic6aCx52coryw.png,nome,falha_metodo_WHST,MISTO,sim,CORRIGIR_misto,-0.484,cond_ok,sim,nao,0.4202,deslocada,triagem,pegou a ferida e fora dela tambem,ok
HUVEC__Originais_1_None_A1__tp24h__1__A1_24HR_1_2__7f4a54ced3.jpg,SEG_RUIM,super,HUVEC,Originais (1)||None||A1,24,1,A1 24HR 1 (2).tiff,7f4a54ced3176eb8be3ec4d9ff730c66,7f4a54ced3__HUVEC__Originais_1_None_A1__tp24h__A1_24HR_1_2.tiff,A1 24HR 1_png.rf.1ApDRLrpQqSCaPcShIOu.png,nome,falha_metodo_WHST,CONSISTENTE_SUPER,sim,USAVEL_sem_correcao,,sem_referencia,nao,nao,0.5668,excesso,triagem,figura totalmente fechada,fechada
HUVEC__Originais_1_None_A1__tp24h__2__A1_24HR_2_2__0c9eecd4e4.jpg,SEG_RUIM,super,HUVEC,Originais (1)||None||A1,24,2,A1 24HR 2 (2).tiff,0c9eecd4e46762a3d0e84c5f38dac3b1,0c9eecd4e4__HUVEC__Originais_1_None_A1__tp24h__A1_24HR_2_2.tiff,A1 24HR 2_png.rf.8ZCo4suYfwAmYJVAdrgi.png,nome,falha_metodo_WHST,MISTO,sim,CORRIGIR_misto,,sem_referencia,sim,nao,0.3910,deslocada,triagem,figura totalmente fechada,fechada
HUVEC__Originais_1_None_A5__tp00h__1__A5_0HR_1_2__c95a4fe6dd.jpg,OK,,HUVEC,Originais (1)||None||A5,0,1,A5 0HR 1 (2).tiff,c95a4fe6dd3084127f535a1e1af0b656,c95a4fe6dd__HUVEC__Originais_1_None_A5__tp0h__A5_0HR_1_2.tiff,A5 0HR 1_png.rf.ckTpizxWhCzqrJmwetqV.png,nome,valida_ok,MISTO,sim,CORRIGIR_misto,,,nao,nao,,,triagem,,ok
HUVEC__Originais_1_None_A5__tp00h__2__A5_0HR_2_2__156f09d73b.jpg,OK,,HUVEC,Originais (1)||None||A5,0,2,A5 0HR 2 (2).tiff,156f09d73ba549a77d25bf5b874f4078,156f09d73b__HUVEC__Originais_1_None_A5__tp0h__A5_0HR_2_2.tiff,A5 0HR 2_png.rf.C9gm2A2fkupz9aW1u7b9.png,nome,valida_ok,MISTO,sim,CORRIGIR_misto,,,nao,nao,,,triagem,,ok
HUVEC__Originais_1_None_A5__tp08h__1__A5_8HR_1_2__402aa9005a.jpg,SEG_RUIM,super,HUVEC,Originais (1)||None||A5,8,1,A5 8HR 1 (2).tiff,402aa9005a85c457edd77e6cb2a388ae,402aa9005a__HUVEC__Originais_1_None_A5__tp8h__A5_8HR_1_2.tiff,A5 8HR 1_png.rf.qbCCkoclBZRwrN2mNDA9.png,nome,falha_metodo_WHST,MISTO,sim,CORRIGIR_misto,-0.460,cond_ok,sim,nao,0.3891,deslocada,triagem,pegou a ferida e fora dela tambem,ok
HUVEC__Originais_1_None_A5__tp08h__2__A5_8HR_2_2__b55011ddef.jpg,SEG_RUIM,super,HUVEC,Originais (1)||None||A5,8,2,A5 8HR 2 (2).tiff,b55011ddefa6ab51170219c7f4c3868b,b55011ddef__HUVEC__Originais_1_None_A5__tp8h__A5_8HR_2_2.tiff,A5 8HR 2_png.rf.7U0SE5K1r1eXtmiCBL1Q.png,nome,falha_metodo_WHST,MISTO,sim,CORRIGIR_misto,-0.367,cond_ok,sim,nao,0.6227,excesso,triagem,pegou a ferida e fora dela tambem,ok
HUVEC__Originais_1_None_A5__tp12h__1__A5_12HR_1_2__1e53de2f60.jpg,SEG_RUIM,super,HUVEC,Originais (1)||None||A5,12,1,A5 12HR 1 (2).tiff,1e53de2f607ee8e93b40b2202f998e53,1e53de2f60__HUVEC__Originais_1_None_A5__tp12h__A5_12HR_1_2.tiff,A5 12HR 1_png.rf.IESDSkszuJatVJfvQ7PW.png,nome,falha_metodo_WHST,MISTO,sim,CORRIGIR_misto,-0.753,cond_ok,sim,nao,0.3066,deslocada,triagem,pegou a ferida e fora dela tambem,ok
HUVEC__Originais_1_None_A5__tp12h__2__A5_12HR_2_2__8380cf36f6.jpg,SEG_RUIM,super,HUVEC,Originais (1)||None||A5,12,2,A5 12HR 2 (2).tiff,8380cf36f60d523700453218477aaa71,8380cf36f6__HUVEC__Originais_1_None_A5__tp12h__A5_12HR_2_2.tiff,A5 12HR 2_png.rf.rAr8U7x7uLNYSny2Orvg.png,nome,falha_metodo_WHST,MISTO,sim,CORRIGIR_misto,-0.722,cond_ok,sim,nao,0.6744,excesso,triagem,pegou a ferida e fora dela tambem,ok
HUVEC__Originais_1_None_A5__tp24h__1__A5_24HR_1_2__915659805f.jpg,SEG_RUIM,super,HUVEC,Originais (1)||None||A5,24,1,A5 24HR 1 (2).tiff,915659805f3ad733efa6c7f6bbd8486e,915659805f__HUVEC__Originais_1_None_A5__tp24h__A5_24HR_1_2.tiff,A5 24HR 1_png.rf.CpfIcPI5krfxTtJFGjKH.png,nome,falha_metodo_WHST,MISTO,sim,CORRIGIR_misto,,sem_referencia,sim,nao,0.1906,deslocada,triagem,figura totalmente fechada,fechada
HUVEC__Originais_1_None_A5__tp24h__2__A5_24HR_2_2__1b7a6d4b5b.jpg,SEG_RUIM,super,HUVEC,Originais (1)||None||A5,24,2,A5 24HR 2 (2).tiff,1b7a6d4b5bcb31e3af7f8a6df4521fae,1b7a6d4b5b__HUVEC__Originais_1_None_A5__tp24h__A5_24HR_2_2.tiff,A5 24HR 2_png.rf.JBrJ8KO8uH9Jn3iTJvZf.png,nome,falha_metodo_WHST,MISTO,sim,CORRIGIR_misto,,sem_referencia,sim,nao,0.2343,deslocada,triagem,figura totalmente fechada,fechada
HUVEC__Originais_1_None_B5__tp00h__1__B5_0HR_1_2__1da4221988.jpg,OK,,HUVEC,Originais (1)||None||B5,0,1,B5 0HR 1 (2).tiff,1da42219880c4a8f64f0cffe3b3e4bef,1da4221988__HUVEC__Originais_1_None_B5__tp0h__B5_0HR_1_2.tiff,B5 0HR 1_png.rf.J6hP1h51BcAFg4KFN6lN.png,nome,valida_ok,MISTO,sim,CORRIGIR_misto,,,nao,nao,,,triagem,,ok
HUVEC__Originais_1_None_B5__tp00h__2__B5_0HR_2_2__a27829f2e8.jpg,SEG_RUIM,super,HUVEC,Originais (1)||None||B5,0,2,B5 0HR 2 (2).tiff,a27829f2e86add96b4d2278c98fc623a,a27829f2e8__HUVEC__Originais_1_None_B5__tp0h__B5_0HR_2_2.tiff,B5 0HR 2_png.rf.MUU0CWJgRWrZIA9N0J2X.png,nome,falha_metodo_WHST,CONSISTENTE_SUPER,sim,USAVEL_sem_correcao,0.335,irmao_campo,nao,nao,,nao_avaliavel,triagem,pegou a ferida e fora dela tambem,
HUVEC__Originais_1_None_B5__tp08h__1__B5_8HR_1_2__b907ae85dd.jpg,SEG_RUIM,super,HUVEC,Originais (1)||None||B5,8,1,B5 8HR 1 (2).tiff,b907ae85dd5b0017b1a9a662eb9832d1,b907ae85dd__HUVEC__Originais_1_None_B5__tp8h__B5_8HR_1_2.tiff,B5 8HR 1_png.rf.Ym4RLm5f7bEAlTD8XV4Q.png,nome,falha_metodo_WHST,MISTO,sim,CORRIGIR_misto,-0.167,cond_ok,sim,nao,0.7126,excesso,triagem,pegou a ferida e fora dela tambem,ok
HUVEC__Originais_1_None_B5__tp08h__2__B5_8HR_2_2__dc452cba48.jpg,SEG_RUIM,super,HUVEC,Originais (1)||None||B5,8,2,B5 8HR 2 (2).tiff,dc452cba489cb77919cf1ff9d790302b,dc452cba48__HUVEC__Originais_1_None_B5__tp8h__B5_8HR_2_2.tiff,B5 8HR 2_png.rf.1bM2nfrE3C3SuMgkQzIF.png,nome,falha_metodo_WHST,CONSISTENTE_SUPER,sim,USAVEL_sem_correcao,0.713,cond_ok,nao,nao,0.7807,excesso,triagem,pegou a ferida e fora dela tambem,
HUVEC__Originais_1_None_B5__tp12h__1__B5_12HR_1_2__a3e15c9ecc.jpg,SEG_RUIM,super,HUVEC,Originais (1)||None||B5,12,1,B5 12HR 1 (2).tiff,a3e15c9ecc668d846287931441ef481c,a3e15c9ecc__HUVEC__Originais_1_None_B5__tp12h__B5_12HR_1_2.tiff,B5 12HR 1_png.rf.XqoVkA4DK3JbERfwmQPP.png,nome,falha_metodo_WHST,MISTO,sim,CORRIGIR_misto,-0.375,cond_ok,sim,nao,0.8984,excesso,triagem,pegou a ferida e fora dela tambem,ok
HUVEC__Originais_1_None_B5__tp12h__2__B5_12HR_2_2__0836fc4ee3.jpg,SEG_RUIM,super,HUVEC,Originais (1)||None||B5,12,2,B5 12HR 2 (2).tiff,0836fc4ee34142f6f2d8216d5626fc07,0836fc4ee3__HUVEC__Originais_1_None_B5__tp12h__B5_12HR_2_2.tiff,B5 12HR 2_png.rf.EZH0RYIN3t8Q75rFyebV.png,nome,falha_metodo_WHST,CONSISTENTE_SUPER,sim,USAVEL_sem_correcao,0.666,cond_ok,nao,nao,0.8356,excesso,triagem,pegou a ferida e fora dela tambem,
HUVEC__Originais_1_None_B5__tp24h__1__B5_24HR__67aac5fafc.jpg,SEG_RUIM,super,HUVEC,Originais (1)||None||B5,24,1,B5 24HR .tiff,67aac5fafcdc92b7d310cf882d036a1e,67aac5fafc__HUVEC__Originais_1_None_B5__tp24h__B5_24HR.tiff,B5 24HR _png.rf.g9PDGT1tjMWdiPw6OCJg.png,nome,falha_metodo_WHST,CONSISTENTE_SUPER,nao,SEM_BASELINE_fora_pareada,,sem_referencia,nao,nao,,nao_avaliavel,triagem,figura totalmente fechada,
HUVEC__Originais_1_None_D1__tp00h__1__D1_0HR_1_2__d7cf652f2d.jpg,OK,,HUVEC,Originais (1)||None||D1,0,1,D1 0HR 1 (2).tiff,d7cf652f2d1594d1c828e5eb570a4942,d7cf652f2d__HUVEC__Originais_1_None_D1__tp0h__D1_0HR_1_2.tiff,D1 0HR 1_png.rf.pXGKiyw6dpCjGOogRcBS.png,nome,valida_ok,MISTO,nao,CORRIGIR_misto,,,nao,nao,,,triagem,,ok
HUVEC__Originais_1_None_D1__tp00h__2__D1_0HR_2_2__90bf65dbb4.jpg,OK,,HUVEC,Originais (1)||None||D1,0,2,D1 0HR 2 (2).tiff,90bf65dbb4f47ce7b78dd579fd9f468c,90bf65dbb4__HUVEC__Originais_1_None_D1__tp0h__D1_0HR_2_2.tiff,D1 0HR 2_png.rf.Ak8bfHD2sNvAS5ARU8WU.png,nome,valida_ok,CONSISTENTE_OK+INVALIDA,sim,USAVEL_sem_correcao,,,nao,nao,,,triagem,,
HUVEC__Originais_1_None_D1__tp08h__1__D1_8HR_1_2__a40bd1473a.jpg,OK,,HUVEC,Originais (1)||None||D1,8,1,D1 8HR 1 (2).tiff,a40bd1473adb80ab5f809e5b28d9b492,a40bd1473a__HUVEC__Originais_1_None_D1__tp8h__D1_8HR_1_2.tiff,D1 8HR 1_png.rf.Pm37sn4g0olAl9FUCP58.png,nome,valida_ok,MISTO,nao,CORRIGIR_misto,,,nao,nao,0.9112,,triagem,,ok
HUVEC__Originais_1_None_D1__tp08h__2__D1_8HR_2_2__b910aebd2d.jpg,OK,,HUVEC,Originais (1)||None||D1,8,2,D1 8HR 2 (2).tiff,b910aebd2de1c8ea58518a536aa68da2,b910aebd2d__HUVEC__Originais_1_None_D1__tp8h__D1_8HR_2_2.tiff,D1 8HR 2_png.rf.We4y9DkVsrjwHtYEPH1S.png,nome,valida_ok,CONSISTENTE_OK+INVALIDA,sim,USAVEL_sem_correcao,,,nao,nao,0.9216,,triagem,,
HUVEC__Originais_1_None_D1__tp12h__1__D1_12HR_1_2__f65dcb0b1e.jpg,OK,,HUVEC,Originais (1)||None||D1,12,1,D1 12HR 1 (2).tiff,f65dcb0b1e51c35e06530fc59352b7f2,f65dcb0b1e__HUVEC__Originais_1_None_D1__tp12h__D1_12HR_1_2.tiff,D1 12HR 1_png.rf.mtvtObh31Z25eXwo4BTB.png,nome,valida_ok,MISTO,nao,CORRIGIR_misto,,,nao,nao,0.8492,,triagem,,ok
HUVEC__Originais_1_None_D1__tp12h__2__D1_12HR_2_2__7a3177a5b3.jpg,OK,,HUVEC,Originais (1)||None||D1,12,2,D1 12HR 2 (2).tiff,7a3177a5b36f723311e040b3bcc46bf9,7a3177a5b3__HUVEC__Originais_1_None_D1__tp12h__D1_12HR_2_2.tiff,D1 12HR 2_png.rf.E03XFlEmMbe4CLEeQ5L0.png,nome,valida_ok,CONSISTENTE_OK+INVALIDA,sim,USAVEL_sem_correcao,,,nao,nao,0.9416,,triagem,,
HUVEC__Originais_1_None_D1__tp24h__1__D1_24HR_1_2__0bdbd51083.jpg,SEG_RUIM,super,HUVEC,Originais (1)||None||D1,24,1,D1 24HR 1 (2).tiff,0bdbd5108312e9c1744e456c0dd65b96,0bdbd51083__HUVEC__Originais_1_None_D1__tp24h__D1_24HR_1_2.tiff,D1 24HR 1_png.rf.EHcrx6DNEOw8vqgtCyC2.png,nome,falha_metodo_WHST,MISTO,nao,CORRIGIR_misto,,sem_referencia,sim,nao,0.7894,excesso,triagem,figura totalmente fechada,fechada
HUVEC__Originais_1_None_D1__tp24h__2__D1_24HR_2_2__4c0807427d.jpg,IMG_INVALIDA,,HUVEC,Originais (1)||None||D1,24,2,D1 24HR 2 (2).tiff,4c0807427d0e187b684e93ac4e867e06,4c0807427d__HUVEC__Originais_1_None_D1__tp24h__D1_24HR_2_2.tiff,D1 24HR 2_png.rf.sKzjQXeeTmG65NxFRo5z.png,nome,invalidez_imagem,CONSISTENTE_OK+INVALIDA,sim,USAVEL_sem_correcao,,,nao,sim,0.4981,,triagem,imagem muito ruidosa,
HUVEC__Pr_Ecl_mpsia_None_B6__tp00h__1__B6_0hr_1__d8d6a409b0.jpg,OK,,HUVEC,Pré-Eclâmpsia||None||B6,0,1,B6 0hr 1.tiff,d8d6a409b01ab75c40089af766a75d79,d8d6a409b0__HUVEC__Pr_-Ecl_mpsia_None_B6__tp0h__B6_0hr_1.tiff,B6 0hr 1_png.rf.tP2kS9n37GFU0hMWW7mV.png,nome,valida_ok,MISTO,sim,CORRIGIR_misto,,,nao,nao,,,triagem,,ok
HUVEC__Pr_Ecl_mpsia_None_B6__tp12h__1__B6_12hr_1__15dfa1f8f7.jpg,SEG_RUIM,super,HUVEC,Pré-Eclâmpsia||None||B6,12,1,B6 12hr 1.tiff,15dfa1f8f76966693785128db521f0ff,15dfa1f8f7__HUVEC__Pr_-Ecl_mpsia_None_B6__tp12h__B6_12hr_1.tiff,B6 12hr 1_png.rf.wMEDLQnrMWwVbcfKlQek.png,nome,falha_metodo_WHST,MISTO,sim,CORRIGIR_misto,,sem_referencia,sim,nao,0.4506,deslocada,triagem,pegou a ferida e fora dela tambem,ok
HUVEC__Pr_Ecl_mpsia_None_B6__tp12h__2__B6_12hr_2__447267f1f8.jpg,SEG_RUIM,super,HUVEC,Pré-Eclâmpsia||None||B6,12,2,B6 12hr 2.tiff,447267f1f8cda7517a5d058bc157c664,447267f1f8__HUVEC__Pr_-Ecl_mpsia_None_B6__tp12h__B6_12hr_2.tiff,B6 12hr 2_png.rf.y4b1NNhMuInMAANEGR5y.png,nome,falha_metodo_WHST,CONSISTENTE_SUPER,nao,SEM_BASELINE_fora_pareada,,sem_referencia,nao,nao,,nao_avaliavel,triagem,pegou a ferida e fora dela tambem,
HUVEC__Pr_Ecl_mpsia_None_B6__tp24h__1__B6_24h_1__fbe637bf41.jpg,SEG_RUIM,super,HUVEC,Pré-Eclâmpsia||None||B6,24,1,B6 24h 1.tiff,fbe637bf41b23c42789f837d98d23744,fbe637bf41__HUVEC__Pr_-Ecl_mpsia_None_B6__tp24h__B6_24h_1.tiff,B6 24h 1_png.rf.Mqv4F4d5b4AUQiStkAzE.png,nome,falha_metodo_WHST,MISTO,sim,CORRIGIR_misto,,sem_referencia,sim,nao,0.0000,espuria_fechada,triagem,figura totalmente fechada,fechada
HUVEC__originais_None_A1__tp00h__1__A1_0HR_1__b4e873c613.jpg,SEG_RUIM,super,HUVEC,originais||None||A1,0,1,A1 0HR 1.tiff,b4e873c613c49c267d02e77d9bc03d2c,b4e873c613__HUVEC__originais_None_A1__tp0h__A1_0HR_1.tiff,A1 0HR 1_png.rf.bBmfdS8DK3Ixtw1fZ9P3.png,nome,falha_metodo_WHST,CONSISTENTE_SUPER,sim,USAVEL_sem_correcao,-0.360,cond_ok,nao,nao,,nao_avaliavel,triagem,pegou a ferida e fora dela tambem,ok
HUVEC__originais_None_A1__tp00h__2__A1_0HR_2__8bf826e872.jpg,SEG_RUIM,super,HUVEC,originais||None||A1,0,2,A1 0HR 2.tiff,8bf826e8726d7cf89b174021e1741ed3,8bf826e872__HUVEC__originais_None_A1__tp0h__A1_0HR_2.tiff,A1 0HR 2_png.rf.wFANdrijgcCbWaNPdyi0.png,nome,falha_metodo_WHST,CONSISTENTE_SUPER+INVALIDA,sim,USAVEL_sem_correcao,-0.073,cond_ok,nao,nao,,nao_avaliavel,triagem,pegou a ferida e fora dela tambem,ok
HUVEC__originais_None_A1__tp08h__1__A1_8HR_1__19b5407474.jpg,SEG_RUIM,super,HUVEC,originais||None||A1,8,1,A1 8HR 1.tiff,19b5407474eb3f20a594ef6e6da2bd69,19b5407474__HUVEC__originais_None_A1__tp8h__A1_8HR_1.tiff,A1 8HR 1_png.rf.7N4eAqgpqfPKb1eNWowl.png,nome,falha_metodo_WHST,CONSISTENTE_SUPER,sim,USAVEL_sem_correcao,-0.375,cond_ok,nao,nao,0.2563,deslocada,triagem,pegou a ferida e fora dela tambem,ok
HUVEC__originais_None_A1__tp08h__2__A1_8HR_2__10c73cd55a.jpg,SEG_RUIM,super,HUVEC,originais||None||A1,8,2,A1 8HR 2.tiff,10c73cd55aad46b0a5d92126adba4454,10c73cd55a__HUVEC__originais_None_A1__tp8h__A1_8HR_2.tiff,A1 8HR 2_png.rf.emd32984S6mQhEIM0RXU.png,nome,falha_metodo_WHST,CONSISTENTE_SUPER+INVALIDA,sim,USAVEL_sem_correcao,0.143,cond_ok,nao,nao,0.5971,excesso,triagem,pegou a ferida e fora dela tambem,ok
HUVEC__originais_None_A1__tp24h__2__A1_24HR_2__7d8b79a5ad.jpg,IMG_INVALIDA,,HUVEC,originais||None||A1,24,2,A1 24HR 2.tiff,7d8b79a5adc4f78723e04e00ce1d3670,7d8b79a5ad__HUVEC__originais_None_A1__tp24h__A1_24HR_2.tiff,A1 24HR 2_png.rf.QvfIHR0lQkYJbWTuhsBX.png,nome,invalidez_imagem,CONSISTENTE_SUPER+INVALIDA,sim,USAVEL_sem_correcao,,,nao,sim,0.6459,excesso,correcao_manual,pegou a ferida e fora dela tambem,invalida
HUVEC__originais_None_A5__tp00h__1__A5_0HR_1__e4bb99f05d.jpg,SEG_RUIM,super,HUVEC,originais||None||A5,0,1,A5 0HR 1.tiff,e4bb99f05d13165e0f5e7753475790b5,e4bb99f05d__BASELINE__HUVEC__originais_None_A5__tp0h__A5_0HR_1.tiff,(baseline_recuperado),nome,falha_metodo_WHST,CONSISTENTE_SUPER+INVALIDA,sim,USAVEL_sem_correcao,-0.192,irmao_campo,nao,nao,,nao_avaliavel,triagem,pegou a ferida e fora dela tambem,ok
HUVEC__originais_None_A5__tp08h__1__A5_8HR_1__a99d3e28ae.jpg,SEG_RUIM,super,HUVEC,originais||None||A5,8,1,A5 8HR 1.tiff,a99d3e28ae9033dd944e8df4f2be15fd,a99d3e28ae__HUVEC__originais_None_A5__tp8h__A5_8HR_1.tiff,A5 8HR 1_png.rf.jEYUYpVLybixXNUndrI9.png,nome,falha_metodo_WHST,CONSISTENTE_SUPER+INVALIDA,sim,USAVEL_sem_correcao,-0.041,cond_ok,nao,nao,0.3730,deslocada,triagem,pegou a ferida e fora dela tambem,ok
HUVEC__originais_None_A5__tp12h__1__A5_12HR_1__b83dc2f0a0.jpg,SEG_RUIM,super,HUVEC,originais||None||A5,12,1,A5 12HR 1.tiff,b83dc2f0a087eaea2625a539b7dad59b,b83dc2f0a0__HUVEC__originais_None_A5__tp12h__A5_12HR_1.tiff,A5 12HR 1_png.rf.1xA3zwCvRWDQRrGvHIhA.png,nome,falha_metodo_WHST,CONSISTENTE_SUPER+INVALIDA,sim,USAVEL_sem_correcao,-0.218,irmao_campo,nao,nao,0.7056,excesso,triagem,pegou a ferida e fora dela tambem,ok
HUVEC__originais_None_A5__tp12h__2__A5_12HR_2__004fc0a19e.jpg,OK,,HUVEC,originais||None||A5,12,2,A5 12HR 2.tiff,004fc0a19ec279c22d4fa026c2db8714,004fc0a19e__HUVEC__originais_None_A5__tp12h__A5_12HR_2.tiff,A5 12HR 2_png.rf.mzYpTwvbQHLWffHAkMOe.png,nome,valida_ok,CONSISTENTE_OK,sim,USAVEL_sem_correcao,,,nao,nao,,,triagem,,
HUVEC__originais_None_A5__tp24h__1__A5_24HR_1__a7bed1b95d.jpg,IMG_INVALIDA,,HUVEC,originais||None||A5,24,1,A5 24HR 1.tiff,a7bed1b95d4bb57f3f1cd27e3032becf,a7bed1b95d__HUVEC__originais_None_A5__tp24h__A5_24HR_1.tiff,A5 24HR 1_png.rf.QWraD9H7IOqSfp8mznDQ.png,nome,invalidez_imagem,CONSISTENTE_SUPER+INVALIDA,sim,USAVEL_sem_correcao,,,nao,sim,0.4474,deslocada,correcao_manual,pegou a ferida e fora dela tambem,invalida
HUVEC__originais_None_A5__tp24h__2__A5_24HR_2__9c1610d4f3.jpg,OK,,HUVEC,originais||None||A5,24,2,A5 24HR 2.tiff,9c1610d4f3039454629e4b6667698de7,9c1610d4f3__HUVEC__originais_None_A5__tp24h__A5_24HR_2.tiff,A5 24HR 2_png.rf.xE7wqG2pbN9OFXjVvNjl.png,nome,valida_ok,CONSISTENTE_OK,sim,USAVEL_sem_correcao,,,nao,nao,,,anotacao,imagem ruidosa mas com segmentação correta,
HUVEC__originais_None_B5__tp00h__1__B5_0HR_1__bdd482f7dc.jpg,SEG_RUIM,super,HUVEC,originais||None||B5,0,1,B5 0HR 1.tiff,bdd482f7dc6eb34fb8cf5d0c03a6245e,bdd482f7dc__HUVEC__originais_None_B5__tp0h__B5_0HR_1.tiff,B5 0HR 1_png.rf.HyxAq2SZFEx1y342m6b9.png,nome,falha_metodo_WHST,CONSISTENTE_SUPER,sim,USAVEL_sem_correcao,2.276,irmao_campo,nao,nao,,nao_avaliavel,triagem,pegou a ferida e fora dela tambem,
HUVEC__originais_None_B5__tp08h__2__B5_8HR_2__5402a99d17.jpg,SEG_RUIM,super,HUVEC,originais||None||B5,8,2,B5 8HR 2.tiff,5402a99d17cca1c0abf235707a2b80d2,5402a99d17__HUVEC__originais_None_B5__tp8h__B5_8HR_2.tiff,B5 8HR 2_png.rf.BzRPidTOrz4nL1zIlvSL.png,nome,falha_metodo_WHST,MISTO,sim,CORRIGIR_misto,0.907,cond_ok,sim,nao,,nao_avaliavel,triagem,pegou a ferida e fora dela tambem,
HUVEC__originais_None_B5__tp12h__2__B5_12HR_2__c47de367f7.jpg,SEG_RUIM,super,HUVEC,originais||None||B5,12,2,B5 12HR 2.tiff,c47de367f71d0df2984cc7abb5b25ed6,c47de367f7__HUVEC__originais_None_B5__tp12h__B5_12HR_2.tiff,B5 12HR 2_png.rf.mSR2WAZaiHT4hljqFuAE.png,nome,falha_metodo_WHST,MISTO,sim,CORRIGIR_misto,0.775,cond_ok,sim,nao,,nao_avaliavel,triagem,pegou a ferida e fora dela tambem,
HUVEC__originais_None_B5__tp24h__1__B5_24HR_1__984fac6443.jpg,SEG_RUIM,super,HUVEC,originais||None||B5,24,1,B5 24HR 1.tiff,984fac6443c50ca43e61c6c8517e40b1,984fac6443__HUVEC__originais_None_B5__tp24h__B5_24HR_1.tiff,B5 24HR 1_png.rf.TJTLDoAzR6YqhVVqJjBV.png,nome,falha_metodo_WHST,CONSISTENTE_SUPER,sim,USAVEL_sem_correcao,4.898,cond_ok,nao,nao,0.8620,excesso,triagem,figura totalmente fechada,
HUVEC__originais_None_D1__tp00h__1__D1_0HR_1__857d6a0b73.jpg,OK,,HUVEC,originais||None||D1,0,1,D1 0HR 1.tiff,857d6a0b73c769b674150933c2708655,857d6a0b73__HUVEC__originais_None_D1__tp0h__D1_0HR_1.tiff,D1 0HR 1_png.rf.X95BBgcop2LdYBHvWj7G.png,nome,valida_ok,MISTO,sim,CORRIGIR_misto,,,nao,nao,,,triagem,,ok
HUVEC__originais_None_D1__tp00h__2__D1_0HR_2__7588e611d5.jpg,OK,,HUVEC,originais||None||D1,0,2,D1 0HR 2.tiff,7588e611d5a0706caaa0f1731d4c4d63,7588e611d5__HUVEC__originais_None_D1__tp0h__D1_0HR_2.tiff,D1 0HR 2_png.rf.pBkydjxMgVt0vB999uLo.png,nome,valida_ok,CONSISTENTE_OK,sim,USAVEL_sem_correcao,,,nao,nao,,,triagem,,
HUVEC__originais_None_D1__tp08h__1__D1_8HR_1__b98f1d3be8.jpg,OK,,HUVEC,originais||None||D1,8,1,D1 8HR 1.tiff,b98f1d3be8dae2532c55a53b6a38d00c,b98f1d3be8__HUVEC__originais_None_D1__tp8h__D1_8HR_1.tiff,D1 8HR 1_png.rf.7pXlMXWWJkv2xLuAp89c.png,nome,valida_ok,MISTO,sim,CORRIGIR_misto,,,nao,nao,0.9387,,triagem,,ok
HUVEC__originais_None_D1__tp08h__2__D1_8HR_2__365467be4f.jpg,OK,,HUVEC,originais||None||D1,8,2,D1 8HR 2.tiff,365467be4f08c9595cf4176c30ac6ef3,365467be4f__HUVEC__originais_None_D1__tp8h__D1_8HR_2.tiff,D1 8HR 2_png.rf.zXqaP0fHqHbabD0CzjuF.png,nome,valida_ok,CONSISTENTE_OK,sim,USAVEL_sem_correcao,,,nao,nao,0.9905,,triagem,,
HUVEC__originais_None_D1__tp12h__1__D1_12HR_1__c01f3f16cb.jpg,OK,,HUVEC,originais||None||D1,12,1,D1 12HR 1.tiff,c01f3f16cb25fef78d5abd8d88564f97,c01f3f16cb__HUVEC__originais_None_D1__tp12h__D1_12HR_1.tiff,D1 12HR 1_png.rf.Sa5pwYNBsukEYVE7qdCO.png,nome,valida_ok,MISTO,sim,CORRIGIR_misto,,,nao,nao,0.9646,,triagem,,ok
HUVEC__originais_None_D1__tp12h__2__D1_12HR_2__ff163eb7bd.jpg,OK,,HUVEC,originais||None||D1,12,2,D1 12HR 2.tiff,ff163eb7bdcebcb5123cba6a3ce2c386,ff163eb7bd__HUVEC__originais_None_D1__tp12h__D1_12HR_2.tiff,D1 12HR 2_png.rf.c61b9Qj6PnDGEcivk5oi.png,nome,valida_ok,CONSISTENTE_OK,sim,USAVEL_sem_correcao,,,nao,nao,0.6930,,triagem,,
HUVEC__originais_None_D1__tp24h__1__D1_24HR_1__8ea9f57fed.jpg,SEG_RUIM,super,HUVEC,originais||None||D1,24,1,D1 24HR 1.tiff,8ea9f57fedd6d61f14d9e96dc08af271,8ea9f57fed__HUVEC__originais_None_D1__tp24h__D1_24HR_1.tiff,D1 24HR 1_png.rf.D7yfyoxo08GRgfqWxkKs.png,nome,falha_metodo_WHST,MISTO,sim,CORRIGIR_misto,-0.505,irmao_campo,sim,nao,0.8345,excesso,triagem,"imagem ruidosa mas segmentação está quase boa, um pouco super",ok
HUVEC__originais_None_D1__tp24h__2__D1_24HR_2__07f7f3ae69.jpg,OK,,HUVEC,originais||None||D1,24,2,D1 24HR 2.tiff,07f7f3ae69ce42188426e4528352d5ca,07f7f3ae69__HUVEC__originais_None_D1__tp24h__D1_24HR_2.tiff,D1 24HR 2_png.rf.uoxKxnADebGlXimnPrEx.png,nome,valida_ok,CONSISTENTE_OK,sim,USAVEL_sem_correcao,,,nao,nao,0.8585,,triagem,,
HUVEC__originais_None_D4__tp00h__1__D4_0HR_1__cd14eeaab0.jpg,SEG_RUIM,super,HUVEC,originais||None||D4,0,1,D4 0HR 1.tiff,cd14eeaab09b14cf3006dcb20423abe9,cd14eeaab0__HUVEC__originais_None_D4__tp0h__D4_0HR_1.tiff,D4 0HR 1_png.rf.eLqJwBy4PkAeXHhqw8Ir.png,nome,falha_metodo_WHST,CONSISTENTE_SUPER+INVALIDA,sim,USAVEL_sem_correcao,0.058,irmao_campo,nao,nao,,nao_avaliavel,triagem,pegou a ferida e fora dela tambem,
HUVEC__originais_None_D4__tp00h__2__D4_0HR_2__5870bb947e.jpg,OK,,HUVEC,originais||None||D4,0,2,D4 0HR 2.tiff,5870bb947e772864c79ed9192604dcb4,5870bb947e__HUVEC__originais_None_D4__tp0h__D4_0HR_2.tiff,D4 0HR 2_png.rf.EwNjDB9ss3gmM00iJqPT.png,nome,valida_ok,MISTO,nao,CORRIGIR_misto,,,nao,nao,,,triagem,,
HUVEC__originais_None_D4__tp08h__1__D4_8HR_1__89b61b11f6.jpg,SEG_RUIM,super,HUVEC,originais||None||D4,8,1,D4 8HR 1.tiff,89b61b11f60a7daae185d054100fde7a,89b61b11f6__HUVEC__originais_None_D4__tp8h__D4_8HR_1.tiff,D4 8HR 1_png.rf.VEshHRtiysfYv1YrXVR9.png,nome,falha_metodo_WHST,CONSISTENTE_SUPER+INVALIDA,sim,USAVEL_sem_correcao,-0.370,cond_ok,nao,nao,0.9168,excesso,triagem,segmentação pouco super,
HUVEC__originais_None_D4__tp08h__2__D4_8HR_2__0a2a2af49b.jpg,SEG_RUIM,sub,HUVEC,originais||None||D4,8,2,D4 8HR 2.tiff,0a2a2af49bcbcf1c024edff0e1429b59,0a2a2af49b__HUVEC__originais_None_D4__tp8h__D4_8HR_2.tiff,D4 8HR 2_png.rf.1gESfR3nmJtUf5QdqE6H.png,nome,falha_metodo_WHST,MISTO,nao,CORRIGIR_misto,,,sim,nao,0.9983,excesso,triagem,"segmentação quase correta, faltou apenas uma parte",ok
HUVEC__originais_None_D4__tp12h__1__D4_12HR_1__32105a21ed.jpg,IMG_INVALIDA,,HUVEC,originais||None||D4,12,1,D4 12HR 1.tiff,32105a21edc30cdd070e1ffd3bf91e1e,32105a21ed__HUVEC__originais_None_D4__tp12h__D4_12HR_1.tiff,D4 12HR 1_png.rf.coQP5Rm68FoQiPA5lE4l.png,nome,invalidez_imagem,CONSISTENTE_SUPER+INVALIDA,sim,USAVEL_sem_correcao,,,nao,sim,0.6236,,anotacao,"duvida, invalidaria",
HUVEC__originais_None_D4__tp12h__2__D4_12HR_2__bcc023dcdc.jpg,OK,,HUVEC,originais||None||D4,12,2,D4 12HR 2.tiff,bcc023dcdc066f13d6ef74112c7a5f47,bcc023dcdc__HUVEC__originais_None_D4__tp12h__D4_12HR_2.tiff,D4 12HR 2_png.rf.3mHz6QXfVp3bYuBorSyN.png,nome,valida_ok,MISTO,nao,CORRIGIR_misto,,,nao,nao,0.7929,,anotacao,segmentação boa,
HUVEC__originais_None_D4__tp24h__1__D4_24HR_1__f676cb2911.jpg,SEG_RUIM,super,HUVEC,originais||None||D4,24,1,D4 24HR 1.tiff,f676cb2911e8348de78164a91ecbfbb9,f676cb2911__HUVEC__originais_None_D4__tp24h__D4_24HR_1.tiff,D4 24HR 1_png.rf.ZeWox4g9WSQYjCRdF5Hj.png,nome,falha_metodo_WHST,CONSISTENTE_SUPER+INVALIDA,sim,USAVEL_sem_correcao,-0.513,cond_ok,nao,nao,0.0000,espuria_fechada,triagem,figura totalmente fechada,
HUVEC__originais_None_D4__tp24h__2__D4_24HR_2__3bb0ffa3c2.jpg,SEG_RUIM,super,HUVEC,originais||None||D4,24,2,D4 24HR 2.tiff,3bb0ffa3c2cc5a19868c40b2848b48de,3bb0ffa3c2__HUVEC__originais_None_D4__tp24h__D4_24HR_2.tiff,D4 24HR 2_png.rf.aSdWjnYDFFICPSVHPh41.png,nome,falha_metodo_WHST,MISTO,nao,CORRIGIR_misto,-1.000,cond_ok,sim,nao,0.3745,espuria_fechada,triagem,figura totalmente fechada,fechada
SKOV-3__P1_CT_F10__tp00h__F10__ct2_5__47d9864f0d.jpg,OK,,SKOV-3,P1|CT|F10,0,F10,ct2_5.tiff,47d9864f0d359f85fadb687bdc3b50f9,47d9864f0d__SKOV-3__P1_CT_F10__tp0h__ct2_5.tiff,ct2_5_png.rf.V6uuFIT0hRf8VvfkI0ft.png,nome,valida_ok,MISTO,sim,CORRIGIR_misto,,,nao,nao,,,triagem,,ok
SKOV-3__P1_CT_F10__tp48h__F10__Snap_10_2__b683f7cf68.jpg,SEG_RUIM,super,SKOV-3,P1|CT|F10,48,F10,Snap-10 (2).tiff,b683f7cf686427d0d35829848592e30b,b683f7cf68__SKOV-3__P1_CT_F10__tp48h__Snap-10_2.tiff,Snap-10_146_png.rf.J1zTbpCRqsOW6DtsIPzv.png,nome,falha_metodo_WHST,MISTO,sim,CORRIGIR_misto,-1.000,lote_ok,sim,nao,0.6388,excesso,triagem,figura totalmente fechada,fechada
SKOV-3__P1_CT_F8__tp00h__F8__ct2_3__8ece12b29e.jpg,OK,,SKOV-3,P1|CT|F8,0,F8,ct2_3.tiff,8ece12b29efc5a945d9ede228aa127ca,8ece12b29e__SKOV-3__P1_CT_F8__tp0h__ct2_3.tiff,ct2_3_png.rf.05gH6Q4BVtzjbT8GvpXk.png,nome,valida_ok,MISTO,sim,CORRIGIR_misto,,,nao,nao,,,triagem,,ok
SKOV-3__P1_CT_F8__tp24h__F8__Snap_09_2__1d20187a19.jpg,SEG_RUIM,super,SKOV-3,P1|CT|F8,24,F8,Snap-09 (2).tiff,1d20187a19089d045960cfb8bc5bff11,1d20187a19__SKOV-3__P1_CT_F8__tp24h__Snap-09_2.tiff,Snap-09_200_png.rf.T1DuJr60ClWyEIrNPE9K.png,nome,falha_metodo_WHST,MISTO,sim,CORRIGIR_misto,-1.000,lote_ok,sim,nao,0.2571,deslocada,triagem,figura totalmente fechada,fechada
SKOV-3__P1_CT_F8__tp48h__F8__Snap_08_2__95925abdae.jpg,SEG_RUIM,super,SKOV-3,P1|CT|F8,48,F8,Snap-08 (2).tiff,95925abdaed15a73f98f3cbd88c8dc12,95925abdae__SKOV-3__P1_CT_F8__tp48h__Snap-08_2.tiff,Snap-08_141_png.rf.xxwXm4vgaTgEnxfrDBvk.png,nome,falha_metodo_WHST,MISTO,sim,CORRIGIR_misto,-1.000,lote_ok,sim,nao,0.4631,deslocada,triagem,figura totalmente fechada,fechada
SKOV-3__P1_GEO_F11__tp24h__F11__Snap_42_2__aceb303f81.jpg,SEG_RUIM,super,SKOV-3,P1|GEO|F11,24,F11,Snap-42 (2).tiff,aceb303f818180a1b76b4eb2345ee329,aceb303f81__SKOV-3__P1_GEO_F11__tp24h__Snap-42_2.tiff,Snap-42_225_png.rf.mQxoBxfdEUUtVkhWybfs.png,nome,falha_metodo_WHST,MISTO,nao,SEM_BASELINE_fora_pareada,-0.181,lote_ok,nao,nao,,nao_avaliavel,triagem,pegou fora da ferida,
SKOV-3__P1_GEO_F11__tp48h__F11__Snap_42_2__1c257ba6ee.jpg,SEG_RUIM,super,SKOV-3,P1|GEO|F11,48,F11,Snap-42 (2).tiff,1c257ba6ee3dab7e5d2c116f9cddb826,1c257ba6ee__SKOV-3__P1_GEO_F11__tp48h__Snap-42_2.tiff,Snap-42_165_png.rf.3eAR7nfV8aWUfPbBc82Q.png,nome,falha_metodo_WHST,MISTO,nao,SEM_BASELINE_fora_pareada,0.950,lote_ok,nao,nao,,nao_avaliavel,triagem,pegou fora da ferida,
SKOV-3__P1_GEO_F11__tp72h__F11__Snap_31__6dfed6db6e.jpg,OK,,SKOV-3,P1|GEO|F11,72,F11,Snap-31.tiff,6dfed6db6ed38703da5b42263e5980ce,6dfed6db6e__SKOV-3__P1_GEO_F11__tp72h__Snap-31.tiff,Snap-31_281_png.rf.HrwVzS03qTHBX5RB7awf.png,nome,valida_ok,MISTO,nao,SEM_BASELINE_fora_pareada,,,nao,nao,,,anotacao,imagem ruidosa mas segmentação boa,
SKOV-3__P1_GEO_F6__tp24h__F6__Snap_37_2__d421258d9f.jpg,SEG_RUIM,super,SKOV-3,P1|GEO|F6,24,F6,Snap-37 (2).tiff,d421258d9feb0cacbf34b73328a52121,d421258d9f__SKOV-3__P1_GEO_F6__tp24h__Snap-37_2.tiff,Snap-37_235_png.rf.fp1LasdFT1TZbfgrTie6.png,nome,falha_metodo_WHST,MISTO,nao,SEM_BASELINE_fora_pareada,-0.016,lote_ok,nao,nao,,nao_avaliavel,triagem,pegou fora da ferida,
SKOV-3__P1_GEO_F6__tp48h__F6__Snap_37_2__d96e0fc45b.jpg,SEG_RUIM,super,SKOV-3,P1|GEO|F6,48,F6,Snap-37 (2).tiff,d96e0fc45b49b501184e6b8b7d0f68fe,d96e0fc45b__SKOV-3__P1_GEO_F6__tp48h__Snap-37_2.tiff,Snap-37_175_png.rf.FF9MN09bmlSbN40cxQRu.png,nome,falha_metodo_WHST,MISTO,nao,SEM_BASELINE_fora_pareada,1.544,lote_ok,nao,nao,,nao_avaliavel,triagem,pegou fora da ferida,
SKOV-3__P1_GEO_F6__tp72h__F6__Snap_26__4406107ac9.jpg,OK,,SKOV-3,P1|GEO|F6,72,F6,Snap-26.tiff,4406107ac9b2f979bc7731e5a7c64a81,4406107ac9__SKOV-3__P1_GEO_F6__tp72h__Snap-26.tiff,Snap-26_283_png.rf.YFDkIZNg1W2rRyv6xoZQ.png,nome,valida_ok,MISTO,nao,SEM_BASELINE_fora_pareada,,,nao,nao,,,anotacao,imagem ruidosa mas segmentação boa,
SKOV-3__P1_GEO_PTX_F1__tp24h__F1__Snap_47_2__f0af91b428.jpg,SEG_RUIM,super,SKOV-3,P1|GEO+PTX|F1,24,F1,Snap-47 (2).tiff,f0af91b428a9f078e93eb0821c1d3204,f0af91b428__SKOV-3__P1_GEO+PTX_F1__tp24h__Snap-47_2.tiff,Snap-47_219_png.rf.tXiQQL4hg3VyVt8yhPHg.png,nome,falha_metodo_WHST,MISTO,nao,SEM_BASELINE_fora_pareada,0.913,cond_ok,nao,nao,,nao_avaliavel,triagem,pegou a ferida e fora dela tambem,
SKOV-3__P1_GEO_PTX_F1__tp48h__F1__Snap_47_2__f4b158f3ff.jpg,OK,,SKOV-3,P1|GEO+PTX|F1,48,F1,Snap-47 (2).tiff,f4b158f3ffa2f896473e86a20ff3b594,f4b158f3ff__SKOV-3__P1_GEO+PTX_F1__tp48h__Snap-47_2.tiff,Snap-47_159_png.rf.iWHwHxKcpvJIH7RHtxRu.png,nome,valida_ok,MISTO,nao,SEM_BASELINE_fora_pareada,,,nao,nao,,,triagem,,
SKOV-3__P1_GEO_PTX_F1__tp72h__F1__Snap_36__e6ef55bb93.jpg,OK,,SKOV-3,P1|GEO+PTX|F1,72,F1,Snap-36.tiff,e6ef55bb93a5f4f3346e90162a8e7dbe,e6ef55bb93__SKOV-3__P1_GEO+PTX_F1__tp72h__Snap-36.tiff,Snap-36_271_png.rf.sfFr7wfzXmMz4JWE34hv.png,nome,valida_ok,MISTO,nao,SEM_BASELINE_fora_pareada,,,nao,nao,,,triagem,,
SKOV-3__P1_GEO_PTX_F6__tp24h__F6__Snap_52_2__07006e35fe.jpg,OK,,SKOV-3,P1|GEO+PTX|F6,24,F6,Snap-52 (2).tiff,07006e35fecf24eacb7b06e709d94262,07006e35fe__SKOV-3__P1_GEO+PTX_F6__tp24h__Snap-52_2.tiff,Snap-52_213_png.rf.YrkkVK1Bonf3TxwPZWyE.png,nome,valida_ok,MISTO+INVALIDA,nao,SEM_BASELINE_fora_pareada,,,nao,nao,,,triagem,,
SKOV-3__P1_GEO_PTX_F6__tp48h__F6__Snap_52_2__58a4cc19a9.jpg,IMG_INVALIDA,,SKOV-3,P1|GEO+PTX|F6,48,F6,Snap-52 (2).tiff,58a4cc19a93323843679011ecaf8b247,58a4cc19a9__SKOV-3__P1_GEO+PTX_F6__tp48h__Snap-52_2.tiff,Snap-52_153_png.rf.jWozliFwqBh7FtxPjDhr.png,nome,invalidez_imagem,MISTO+INVALIDA,nao,SEM_BASELINE_fora_pareada,,,nao,sim,,,anotacao,"imagem muito ruidosa, trataria como invalida",
SKOV-3__P1_GEO_PTX_F6__tp72h__F6__Snap_41__2166dad4b4.jpg,SEG_RUIM,sub,SKOV-3,P1|GEO+PTX|F6,72,F6,Snap-41.tiff,2166dad4b42dd44ab84dab92acd1c58b,2166dad4b4__SKOV-3__P1_GEO+PTX_F6__tp72h__Snap-41.tiff,Snap-41_270_png.rf.46zb8PtP1Yuu9Wit1FpP.png,nome,falha_metodo_WHST,MISTO+INVALIDA,nao,SEM_BASELINE_fora_pareada,,,nao,nao,,nao_avaliavel,triagem,"segmentação quase correta, faltou apenas uma parte",
SKOV-3__P1_PTX_F2__tp00h__F2__ptx1_2__61e00c0106.jpg,OK,,SKOV-3,P1|PTX|F2,0,F2,ptx1_2.tiff,61e00c01069d2603c85e005bf0be08b2,61e00c0106__SKOV-3__P1_PTX_F2__tp0h__ptx1_2.tiff,ptx1_2_png.rf.mOSxinMIUOQxQUjpAhxb.png,nome,valida_ok,CONSISTENTE_OK,sim,USAVEL_sem_correcao,,,nao,nao,,,triagem,,
SKOV-3__P1_PTX_F2__tp24h__F2__Snap_18_2__4e02b25d63.jpg,OK,,SKOV-3,P1|PTX|F2,24,F2,Snap-18 (2).tiff,4e02b25d632012b6babec10c16cb8ad5,4e02b25d63__SKOV-3__P1_PTX_F2__tp24h__Snap-18_2.tiff,Snap-18_182_png.rf.0olrnxTCWxDIVmtPK3HA.png,nome,valida_ok,CONSISTENTE_OK,sim,USAVEL_sem_correcao,,,nao,nao,0.9716,,triagem,,
SKOV-3__P1_PTX_F2__tp48h__F2__Snap_18_2__691f27f27e.jpg,OK,,SKOV-3,P1|PTX|F2,48,F2,Snap-18 (2).tiff,691f27f27ebe512916d12df0397687d6,691f27f27e__SKOV-3__P1_PTX_F2__tp48h__Snap-18_2.tiff,Snap-18_122_png.rf.rEzRHI9DOsMmEv8NXGFz.png,nome,valida_ok,CONSISTENTE_OK,sim,USAVEL_sem_correcao,,,nao,nao,0.9637,,triagem,,
SKOV-3__P1_PTX_F9__tp00h__F9__ptx2_4__24876cef41.jpg,OK,,SKOV-3,P1|PTX|F9,0,F9,ptx2_4.tiff,24876cef41c530016d789a8b78dc72e9,24876cef41__SKOV-3__P1_PTX_F9__tp0h__ptx2_4.tiff,ptx2_4_png.rf.YEH27Bh4es5Hup4qomsA.png,nome,valida_ok,CONSISTENTE_OK,sim,USAVEL_sem_correcao,,,nao,nao,,,triagem,,
SKOV-3__P1_PTX_F9__tp24h__F9__Snap_25_2__76e82b7d28.jpg,OK,,SKOV-3,P1|PTX|F9,24,F9,Snap-25 (2).tiff,76e82b7d28c042e8633a8fff74156148,76e82b7d28__SKOV-3__P1_PTX_F9__tp24h__Snap-25_2.tiff,Snap-25_184_png.rf.fnCmHOHxb5uRZMEeY7RB.png,nome,valida_ok,CONSISTENTE_OK,sim,USAVEL_sem_correcao,,,nao,nao,0.5637,,triagem,,
SKOV-3__P1_PTX_F9__tp48h__F9__Snap_25_2__2f8f6fd531.jpg,OK,,SKOV-3,P1|PTX|F9,48,F9,Snap-25 (2).tiff,2f8f6fd53195a0a89fe14664da9e5825,2f8f6fd531__SKOV-3__P1_PTX_F9__tp48h__Snap-25_2.tiff,Snap-25_124_png.rf.qhyZRieBWx1vF8Vfj4ck.png,nome,valida_ok,CONSISTENTE_OK,sim,USAVEL_sem_correcao,,,nao,nao,0.9751,,triagem,,
SKOV-3__P2_CARBO_F5__tp00h__F5__Snap_20__a1d9784c97.jpg,OK,,SKOV-3,P2|CARBO|F5,0,F5,Snap-20.tiff,a1d9784c9793db402ceb45dfef714ea4,a1d9784c97__BASELINE__SKOV-3__P2_CARBO_F5__tp0h__Snap-20.tiff,(baseline_recuperado),nome,valida_ok,MISTO,sim,CORRIGIR_misto,,,nao,nao,,,triagem,,ok
SKOV-3__P2_CARBO_F5__tp24h__F5__Snap_20__e38b9ca083.jpg,SEG_RUIM,super,SKOV-3,P2|CARBO|F5,24,F5,Snap-20.tiff,e38b9ca083b13231f64805194d56f2ba,e38b9ca083__SKOV-3__P2_CARBO_F5__tp24h__Snap-20.tiff,Snap-20_104_png.rf.lu9wLu7mqVxquLAseXNa.png,nome,falha_metodo_WHST,MISTO,sim,CORRIGIR_misto,-0.481,cond_ok,sim,nao,0.7771,excesso,anotacao,"imagem ruidosa mas segmentação está quase boa, pegou local errado e faltou uma parte",ok
SKOV-3__P2_CARBO_F5__tp48h__F5__Snap_21__e068a53984.jpg,SEG_RUIM,super,SKOV-3,P2|CARBO|F5,48,F5,Snap-21.tiff,e068a5398485dc3fa8c1390a329b0f50,e068a53984__SKOV-3__P2_CARBO_F5__tp48h__Snap-21.tiff,Snap-21_56_png.rf.ycoY7vPUknblypXrORx3.png,nome,falha_metodo_WHST,MISTO,sim,CORRIGIR_misto,-0.794,lote_ok,sim,nao,0.3369,deslocada,anotacao,"imagem ruidosa mas segmentação está quase boa, um pouco super",ok
SKOV-3__P2_CARBO_F9__tp00h__F9__Snap_25__6fb12c61f6.jpg,SEG_RUIM,sub,SKOV-3,P2|CARBO|F9,0,F9,Snap-25.tiff,6fb12c61f61af17645564c2fda0c8e69,6fb12c61f6__SKOV-3__P2_CARBO_F9__tp0h__Snap-25.tiff,Snap-25_png.rf.NZSC2ldRJFXa4414jttF.png,nome,falha_metodo_WHST,MISTO,sim,CORRIGIR_misto,,,sim,nao,,nao_avaliavel,triagem,"segmentação quase correta, faltou apenas uma parte",ok
SKOV-3__P2_CARBO_F9__tp24h__F9__Snap_24__ec6c7bc6f7.jpg,OK,,SKOV-3,P2|CARBO|F9,24,F9,Snap-24.tiff,ec6c7bc6f70e77488d7302594e619123,ec6c7bc6f7__SKOV-3__P2_CARBO_F9__tp24h__Snap-24.tiff,Snap-24_96_png.rf.s6DeTIAvmh6iZiaYgj4W.png,nome,valida_ok,MISTO,sim,CORRIGIR_misto,,,nao,nao,0.6992,,triagem,,ok
SKOV-3__P2_CARBO_F9__tp48h__F9__Snap_25__0270d51969.jpg,SEG_RUIM,super,SKOV-3,P2|CARBO|F9,48,F9,Snap-25.tiff,0270d51969a33bcaa0e160b42adeb4fa,0270d51969__SKOV-3__P2_CARBO_F9__tp48h__Snap-25.tiff,Snap-25_50_png.rf.CHeux2nrD5owQB0rBnrP.png,nome,falha_metodo_WHST,MISTO,sim,CORRIGIR_misto,-1.000,lote_ok,sim,nao,0.3236,deslocada,triagem,figura totalmente fechada,fechada
SKOV-3__P2_CARBO_GEO_F14__tp00h__F14__Snap_60__491a59f24e.jpg,OK,,SKOV-3,P2|CARBO+GEO|F14,0,F14,Snap-60.tiff,491a59f24efa905942bd115644c23534,491a59f24e__SKOV-3__P2_CARBO+GEO_F14__tp0h__Snap-60.tiff,Snap-60_png.rf.RpcRTxyR97nXnbvR3urB.png,nome,valida_ok,CONSISTENTE_OK,sim,USAVEL_sem_correcao,,,nao,nao,,,triagem,,
SKOV-3__P2_CARBO_GEO_F14__tp48h__F14__Snap_60__f6f69dd7a1.jpg,OK,,SKOV-3,P2|CARBO+GEO|F14,48,F14,Snap-60.tiff,f6f69dd7a1fef0ce73d55fb84aaab967,f6f69dd7a1__SKOV-3__P2_CARBO+GEO_F14__tp48h__Snap-60.tiff,Snap-60_12_png.rf.AiY33Mo4Daj2M4cZgUnh.png,nome,valida_ok,CONSISTENTE_OK,sim,USAVEL_sem_correcao,,,nao,nao,0.8955,,triagem,,
SKOV-3__P2_CARBO_GEO_F8__tp00h__F8__Snap_54__32f816646e.jpg,OK,,SKOV-3,P2|CARBO+GEO|F8,0,F8,Snap-54.tiff,32f816646e38e5d9e5c7c22feaf01305,32f816646e__SKOV-3__P2_CARBO+GEO_F8__tp0h__Snap-54.tiff,Snap-54_png.rf.HGYLhnxL2tQsTiXRBg9n.png,nome,valida_ok,MISTO,sim,CORRIGIR_misto,,,nao,nao,,,triagem,,ok
SKOV-3__P2_CARBO_GEO_F8__tp24h__F8__Snap_54__757d325f1f.jpg,OK,,SKOV-3,P2|CARBO+GEO|F8,24,F8,Snap-54.tiff,757d325f1fa41229e21ee9d852daba58,757d325f1f__SKOV-3__P2_CARBO+GEO_F8__tp24h__Snap-54.tiff,Snap-54_106_png.rf.VOFbghvZhHsPNSqUFFkZ.png,nome,valida_ok,MISTO,sim,CORRIGIR_misto,,,nao,nao,0.8886,,triagem,,ok
SKOV-3__P2_CARBO_GEO_F8__tp48h__F8__Snap_54__431a247e4d.jpg,SEG_RUIM,sub,SKOV-3,P2|CARBO+GEO|F8,48,F8,Snap-54.tiff,431a247e4d70f7ba30539cf829e7f08f,431a247e4d__SKOV-3__P2_CARBO+GEO_F8__tp48h__Snap-54.tiff,Snap-54_1_png.rf.LYlBIIJ3KoqRfd7QemOX.png,nome,falha_metodo_WHST,MISTO,sim,CORRIGIR_misto,,,sim,nao,0.9711,excesso,triagem,"segmentação quase correta, faltou apenas uma parte",ok
SKOV-3__P2_CT_F15__tp00h__F15__Snap_15__fa6dd30a89.jpg,OK,,SKOV-3,P2|CT|F15,0,F15,Snap-15.tiff,fa6dd30a89c9ae4c61d87415832d603d,fa6dd30a89__BASELINE__SKOV-3__P2_CT_F15__tp0h__Snap-15.tiff,(baseline_recuperado),nome,valida_ok,MISTO,sim,CORRIGIR_misto,,,nao,nao,,,triagem,,ok
SKOV-3__P2_CT_F15__tp24h__F15__Snap_15__b42d83ed55.jpg,SEG_RUIM,super,SKOV-3,P2|CT|F15,24,F15,Snap-15.tiff,b42d83ed55eccd538abc31c1666317f4,b42d83ed55__SKOV-3__P2_CT_F15__tp24h__Snap-15.tiff,Snap-15_60_png.rf.AUB9Da86Zc4f2GiWRpgF.png,nome,falha_metodo_WHST,MISTO,sim,CORRIGIR_misto,0.873,cond_ok,sim,nao,0.5827,excesso,triagem,pegou a ferida e fora dela tambem,ok
SKOV-3__P2_CT_F15__tp48h__F15__Snap_15__fd9cb2c695.jpg,SEG_RUIM,super,SKOV-3,P2|CT|F15,48,F15,Snap-15.tiff,fd9cb2c6950499a97833f53ee99c6f18,fd9cb2c695__SKOV-3__P2_CT_F15__tp48h__Snap-15.tiff,Snap-15_15_png.rf.oEkUKHxOZ7qcBLxMlF5e.png,nome,falha_metodo_WHST,MISTO,sim,CORRIGIR_misto,-1.000,lote_ok,sim,nao,0.0750,deslocada,triagem,figura totalmente fechada,fechada
SKOV-3__P2_CT_F9__tp00h__F9__Snap_10__207e171eaf.jpg,OK,,SKOV-3,P2|CT|F9,0,F9,Snap-10.tiff,207e171eaf1ae81829fd25ec4eea5b07,207e171eaf__SKOV-3__P2_CT_F9__tp0h__Snap-10.tiff,Snap-10_png.rf.yj7fOx6nAZtfK19C65wZ.png,nome,valida_ok,MISTO,sim,CORRIGIR_misto,,,nao,nao,,,triagem,,ok
SKOV-3__P2_CT_F9__tp24h__F9__Snap_09__ef8663825e.jpg,OK,,SKOV-3,P2|CT|F9,24,F9,Snap-09.tiff,ef8663825ef2527cd8917a6c057604e8,ef8663825e__SKOV-3__P2_CT_F9__tp24h__Snap-09.tiff,Snap-09_66_png.rf.DXbLfCegxmVs4TDoenmh.png,nome,valida_ok,MISTO,sim,CORRIGIR_misto,,,nao,nao,0.9945,,triagem,,ok
SKOV-3__P2_CT_F9__tp48h__F9__Snap_09__bea62375f6.jpg,SEG_RUIM,super,SKOV-3,P2|CT|F9,48,F9,Snap-09.tiff,bea62375f661f9df54f87613ebb51a1e,bea62375f6__SKOV-3__P2_CT_F9__tp48h__Snap-09.tiff,Snap-09_21_png.rf.eX9WeCW8GgIO8pb44zNf.png,nome,falha_metodo_WHST,MISTO,sim,CORRIGIR_misto,-1.000,lote_ok,sim,nao,0.3058,deslocada,triagem,figura totalmente fechada,fechada
SKOV-3__P2_GEO_F11__tp00h__F11__Snap_42__3e861f7b95.jpg,OK,,SKOV-3,P2|GEO|F11,0,F11,Snap-42.tiff,3e861f7b95fee645e084da3386f6e791,3e861f7b95__SKOV-3__P2_GEO_F11__tp0h__Snap-42.tiff,Snap-42_png.rf.vXnbjKiFLjrY6iWZoR1j.png,nome,valida_ok,CONSISTENTE_OK,sim,USAVEL_sem_correcao,,,nao,nao,,,triagem,,
SKOV-3__P2_GEO_F11__tp24h__F11__Snap_42__8328b100ab.jpg,OK,,SKOV-3,P2|GEO|F11,24,F11,Snap-42.tiff,8328b100ab9e0afc8eb45dadb1a3fbfb,8328b100ab__SKOV-3__P2_GEO_F11__tp24h__Snap-42.tiff,Snap-42_76_png.rf.erwRb4d1blf6lhZ6UFWy.png,nome,valida_ok,CONSISTENTE_OK,sim,USAVEL_sem_correcao,,,nao,nao,0.9882,,triagem,,
SKOV-3__P2_GEO_F8__tp00h__F8__Snap_39__81a85f25ae.jpg,IMG_INVALIDA,,SKOV-3,P2|GEO|F8,0,F8,Snap-39.tiff,81a85f25ae518a991e4858ec5e2da0be,81a85f25ae__SKOV-3__P2_GEO_F8__tp0h__Snap-39.tiff,Snap-39_png.rf.B5ZdhBp8JGAo6JQji9gU.png,nome,invalidez_imagem,CONSISTENTE_OK+INVALIDA,nao,SEM_BASELINE_fora_pareada,,,nao,sim,,,anotacao,invalida,
SKOV-3__P2_GEO_F8__tp24h__F8__Snap_39__2f0b118f20.jpg,OK,,SKOV-3,P2|GEO|F8,24,F8,Snap-39.tiff,2f0b118f209c21da1f0cbe780d855ddf,2f0b118f20__SKOV-3__P2_GEO_F8__tp24h__Snap-39.tiff,Snap-39_77_png.rf.FBpms3tKgC2fVOg0pxu7.png,nome,valida_ok,CONSISTENTE_OK+INVALIDA,nao,SEM_BASELINE_fora_pareada,,,nao,nao,0.9842,,triagem,,
,IMG_INVALIDA,,HUVEC,LUIS RAW||PET||C5,0,2,C5 0H 2.tiff,8ed03d3c0801b472c23566824390cb37,8ed03d3c08__BASELINE_REC__HUVEC__LUIS_RAW_PET_C5__tp0h__C5_0H_2.tiff,,,invalidez_imagem,CONSISTENTE_SUPER+INVALIDA,sim,USAVEL_sem_correcao,,,nao,sim,,,correcao_manual,,invalida
,IMG_INVALIDA,,HUVEC,LUIS RAW||PET||F2,0,2,F2 0H 2.tiff,a4fc0d486b8bb56a130d02e6546adb35,a4fc0d486b__BASELINE_REC__HUVEC__LUIS_RAW_PET_F2__tp0h__F2_0H_2.tiff,,,invalidez_imagem,CONSISTENTE_SUPER+INVALIDA,nao,CORRIGIR_consistente_implausivel,,,nao,sim,,,correcao_manual,,invalida
,IMG_INVALIDA,,HUVEC,Migração (PET e PEP) n2 - RAW||PEP||A2,0,1,A2 0H 1.tiff,f2751b8277daa5c75ae67c34b41a8e8c,f2751b8277__BASELINE_REC__HUVEC__Migra_o_PET_e_PEP_n2_RAW_PEP_A2__tp0h__A2_0H_1.tiff,,,invalidez_imagem,CONSISTENTE_SUPER+INVALIDA,nao,CORRIGIR_consistente_implausivel,,,nao,sim,,,correcao_manual,,invalida
,OK,,HUVEC,originais||None||A5,0,2,A5 0HR 2.tiff,fb2b4ab75eb6ae516a3a7afe9c2af245,fb2b4ab75e__BASELINE_REC__HUVEC__originais_None_A5__tp0h__A5_0HR_2.tiff,,,valida_ok,CONSISTENTE_OK,sim,USAVEL_sem_correcao,,,nao,nao,,,baseline_recuperado_corrigido,,ok
,OK,,HUVEC,originais||None||B5,0,2,B5 0HR 2.tiff,54b338af67594bb7d6101d898b16c339,54b338af67__BASELINE_REC__HUVEC__originais_None_B5__tp0h__B5_0HR_2.tiff,,,valida_ok,MISTO,sim,CORRIGIR_misto,,,nao,nao,,,baseline_recuperado_corrigido,,ok
