whst_input_file,cell_line,timepoint_h,analysis_unit,series_key,campo,grupo_split,is_baseline,area_pct,categoria,needs_correction,raw_file,test_image
121a1c1fcd__HUVEC__Controle+Saudavel_None_A1__tp12h__A1_12hr_1.tiff,HUVEC,12,Controle||None||A1,Controle||None||A1||c1,1,Controle+Saudavel||None||A1,no,15.087,OK,0,A1 12hr 1.tiff,A1 12hr 1_png.rf.hPnekH9tRkKoF84Y4HTD.png
d1683f117e__HUVEC__Controle+Saudavel_None_A1__tp24h__A1_24hr_1.tiff,HUVEC,24,Controle||None||A1,Controle||None||A1||c1,1,Controle+Saudavel||None||A1,no,4.654,DISCORDANCIA_CAMPO,1,A1 24hr 1.tiff,A1 24hr 1_png.rf.LkrEN1mHJhJhYU2lmydg.png
7131dcbea1__HUVEC__Controle+Saudavel_None_A1__tp24h__A1_24h_1.tiff,HUVEC,24,Controle||None||A1,Controle||None||A1||c1,1,Controle+Saudavel||None||A1,no,1.035,DISCORDANCIA_CAMPO,1,A1 24h 1.tiff,A1 24h 1_png.rf.TlQXP6CHdUFWS07zQImN.png
4912771227__HUVEC__Controle+Saudavel_None_A1__tp12h__A1_12hr_2.tiff,HUVEC,12,Controle||None||A1,Controle||None||A1||c2,2,Controle+Saudavel||None||A1,no,9.938,OK,0,A1 12hr 2.tiff,A1 12HR 2_png.rf.6p7F3HADokVM7aGI7thQ.png
852829b565__HUVEC__Controle+Saudavel_None_A1__tp24h__A1_24h_2.tiff,HUVEC,24,Controle||None||A1,Controle||None||A1||c2,2,Controle+Saudavel||None||A1,no,2.095,DISCORDANCIA_CAMPO,1,A1 24h 2.tiff,A1 24h 2_png.rf.o9mYSgMZsKvkMpLuHnpZ.png
0b6e433347__HUVEC__Controle+Saudavel_None_B1__tp0h__B1_0hr_1.tiff,HUVEC,0,Controle||None||B1,Controle||None||B1||c1,1,Controle+Saudavel||None||B1,no,47.13,OK,0,B1 0hr 1.tiff,B1 0hr 1_png.rf.HQmAp3GBzLOJSBnrI49n.png
379d95a8e1__HUVEC__Controle+Saudavel_None_B1__tp8h__B1_8hr_1.tiff,HUVEC,8,Controle||None||B1,Controle||None||B1||c1,1,Controle+Saudavel||None||B1,no,34.466,OK,0,B1 8hr 1.tiff,B1 8hr 1_png.rf.xNkp4JfkmuylOQerzD1Q.png
62c9f5d9a5__HUVEC__Controle+Saudavel_None_B1__tp12h__B1_12hr_1.tiff,HUVEC,12,Controle||None||B1,Controle||None||B1||c1,1,Controle+Saudavel||None||B1,no,49.312,FALHA_CLOSURE_NEG+FALHA_NAO_MONOTONICO,1,B1 12hr 1.tiff,B1 12hr 1_png.rf.sRUPpw6VBKsEL7UWcuqg.png
6a4edc8aeb__HUVEC__Controle+Saudavel_None_B1__tp0h__B1_0hr_2.tiff,HUVEC,0,Controle||None||B1,Controle||None||B1||c2,2,Controle+Saudavel||None||B1,no,59.164,OK,0,B1 0hr 2.tiff,B1 0hr 2_png.rf.XjumgmgMNkQhrRGLEgFA.png
80b3243635__HUVEC__Controle+Saudavel_None_B1__tp8h__B1_8hr_2.tiff,HUVEC,8,Controle||None||B1,Controle||None||B1||c2,2,Controle+Saudavel||None||B1,no,26.102,OK,0,B1 8hr 2.tiff,B1 8HR 2_png.rf.QKXzmdKQE41ccuWFgbwS.png
9487facce2__HUVEC__LUIS_RAW_PEP+GB_A3__tp0h__A3_0H_1.tiff,HUVEC,0,LUIS RAW||PEP+GB||A3,LUIS RAW||PEP+GB||A3||c1,1,LUIS RAW||PEP+GB||A3,no,0.076,DISCORDANCIA_CAMPO+FALHA_CLOSURE_NEG+FALHA_SUB,1,A3 0H 1.tiff,A3 0H 1_png.rf.4oL1M95z5XQoppHkibCl.png
a174960b96__HUVEC__LUIS_RAW_PEP+GB_A3__tp8h__A3_8H_1.tiff,HUVEC,8,LUIS RAW||PEP+GB||A3,LUIS RAW||PEP+GB||A3||c1,1,LUIS RAW||PEP+GB||A3,no,5.029,FALHA_CLOSURE_NEG,1,A3 8H 1.tiff,A3 8H 1_png.rf.d60KhXvDmSmp3Oia8S8T.png
cc55a9026b__HUVEC__LUIS_RAW_PEP+GB_A3__tp12h__A3_12H_1.tiff,HUVEC,12,LUIS RAW||PEP+GB||A3,LUIS RAW||PEP+GB||A3||c1,1,LUIS RAW||PEP+GB||A3,no,4.073,FALHA_CLOSURE_NEG,1,A3 12H 1.tiff,A3 12H 1_png.rf.TU0BGVsD3XJqPwGYBsiu.png
ff300c2862__HUVEC__LUIS_RAW_PEP+GB_A3__tp24h__A3_24H_1.tiff,HUVEC,24,LUIS RAW||PEP+GB||A3,LUIS RAW||PEP+GB||A3||c1,1,LUIS RAW||PEP+GB||A3,no,0.764,DISCORDANCIA_CAMPO+FALHA_CLOSURE_NEG,1,A3 24H 1.tiff,A3 24H 1_png.rf.tfdHOCRouEH53EDqy7G0.png
e3071d5205__HUVEC__LUIS_RAW_PEP+GB_A3__tp0h__A3_0H_2.tiff,HUVEC,0,LUIS RAW||PEP+GB||A3,LUIS RAW||PEP+GB||A3||c2,2,LUIS RAW||PEP+GB||A3,no,7.721,DISCORDANCIA_CAMPO+FALHA_CLOSURE_NEG,1,A3 0H 2.tiff,A3 0H 2_png.rf.QDCtQGDH1pznmeHT0BNJ.png
e6ddc74913__HUVEC__LUIS_RAW_PEP+GB_A3__tp8h__A3_8H_2_2.tiff,HUVEC,8,LUIS RAW||PEP+GB||A3,LUIS RAW||PEP+GB||A3||c2,2,LUIS RAW||PEP+GB||A3,no,11.959,FALHA_CLOSURE_NEG,1,A3 8H 2 (2).tiff,A3 8H 2_png.rf.B5nEx5FtZ9JTiEjZrHJb.png
f8f76efe0c__HUVEC__LUIS_RAW_PEP+GB_A3__tp12h__A3_12H_2.tiff,HUVEC,12,LUIS RAW||PEP+GB||A3,LUIS RAW||PEP+GB||A3||c2,2,LUIS RAW||PEP+GB||A3,no,3.685,OK,0,A3 12H 2.tiff,A3 12H 2_png.rf.r5xe4JQ4Ecgyw1raWv4H.png
545022361d__HUVEC__LUIS_RAW_PEP+GB_A3__tp24h__A3_24H_2_2.tiff,HUVEC,24,LUIS RAW||PEP+GB||A3,LUIS RAW||PEP+GB||A3||c2,2,LUIS RAW||PEP+GB||A3,no,0.042,DISCORDANCIA_CAMPO,1,A3 24H 2 (2).tiff,A3 24H 2_png.rf.TOtRUqMkxCrasCpSjZKO.png
c29dd8cd83__HUVEC__LUIS_RAW_PEP+MCC_B4__tp0h__B4_0H_1.tiff,HUVEC,0,LUIS RAW||PEP+MCC||B4,LUIS RAW||PEP+MCC||B4||c1,1,LUIS RAW||PEP+MCC||B4,no,13.261,OK,0,B4 0H 1.tiff,B4 0H 1_png.rf.UkNByK7H1jadGiO9HCAd.png
e0911e22cc__HUVEC__LUIS_RAW_PEP+MCC_B4__tp8h__B4_8H_1.tiff,HUVEC,8,LUIS RAW||PEP+MCC||B4,LUIS RAW||PEP+MCC||B4||c1,1,LUIS RAW||PEP+MCC||B4,no,28.697,DISCORDANCIA_CAMPO+FALHA_CLOSURE_NEG+FALHA_NAO_MONOTONICO,1,B4 8H 1.tiff,B4 8H 1_png.rf.OVZZyofXQpVrU06rEdEV.png
46211a334d__HUVEC__LUIS_RAW_PEP+MCC_B4__tp12h__B4_12H_1.tiff,HUVEC,12,LUIS RAW||PEP+MCC||B4,LUIS RAW||PEP+MCC||B4||c1,1,LUIS RAW||PEP+MCC||B4,no,2.11,DISCORDANCIA_CAMPO+FALHA_SUB,1,B4 12H 1.tiff,B4 12H 1_png.rf.1ULnxID5MP426B41agfS.png
e31a26b3ae__HUVEC__LUIS_RAW_PEP+MCC_B4__tp24h__B4_24H_1_2.tiff,HUVEC,24,LUIS RAW||PEP+MCC||B4,LUIS RAW||PEP+MCC||B4||c1,1,LUIS RAW||PEP+MCC||B4,no,42.35,DISCORDANCIA_CAMPO+FALHA_CLOSURE_NEG+FALHA_NAO_MONOTONICO,1,B4 24H 1 (2).tiff,B4 24H 1_png.rf.b60wYuoI9jxCKCHE2l9q.png
30d94f864c__HUVEC__LUIS_RAW_PEP+MCC_B4__tp0h__B4_0H_2.tiff,HUVEC,0,LUIS RAW||PEP+MCC||B4,LUIS RAW||PEP+MCC||B4||c2,2,LUIS RAW||PEP+MCC||B4,no,11.295,OK,0,B4 0H 2.tiff,B4 0H 2_png.rf.rXION3PvUG9p2y5KH5ZG.png
9f0a5a4a06__HUVEC__LUIS_RAW_PEP+MCC_B4__tp8h__B4_8H_2.tiff,HUVEC,8,LUIS RAW||PEP+MCC||B4,LUIS RAW||PEP+MCC||B4||c2,2,LUIS RAW||PEP+MCC||B4,no,3.219,DISCORDANCIA_CAMPO,1,B4 8H 2.tiff,B4 8H 2_png.rf.ShxIhASvXw8lGbZkLgUb.png
9984e40df9__HUVEC__LUIS_RAW_PEP+MCC_B4__tp12h__B4_12H_2.tiff,HUVEC,12,LUIS RAW||PEP+MCC||B4,LUIS RAW||PEP+MCC||B4||c2,2,LUIS RAW||PEP+MCC||B4,no,44.578,DISCORDANCIA_CAMPO+FALHA_CLOSURE_NEG+FALHA_NAO_MONOTONICO,1,B4 12H 2.tiff,B4 12H 2_png.rf.BUDIsAimJHwizKA26kde.png
1daac83e9d__HUVEC__LUIS_RAW_PEP+MCC_B4__tp24h__B4_24H_2_2.tiff,HUVEC,24,LUIS RAW||PEP+MCC||B4,LUIS RAW||PEP+MCC||B4||c2,2,LUIS RAW||PEP+MCC||B4,no,8.738,DISCORDANCIA_CAMPO,1,B4 24H 2 (2).tiff,B4 24H 2_png.rf.Dy3NkPc0L9HXhRCtCbkW.png
9f614303f3__HUVEC__LUIS_RAW_PEP+MET3_A6__tp0h__A6_0H_1.tiff,HUVEC,0,LUIS RAW||PEP+MET3||A6,LUIS RAW||PEP+MET3||A6||c1,1,LUIS RAW||PEP+MET3||A6,no,16.895,DISCORDANCIA_CAMPO,1,A6 0H 1.tiff,A6 0H 1_png.rf.rKpcg4iYJ50H0XfmG98n.png
a66cba3317__HUVEC__LUIS_RAW_PEP+MET3_A6__tp8h__A6_8H_1.tiff,HUVEC,8,LUIS RAW||PEP+MET3||A6,LUIS RAW||PEP+MET3||A6||c1,1,LUIS RAW||PEP+MET3||A6,no,16.337,OK,0,A6 8H 1.tiff,A6 8H 1_png.rf.0Ed4k50VKrxz80UdTuUb.png
628814a792__HUVEC__LUIS_RAW_PEP+MET3_A6__tp12h__A6_12H_1.tiff,HUVEC,12,LUIS RAW||PEP+MET3||A6,LUIS RAW||PEP+MET3||A6||c1,1,LUIS RAW||PEP+MET3||A6,no,12.361,OK,0,A6 12H 1.tiff,A6 12H 1_png.rf.ttiuv3CjzGc6GvMTytlM.png
52cbd70f1b__HUVEC__LUIS_RAW_PEP+MET3_A6__tp24h__A6_24H_1.tiff,HUVEC,24,LUIS RAW||PEP+MET3||A6,LUIS RAW||PEP+MET3||A6||c1,1,LUIS RAW||PEP+MET3||A6,no,6.263,OK,0,A6 24H 1.tiff,A6 24H 1_png.rf.nNdt9zlpThgANxpw0Afd.png
161686180c__HUVEC__LUIS_RAW_PEP+MET3_A6__tp0h__A6_0H_2.tiff,HUVEC,0,LUIS RAW||PEP+MET3||A6,LUIS RAW||PEP+MET3||A6||c2,2,LUIS RAW||PEP+MET3||A6,no,0.128,DISCORDANCIA_CAMPO+FALHA_CLOSURE_NEG+FALHA_SUB,1,A6 0H 2.tiff,A6 0H 2_png.rf.xTjPOuBdGBBEAQh6qzcS.png
226a0493b4__HUVEC__LUIS_RAW_PEP+MET3_A6__tp8h__A6_8H_2.tiff,HUVEC,8,LUIS RAW||PEP+MET3||A6,LUIS RAW||PEP+MET3||A6||c2,2,LUIS RAW||PEP+MET3||A6,no,23.08,FALHA_CLOSURE_NEG+FALHA_NAO_MONOTONICO,1,A6 8H 2.tiff,A6 8H 2_png.rf.8H5VYogwRaw3bc7Ufnp7.png
2e65d49d55__HUVEC__LUIS_RAW_PEP+MET3_A6__tp12h__A6_12H_2.tiff,HUVEC,12,LUIS RAW||PEP+MET3||A6,LUIS RAW||PEP+MET3||A6||c2,2,LUIS RAW||PEP+MET3||A6,no,15.159,FALHA_CLOSURE_NEG,1,A6 12H 2.tiff,A6 12H 2_png.rf.bsoBQRnwC6AtJ5KRBKDv.png
d2a741e45b__HUVEC__LUIS_RAW_PEP+MET3_A6__tp24h__A6_24H_2.tiff,HUVEC,24,LUIS RAW||PEP+MET3||A6,LUIS RAW||PEP+MET3||A6||c2,2,LUIS RAW||PEP+MET3||A6,no,4.926,FALHA_CLOSURE_NEG,1,A6 24H 2.tiff,A6 24H 2_png.rf.fnzQMmHMSJJ6YxflXcKp.png
aceb4fb866__HUVEC__LUIS_RAW_PEP_E1__tp0h__E1_0H_1.tiff,HUVEC,0,LUIS RAW||PEP||E1,LUIS RAW||PEP||E1||c1,1,LUIS RAW||PEP||E1,no,20.328,OK,0,E1 0H 1.tiff,E1 0H 1_png.rf.O4klFnPAFBZQG7ZiiWoa.png
d1bcf749b2__HUVEC__LUIS_RAW_PEP_E1__tp8h__E1_8H_1.tiff,HUVEC,8,LUIS RAW||PEP||E1,LUIS RAW||PEP||E1||c1,1,LUIS RAW||PEP||E1,no,10.818,OK,0,E1 8H 1.tiff,E1 8H 1_png.rf.8l6bvVJjLSjiFIlOhJkG.png
def3a0ea0f__HUVEC__LUIS_RAW_PEP_E1__tp12h__E1_12H_1.tiff,HUVEC,12,LUIS RAW||PEP||E1,LUIS RAW||PEP||E1||c1,1,LUIS RAW||PEP||E1,no,0.041,DISCORDANCIA_CAMPO+FALHA_SUB,1,E1 12H 1.tiff,E1 12H 1_png.rf.MXhOPdUnNbYD4WTRbftP.png
9ec02dd0f0__HUVEC__LUIS_RAW_PEP_E1__tp24h__E1_24H_1.tiff,HUVEC,24,LUIS RAW||PEP||E1,LUIS RAW||PEP||E1||c1,1,LUIS RAW||PEP||E1,no,0.966,OK,0,E1 24H 1.tiff,E1 24H 1_png.rf.JjdLiNmCus3kSa50aOeW.png
31cbdfcc41__HUVEC__LUIS_RAW_PEP_E1__tp0h__E1_0H_2.tiff,HUVEC,0,LUIS RAW||PEP||E1,LUIS RAW||PEP||E1||c2,2,LUIS RAW||PEP||E1,no,21.572,OK,0,E1 0H 2.tiff,E1 0H 2_png.rf.dwk6Z6HVga7ttj23PmV9.png
609fee8a39__HUVEC__LUIS_RAW_PEP_E1__tp8h__E1_8H_2.tiff,HUVEC,8,LUIS RAW||PEP||E1,LUIS RAW||PEP||E1||c2,2,LUIS RAW||PEP||E1,no,7.165,OK,0,E1 8H 2.tiff,E1 8H 2_png.rf.5qtx5quA0obTJbOUZCxP.png
6aac6703c3__HUVEC__LUIS_RAW_PEP_E1__tp12h__E1_12H_2.tiff,HUVEC,12,LUIS RAW||PEP||E1,LUIS RAW||PEP||E1||c2,2,LUIS RAW||PEP||E1,no,4.643,DISCORDANCIA_CAMPO,1,E1 12H 2.tiff,E1 12H 2_png.rf.GKeGTBMimaglOZhGi5n6.png
ec74f8f5fa__HUVEC__LUIS_RAW_PET_C5__tp0h__C5_0H_1.tiff,HUVEC,0,LUIS RAW||PET||C5,LUIS RAW||PET||C5||c1,1,LUIS RAW||PET||C5,no,19.927,OK,0,C5 0H 1.tiff,C5 0H 1_png.rf.OdwF3vyzWYOgZ8CvxU5t.png
05932b157b__HUVEC__LUIS_RAW_PET_C5__tp8h__C5_8H_1.tiff,HUVEC,8,LUIS RAW||PET||C5,LUIS RAW||PET||C5||c1,1,LUIS RAW||PET||C5,no,16.151,OK,0,C5 8H 1.tiff,C5 8H 1_png.rf.m0k3TjlxKvLXDFhuBq52.png
30813da992__HUVEC__LUIS_RAW_PET_C5__tp12h__C5_12H_1.tiff,HUVEC,12,LUIS RAW||PET||C5,LUIS RAW||PET||C5||c1,1,LUIS RAW||PET||C5,no,35.08,DISCORDANCIA_CAMPO+FALHA_CLOSURE_NEG+FALHA_NAO_MONOTONICO,1,C5 12H 1.tiff,C5 12H 1_png.rf.OLiywuVh8Y6xj17HnU6e.png
c5c9c83ff5__HUVEC__LUIS_RAW_PET_C5__tp12h__C5_12H_2.tiff,HUVEC,12,LUIS RAW||PET||C5,LUIS RAW||PET||C5||c2,2,LUIS RAW||PET||C5,no,9.889,DISCORDANCIA_CAMPO,1,C5 12H 2.tiff,C5 12H 2_png.rf.yGOWuMwCESVagvk7Q4HY.png
125425d796__HUVEC__LUIS_RAW_PET_F2__tp0h__F2_0H_1.tiff,HUVEC,0,LUIS RAW||PET||F2,LUIS RAW||PET||F2||c1,1,LUIS RAW||PET||F2,no,24.153,OK,0,F2 0H 1.tiff,F2 0H 1_png.rf.zPl6vPkH5HpqtxJsWJxj.png
7e12b751cc__HUVEC__LUIS_RAW_PET_F2__tp12h__F2_12H_1.tiff,HUVEC,12,LUIS RAW||PET||F2,LUIS RAW||PET||F2||c1,1,LUIS RAW||PET||F2,no,23.64,OK,0,F2 12H 1.tiff,F2 12H 1_png.rf.h05DU2gxBlXL6JdotHmg.png
ab1e438082__HUVEC__LUIS_RAW_PET_F2__tp8h__F2_8H_2.tiff,HUVEC,8,LUIS RAW||PET||F2,LUIS RAW||PET||F2||c2,2,LUIS RAW||PET||F2,no,14.038,OK,0,F2 8H 2.tiff,F2 8H 2_png.rf.dUFZVFJ0aVESmoGKjJ05.png
be0b2a74bf__HUVEC__LUIS_RAW_PET_F2__tp12h__F2_12H_2.tiff,HUVEC,12,LUIS RAW||PET||F2,LUIS RAW||PET||F2||c2,2,LUIS RAW||PET||F2,no,25.522,FALHA_NAO_MONOTONICO,1,F2 12H 2.tiff,F2 12H 2_png.rf.2goGI5xvDCGG2PJZ8Its.png
eeb18a29d8__HUVEC__Migra_o_PET_e_PEP_n1_-_RAW_PEP_+_NEB_5uM_D4__tp0h__D4_0H_1.tiff,HUVEC,0,Migração (PET e PEP) n1 - RAW||PEP + NEB 5uM||D4,Migração (PET e PEP) n1 - RAW||PEP + NEB 5uM||D4||c1,1,Migração (PET e PEP) n1 - RAW||PEP + NEB 5uM||D4,no,74.045,OK,0,D4 0H 1.tiff,D4 0H 1_png.rf.hIDWQ46StqSUcKyGmBYY.png
4826c4f4b8__HUVEC__Migra_o_PET_e_PEP_n1_-_RAW_PEP_+_NEB_5uM_D4__tp8h__D4_8H_1.tiff,HUVEC,8,Migração (PET e PEP) n1 - RAW||PEP + NEB 5uM||D4,Migração (PET e PEP) n1 - RAW||PEP + NEB 5uM||D4||c1,1,Migração (PET e PEP) n1 - RAW||PEP + NEB 5uM||D4,no,36.771,OK,0,D4 8H 1.tiff,D4 8H 1_png.rf.a8mANb97avVu4hPsbo7a.png
df5b31f84c__HUVEC__Migra_o_PET_e_PEP_n1_-_RAW_PEP_+_NEB_5uM_D4__tp12h__D4_12H_1.tiff,HUVEC,12,Migração (PET e PEP) n1 - RAW||PEP + NEB 5uM||D4,Migração (PET e PEP) n1 - RAW||PEP + NEB 5uM||D4||c1,1,Migração (PET e PEP) n1 - RAW||PEP + NEB 5uM||D4,no,44.185,FALHA_NAO_MONOTONICO,1,D4 12H 1.tiff,D4 12H 1_png.rf.rmwAgsyRm1ZzZ55GuiPB.png
d8240f29e1__HUVEC__Migra_o_PET_e_PEP_n1_-_RAW_PEP_+_NEB_5uM_D4__tp24h__D4_24H_1.tiff,HUVEC,24,Migração (PET e PEP) n1 - RAW||PEP + NEB 5uM||D4,Migração (PET e PEP) n1 - RAW||PEP + NEB 5uM||D4||c1,1,Migração (PET e PEP) n1 - RAW||PEP + NEB 5uM||D4,no,84.11,FALHA_CLOSURE_NEG+FALHA_NAO_MONOTONICO,1,D4 24H 1.tiff,D4 24H 1_png.rf.4NmTRoRHXyugKUw10i8s.png
876603b483__HUVEC__Migra_o_PET_e_PEP_n1_-_RAW_PEP_+_NEB_5uM_D4__tp0h__D4_0H_2.tiff,HUVEC,0,Migração (PET e PEP) n1 - RAW||PEP + NEB 5uM||D4,Migração (PET e PEP) n1 - RAW||PEP + NEB 5uM||D4||c2,2,Migração (PET e PEP) n1 - RAW||PEP + NEB 5uM||D4,no,95.116,FALHA_CLOSURE_NEG+FALHA_SUPER,1,D4 0H 2.tiff,D4 0H 2_png.rf.7RFXNZEElcEIxiB134la.png
67ffbd1e7d__HUVEC__Migra_o_PET_e_PEP_n1_-_RAW_PEP_+_NEB_5uM_D4__tp8h__D4_8H_2.tiff,HUVEC,8,Migração (PET e PEP) n1 - RAW||PEP + NEB 5uM||D4,Migração (PET e PEP) n1 - RAW||PEP + NEB 5uM||D4||c2,2,Migração (PET e PEP) n1 - RAW||PEP + NEB 5uM||D4,no,30.468,OK,0,D4 8H 2.tiff,D4 8H 2_png.rf.mnoVDerLhE6PpOQcbUog.png
d4aba0cc0b__HUVEC__Migra_o_PET_e_PEP_n1_-_RAW_PEP_+_NEB_5uM_D4__tp12h__D4_12H_2.tiff,HUVEC,12,Migração (PET e PEP) n1 - RAW||PEP + NEB 5uM||D4,Migração (PET e PEP) n1 - RAW||PEP + NEB 5uM||D4||c2,2,Migração (PET e PEP) n1 - RAW||PEP + NEB 5uM||D4,no,60.523,FALHA_NAO_MONOTONICO,1,D4 12H 2.tiff,D4 12H 2_png.rf.txyJ67o8LXpC3sVtUoTH.png
9f5991f031__HUVEC__Migra_o_PET_e_PEP_n1_-_RAW_PEP_+_NEB_5uM_D4__tp24h__D4_24H_2.tiff,HUVEC,24,Migração (PET e PEP) n1 - RAW||PEP + NEB 5uM||D4,Migração (PET e PEP) n1 - RAW||PEP + NEB 5uM||D4||c2,2,Migração (PET e PEP) n1 - RAW||PEP + NEB 5uM||D4,no,96.736,FALHA_CLOSURE_NEG+FALHA_NAO_MONOTONICO+FALHA_SUPER,1,D4 24H 2.tiff,D4 24H 2_png.rf.RklTkqfkG2jxmrJIVlDw.png
4d1c387ecc__HUVEC__Migra_o_PET_e_PEP_n1_-_RAW_PET_+_NEB_1uM_C5__tp0h__C5_0H_1_2.tiff,HUVEC,0,Migração (PET e PEP) n1 - RAW||PET + NEB 1uM||C5,Migração (PET e PEP) n1 - RAW||PET + NEB 1uM||C5||c1,1,Migração (PET e PEP) n1 - RAW||PET + NEB 1uM||C5,no,47.974,OK,0,C5 0H 1 (2).tiff,C5 0H 1_png.rf.qfmzlYXXLFM1UbctuHo5.png
c942b61a06__HUVEC__Migra_o_PET_e_PEP_n1_-_RAW_PET_+_NEB_1uM_C5__tp8h__C5_8H_1_2.tiff,HUVEC,8,Migração (PET e PEP) n1 - RAW||PET + NEB 1uM||C5,Migração (PET e PEP) n1 - RAW||PET + NEB 1uM||C5||c1,1,Migração (PET e PEP) n1 - RAW||PET + NEB 1uM||C5,no,70.706,FALHA_CLOSURE_NEG+FALHA_NAO_MONOTONICO,1,C5 8H 1 (2).tiff,C5 8H 1_png.rf.QRwHfTeZ3iXOWs30KZOS.png
2f5428b547__HUVEC__Migra_o_PET_e_PEP_n1_-_RAW_PET_+_NEB_1uM_C5__tp12h__C5_12H_1_2.tiff,HUVEC,12,Migração (PET e PEP) n1 - RAW||PET + NEB 1uM||C5,Migração (PET e PEP) n1 - RAW||PET + NEB 1uM||C5||c1,1,Migração (PET e PEP) n1 - RAW||PET + NEB 1uM||C5,no,43.039,OK,0,C5 12H 1 (2).tiff,C5 12H 1_png.rf.eqPnAQCG5aI0rvfthMNV.png
6af51551c0__HUVEC__Migra_o_PET_e_PEP_n1_-_RAW_PET_+_NEB_1uM_C5__tp24h__C5_24H_1_2.tiff,HUVEC,24,Migração (PET e PEP) n1 - RAW||PET + NEB 1uM||C5,Migração (PET e PEP) n1 - RAW||PET + NEB 1uM||C5||c1,1,Migração (PET e PEP) n1 - RAW||PET + NEB 1uM||C5,no,82.762,FALHA_CLOSURE_NEG+FALHA_NAO_MONOTONICO,1,C5 24H 1 (2).tiff,C5 24H 1_png.rf.GRabFdMEvh7NdJQw7srC.png
cf9152592e__HUVEC__Migra_o_PET_e_PEP_n1_-_RAW_PET_+_NEB_1uM_C5__tp0h__C5_0H_2_2.tiff,HUVEC,0,Migração (PET e PEP) n1 - RAW||PET + NEB 1uM||C5,Migração (PET e PEP) n1 - RAW||PET + NEB 1uM||C5||c2,2,Migração (PET e PEP) n1 - RAW||PET + NEB 1uM||C5,no,64.566,OK,0,C5 0H 2 (2).tiff,C5 0H 2_png.rf.UQiYCwrvqp79phsQH2z3.png
77136aab22__HUVEC__Migra_o_PET_e_PEP_n1_-_RAW_PET_+_NEB_1uM_C5__tp8h__C5_8H_2_2.tiff,HUVEC,8,Migração (PET e PEP) n1 - RAW||PET + NEB 1uM||C5,Migração (PET e PEP) n1 - RAW||PET + NEB 1uM||C5||c2,2,Migração (PET e PEP) n1 - RAW||PET + NEB 1uM||C5,no,60.516,OK,0,C5 8H 2 (2).tiff,C5 8H 2_png.rf.Su3UAyP9dztNqZtfn0u1.png
b248b322dd__HUVEC__Migra_o_PET_e_PEP_n1_-_RAW_PET_+_NEB_1uM_C5__tp12h__C5_12H_2_2.tiff,HUVEC,12,Migração (PET e PEP) n1 - RAW||PET + NEB 1uM||C5,Migração (PET e PEP) n1 - RAW||PET + NEB 1uM||C5||c2,2,Migração (PET e PEP) n1 - RAW||PET + NEB 1uM||C5,no,64.035,OK,0,C5 12H 2 (2).tiff,C5 12H 2_png.rf.oLP5pb7BztRNGjNEDlAS.png
17691aa585__HUVEC__Migra_o_PET_e_PEP_n1_-_RAW_PET_+_NEB_1uM_C5__tp24h__C5_24H_2_2.tiff,HUVEC,24,Migração (PET e PEP) n1 - RAW||PET + NEB 1uM||C5,Migração (PET e PEP) n1 - RAW||PET + NEB 1uM||C5||c2,2,Migração (PET e PEP) n1 - RAW||PET + NEB 1uM||C5,no,75.585,FALHA_CLOSURE_NEG+FALHA_NAO_MONOTONICO,1,C5 24H 2 (2).tiff,C5 24H 2_png.rf.1BqtMMJEWOuzOCOM43Zl.png
2b7fcfc602__HUVEC__Migra_o_PET_e_PEP_n2_-_RAW_PEP_+_NEB_1uM_B1__tp0h__B1_0H_1_2.tiff,HUVEC,0,Migração (PET e PEP) n2 - RAW||PEP + NEB 1uM||B1,Migração (PET e PEP) n2 - RAW||PEP + NEB 1uM||B1||c1,1,Migração (PET e PEP) n2 - RAW||PEP + NEB 1uM||B1,no,32.39,OK,0,B1 0H 1 (2).tiff,B1 0H 1_png.rf.j3ckb2OmuPoN1D2ZNrsL.png
7be1c29792__HUVEC__Migra_o_PET_e_PEP_n2_-_RAW_PEP_+_NEB_1uM_B1__tp8h__B1_8H_1_2.tiff,HUVEC,8,Migração (PET e PEP) n2 - RAW||PEP + NEB 1uM||B1,Migração (PET e PEP) n2 - RAW||PEP + NEB 1uM||B1||c1,1,Migração (PET e PEP) n2 - RAW||PEP + NEB 1uM||B1,no,63.688,DISCORDANCIA_CAMPO+FALHA_CLOSURE_NEG+FALHA_NAO_MONOTONICO,1,B1 8H 1 (2).tiff,B1 8H 1_png.rf.fqDTrXJGtwGnRUswH16c.png
b050d01a16__HUVEC__Migra_o_PET_e_PEP_n2_-_RAW_PEP_+_NEB_1uM_B1__tp12h__B1_12H_1_2.tiff,HUVEC,12,Migração (PET e PEP) n2 - RAW||PEP + NEB 1uM||B1,Migração (PET e PEP) n2 - RAW||PEP + NEB 1uM||B1||c1,1,Migração (PET e PEP) n2 - RAW||PEP + NEB 1uM||B1,no,53.277,DISCORDANCIA_CAMPO+FALHA_CLOSURE_NEG,1,B1 12H 1 (2).tiff,B1 12H 1_png.rf.VB9B0BXSFCbQoytWKIkL.png
7b82c62a3a__HUVEC__Migra_o_PET_e_PEP_n2_-_RAW_PEP_+_NEB_1uM_B1__tp24h__B1_24H_1_2.tiff,HUVEC,24,Migração (PET e PEP) n2 - RAW||PEP + NEB 1uM||B1,Migração (PET e PEP) n2 - RAW||PEP + NEB 1uM||B1||c1,1,Migração (PET e PEP) n2 - RAW||PEP + NEB 1uM||B1,no,33.445,FALHA_CLOSURE_NEG,1,B1 24H 1 (2).tiff,B1 24H 1_png.rf.GJ99b6zJDkCcdldeprAL.png
fcc8ab6862__HUVEC__Migra_o_PET_e_PEP_n2_-_RAW_PEP_+_NEB_1uM_B1__tp0h__B1_0H_2_2.tiff,HUVEC,0,Migração (PET e PEP) n2 - RAW||PEP + NEB 1uM||B1,Migração (PET e PEP) n2 - RAW||PEP + NEB 1uM||B1||c2,2,Migração (PET e PEP) n2 - RAW||PEP + NEB 1uM||B1,no,24.715,OK,0,B1 0H 2 (2).tiff,B1 0H 2_png.rf.M9qDqnfqVRQAN3kixv3Y.png
0b9742f9a3__HUVEC__Migra_o_PET_e_PEP_n2_-_RAW_PEP_+_NEB_1uM_B1__tp8h__B1_8H_2_2.tiff,HUVEC,8,Migração (PET e PEP) n2 - RAW||PEP + NEB 1uM||B1,Migração (PET e PEP) n2 - RAW||PEP + NEB 1uM||B1||c2,2,Migração (PET e PEP) n2 - RAW||PEP + NEB 1uM||B1,no,11.184,DISCORDANCIA_CAMPO,1,B1 8H 2 (2).tiff,B1 8H 2_png.rf.gA6SnVr547LgfEenVrRi.png
f16a067d42__HUVEC__Migra_o_PET_e_PEP_n2_-_RAW_PEP_+_NEB_1uM_B1__tp12h__B1_12H_2_2.tiff,HUVEC,12,Migração (PET e PEP) n2 - RAW||PEP + NEB 1uM||B1,Migração (PET e PEP) n2 - RAW||PEP + NEB 1uM||B1||c2,2,Migração (PET e PEP) n2 - RAW||PEP + NEB 1uM||B1,no,10.296,DISCORDANCIA_CAMPO,1,B1 12H 2 (2).tiff,B1 12H 2_png.rf.cFU7xmBfmqqkIIa5q7nh.png
11aad82875__HUVEC__Migra_o_PET_e_PEP_n2_-_RAW_PEP_+_NEB_1uM_B1__tp24h__B1_24H_2_3.tiff,HUVEC,24,Migração (PET e PEP) n2 - RAW||PEP + NEB 1uM||B1,Migração (PET e PEP) n2 - RAW||PEP + NEB 1uM||B1||c2,2,Migração (PET e PEP) n2 - RAW||PEP + NEB 1uM||B1,no,28.753,FALHA_CLOSURE_NEG+FALHA_NAO_MONOTONICO,1,B1 24H 2 (3).tiff,B1 24H 2_png.rf.WAXPIALQ8VqzYoMup3J4.png
ff629ecc3f__HUVEC__Migra_o_PET_e_PEP_n2_-_RAW_PEP_A2__tp8h__A2_8H_1_2.tiff,HUVEC,8,Migração (PET e PEP) n2 - RAW||PEP||A2,Migração (PET e PEP) n2 - RAW||PEP||A2||c1,1,Migração (PET e PEP) n2 - RAW||PEP||A2,no,50.08,OK,0,A2 8H 1 (2).tiff,A2 8H 1_png.rf.xvZ2Owwq7kfNeQBUdLj1.png
bec6037b38__HUVEC__Migra_o_PET_e_PEP_n2_-_RAW_PEP_A2__tp12h__A2_12H_1_2.tiff,HUVEC,12,Migração (PET e PEP) n2 - RAW||PEP||A2,Migração (PET e PEP) n2 - RAW||PEP||A2||c1,1,Migração (PET e PEP) n2 - RAW||PEP||A2,no,53.112,OK,0,A2 12H 1 (2).tiff,A2 12H 1_png.rf.xnmVBn7WXmT4yiy3UMlx.png
294bd4aad2__HUVEC__Migra_o_PET_e_PEP_n2_-_RAW_PEP_A2__tp24h__A2_24H_1_3.tiff,HUVEC,24,Migração (PET e PEP) n2 - RAW||PEP||A2,Migração (PET e PEP) n2 - RAW||PEP||A2||c1,1,Migração (PET e PEP) n2 - RAW||PEP||A2,no,70.255,FALHA_NAO_MONOTONICO,1,A2 24H 1 (3).tiff,A2 24H 1_png.rf.EFavmtKTLhhnJThESvF0.png
dd8ad98535__HUVEC__Migra_o_PET_e_PEP_n2_-_RAW_PEP_A2__tp0h__A2_0H_2_2.tiff,HUVEC,0,Migração (PET e PEP) n2 - RAW||PEP||A2,Migração (PET e PEP) n2 - RAW||PEP||A2||c2,2,Migração (PET e PEP) n2 - RAW||PEP||A2,no,38.253,OK,0,A2 0H 2 (2).tiff,A2 0H 2_png.rf.wLkBHcGvevKm0A73Vxcz.png
ee865b4881__HUVEC__Migra_o_PET_e_PEP_n2_-_RAW_PEP_A2__tp8h__A2_8H_2_3.tiff,HUVEC,8,Migração (PET e PEP) n2 - RAW||PEP||A2,Migração (PET e PEP) n2 - RAW||PEP||A2||c2,2,Migração (PET e PEP) n2 - RAW||PEP||A2,no,51.344,FALHA_CLOSURE_NEG+FALHA_NAO_MONOTONICO,1,A2 8H 2 (3).tiff,A2 8H 2_png.rf.7oLJskKDBKhwtDpwzZqy.png
267a4a1f3f__HUVEC__Migra_o_PET_e_PEP_n2_-_RAW_PEP_A2__tp12h__A2_12H_2_2.tiff,HUVEC,12,Migração (PET e PEP) n2 - RAW||PEP||A2,Migração (PET e PEP) n2 - RAW||PEP||A2||c2,2,Migração (PET e PEP) n2 - RAW||PEP||A2,no,61.873,FALHA_CLOSURE_NEG+FALHA_NAO_MONOTONICO,1,A2 12H 2 (2).tiff,A2 12H 2_png.rf.N7tpAQyq0PEGrhaTGLJT.png
8c3064543d__HUVEC__Migra_o_PET_e_PEP_n2_-_RAW_PEP_A2__tp24h__A2_24H_2_3.tiff,HUVEC,24,Migração (PET e PEP) n2 - RAW||PEP||A2,Migração (PET e PEP) n2 - RAW||PEP||A2||c2,2,Migração (PET e PEP) n2 - RAW||PEP||A2,no,67.931,FALHA_CLOSURE_NEG+FALHA_NAO_MONOTONICO,1,A2 24H 2 (3).tiff,A2 24H 2_png.rf.E5xmaghZdqaoko8wlaZh.png
9c4fdbdc3c__HUVEC__Migra_o_PET_e_PEP_n2_-_RAW_PET_+_NEB_5uM_D3__tp0h__D3_0H_1_2.tiff,HUVEC,0,Migração (PET e PEP) n2 - RAW||PET + NEB 5uM||D3,Migração (PET e PEP) n2 - RAW||PET + NEB 5uM||D3||c1,1,Migração (PET e PEP) n2 - RAW||PET + NEB 5uM||D3,no,21.909,DISCORDANCIA_CAMPO+FALHA_CLOSURE_NEG,1,D3 0H 1 (2).tiff,D3 0H 1_png.rf.jWsUip53LaCF4OaEEFcb.png
a41e7eccaa__HUVEC__Migra_o_PET_e_PEP_n2_-_RAW_PET_+_NEB_5uM_D3__tp8h__D3_8H_1_2.tiff,HUVEC,8,Migração (PET e PEP) n2 - RAW||PET + NEB 5uM||D3,Migração (PET e PEP) n2 - RAW||PET + NEB 5uM||D3||c1,1,Migração (PET e PEP) n2 - RAW||PET + NEB 5uM||D3,no,34.637,FALHA_CLOSURE_NEG+FALHA_NAO_MONOTONICO,1,D3 8H 1 (2).tiff,D3 8H 1_png.rf.6ah0Jg4O5oakLSomUxcX.png
6b8d096cd6__HUVEC__Migra_o_PET_e_PEP_n2_-_RAW_PET_+_NEB_5uM_D3__tp12h__D3_12H_1_2.tiff,HUVEC,12,Migração (PET e PEP) n2 - RAW||PET + NEB 5uM||D3,Migração (PET e PEP) n2 - RAW||PET + NEB 5uM||D3||c1,1,Migração (PET e PEP) n2 - RAW||PET + NEB 5uM||D3,no,44.05,FALHA_CLOSURE_NEG+FALHA_NAO_MONOTONICO,1,D3 12H 1 (2).tiff,D3 12H 1_png.rf.vDKmMF3YJlFSbIbFZHci.png
b74ccec3d4__HUVEC__Migra_o_PET_e_PEP_n2_-_RAW_PET_+_NEB_5uM_D3__tp24h__D3_24H_1_2.tiff,HUVEC,24,Migração (PET e PEP) n2 - RAW||PET + NEB 5uM||D3,Migração (PET e PEP) n2 - RAW||PET + NEB 5uM||D3||c1,1,Migração (PET e PEP) n2 - RAW||PET + NEB 5uM||D3,no,42.255,FALHA_CLOSURE_NEG,1,D3 24H 1 (2).tiff,D3 24H 1_png.rf.lgES3xZvT7KoszPGhV44.png
074ae97d16__HUVEC__Migra_o_PET_e_PEP_n2_-_RAW_PET_+_NEB_5uM_D3__tp0h__D3_0H_2_2.tiff,HUVEC,0,Migração (PET e PEP) n2 - RAW||PET + NEB 5uM||D3,Migração (PET e PEP) n2 - RAW||PET + NEB 5uM||D3||c2,2,Migração (PET e PEP) n2 - RAW||PET + NEB 5uM||D3,no,85.534,DISCORDANCIA_CAMPO+FALHA_SUPER,1,D3 0H 2 (2).tiff,D3 0H 2_png.rf.lkEcbAGS1IAwabi3cMT3.png
8db9535923__HUVEC__Migra_o_PET_e_PEP_n2_-_RAW_PET_+_NEB_5uM_D3__tp8h__D3_8H_2_2.tiff,HUVEC,8,Migração (PET e PEP) n2 - RAW||PET + NEB 5uM||D3,Migração (PET e PEP) n2 - RAW||PET + NEB 5uM||D3||c2,2,Migração (PET e PEP) n2 - RAW||PET + NEB 5uM||D3,no,33.761,OK,0,D3 8H 2 (2).tiff,D3 8H 2_png.rf.RmIwn01JNbgfY0VcrlAP.png
3dea5f7bdf__HUVEC__Migra_o_PET_e_PEP_n2_-_RAW_PET_+_NEB_5uM_D3__tp12h__D3_12H_2_2.tiff,HUVEC,12,Migração (PET e PEP) n2 - RAW||PET + NEB 5uM||D3,Migração (PET e PEP) n2 - RAW||PET + NEB 5uM||D3||c2,2,Migração (PET e PEP) n2 - RAW||PET + NEB 5uM||D3,no,46.72,FALHA_NAO_MONOTONICO,1,D3 12H 2 (2).tiff,D3 12H 2_png.rf.bk65RyMB9bMlU59S1RY7.png
313ff6b3d6__HUVEC__Migra_o_PET_e_PEP_n2_-_RAW_PET_+_NEB_5uM_D3__tp24h__D3_24H_2_2.tiff,HUVEC,24,Migração (PET e PEP) n2 - RAW||PET + NEB 5uM||D3,Migração (PET e PEP) n2 - RAW||PET + NEB 5uM||D3||c2,2,Migração (PET e PEP) n2 - RAW||PET + NEB 5uM||D3,no,51.686,OK,0,D3 24H 2 (2).tiff,D3 24H 2_png.rf.vu9MuWKRyoy3WKGkVrI5.png
590e6c1504__HUVEC__Migra_o_PET_e_PEP_n3_-_RAW_None_D1__tp0h__D1_0H_1_3.tiff,HUVEC,0,Migração (PET e PEP) n3 - RAW||None||D1,Migração (PET e PEP) n3 - RAW||None||D1||c1,1,Migração (PET e PEP) n3 - RAW||None||D1,no,39.833,OK,0,D1 0H 1 (3).tiff,D1 0H 1_png.rf.fw3oXHFKRwGBIpMcBKY2.png
54c61f325d__HUVEC__Migra_o_PET_e_PEP_n3_-_RAW_None_D1__tp8h__D1_8H_1_3.tiff,HUVEC,8,Migração (PET e PEP) n3 - RAW||None||D1,Migração (PET e PEP) n3 - RAW||None||D1||c1,1,Migração (PET e PEP) n3 - RAW||None||D1,no,46.625,FALHA_CLOSURE_NEG+FALHA_NAO_MONOTONICO,1,D1 8H 1 (3).tiff,D1 8H 1_png.rf.AmYzGCscmIMNbZlAIVL4.png
ad9f9e8e56__HUVEC__Migra_o_PET_e_PEP_n3_-_RAW_None_D1__tp12h__D1_12H_1_3.tiff,HUVEC,12,Migração (PET e PEP) n3 - RAW||None||D1,Migração (PET e PEP) n3 - RAW||None||D1||c1,1,Migração (PET e PEP) n3 - RAW||None||D1,no,69.25,FALHA_CLOSURE_NEG+FALHA_NAO_MONOTONICO,1,D1 12H 1 (3).tiff,D1 12H 1_png.rf.mKsxEDejqQN6qCQxLyns.png
2416a46324__HUVEC__Migra_o_PET_e_PEP_n3_-_RAW_None_D1__tp24h__D1_24H_1_3.tiff,HUVEC,24,Migração (PET e PEP) n3 - RAW||None||D1,Migração (PET e PEP) n3 - RAW||None||D1||c1,1,Migração (PET e PEP) n3 - RAW||None||D1,no,0.254,DISCORDANCIA_CAMPO,1,D1 24H 1 (3).tiff,D1 24H 1_png.rf.9St1pSdNBqUmYewNNUks.png
b4778b9433__HUVEC__Migra_o_PET_e_PEP_n3_-_RAW_None_D1__tp0h__D1_0H_2_3.tiff,HUVEC,0,Migração (PET e PEP) n3 - RAW||None||D1,Migração (PET e PEP) n3 - RAW||None||D1||c2,2,Migração (PET e PEP) n3 - RAW||None||D1,no,16.33,OK,0,D1 0H 2 (3).tiff,D1 0H 2_png.rf.In3g26PLvIPVilZ9guvK.png
246463cc3a__HUVEC__Migra_o_PET_e_PEP_n3_-_RAW_None_D1__tp8h__D1_8H_2.tiff,HUVEC,8,Migração (PET e PEP) n3 - RAW||None||D1,Migração (PET e PEP) n3 - RAW||None||D1||c2,2,Migração (PET e PEP) n3 - RAW||None||D1,no,16.654,FALHA_CLOSURE_NEG,1,D1 8H 2.png,D1 8H 2_png.rf.1Guur0r0WOYFqgYbD8Ix.png
61972712e8__HUVEC__Migra_o_PET_e_PEP_n3_-_RAW_None_D1__tp12h__D1_12H_2_3.tiff,HUVEC,12,Migração (PET e PEP) n3 - RAW||None||D1,Migração (PET e PEP) n3 - RAW||None||D1||c2,2,Migração (PET e PEP) n3 - RAW||None||D1,no,92.334,FALHA_CLOSURE_NEG+FALHA_NAO_MONOTONICO+FALHA_SUPER,1,D1 12H 2 (3).tiff,D1 12H 2_png.rf.hM6Jhc6UJKSMWKFN6Pta.png
4e5949b4ff__HUVEC__Migra_o_PET_e_PEP_n3_-_RAW_None_D1__tp24h__D1_24H_2_3.tiff,HUVEC,24,Migração (PET e PEP) n3 - RAW||None||D1,Migração (PET e PEP) n3 - RAW||None||D1||c2,2,Migração (PET e PEP) n3 - RAW||None||D1,no,9.127,DISCORDANCIA_CAMPO,1,D1 24H 2 (3).tiff,D1 24H 2_png.rf.JPXsJfPNRWwnAkf2OC68.png
72ec8e45a1__HUVEC__Migra_o_PET_e_PEP_n3_-_RAW_None_D4__tp0h__D4_0H_1_3.tiff,HUVEC,0,Migração (PET e PEP) n3 - RAW||None||D4,Migração (PET e PEP) n3 - RAW||None||D4||c1,1,Migração (PET e PEP) n3 - RAW||None||D4,no,40.238,OK,0,D4 0H 1 (3).tiff,D4 0H 1_png.rf.FutNJ1bcHBCTMEvRlEBr.png
62cb1d4bdc__HUVEC__Migra_o_PET_e_PEP_n3_-_RAW_None_D4__tp8h__D4_8H_1_3.tiff,HUVEC,8,Migração (PET e PEP) n3 - RAW||None||D4,Migração (PET e PEP) n3 - RAW||None||D4||c1,1,Migração (PET e PEP) n3 - RAW||None||D4,no,42.402,FALHA_CLOSURE_NEG,1,D4 8H 1 (3).tiff,D4 8H 1_png.rf.xpR4xGrS7xqp2WqsHOdj.png
db5f1d05ce__HUVEC__Migra_o_PET_e_PEP_n3_-_RAW_None_D4__tp12h__D4_12H_1_3.tiff,HUVEC,12,Migração (PET e PEP) n3 - RAW||None||D4,Migração (PET e PEP) n3 - RAW||None||D4||c1,1,Migração (PET e PEP) n3 - RAW||None||D4,no,72.64,FALHA_CLOSURE_NEG+FALHA_NAO_MONOTONICO,1,D4 12H 1 (3).tiff,D4 12H 1_png.rf.9BeWOTfVwMn3ywdSyPmt.png
219024d892__HUVEC__Migra_o_PET_e_PEP_n3_-_RAW_None_D4__tp24h__D4_24H_1_3.tiff,HUVEC,24,Migração (PET e PEP) n3 - RAW||None||D4,Migração (PET e PEP) n3 - RAW||None||D4||c1,1,Migração (PET e PEP) n3 - RAW||None||D4,no,73.602,FALHA_CLOSURE_NEG,1,D4 24H 1 (3).tiff,D4 24H 1_png.rf.l74W6BtAd1h2vbDdLYa7.png
6e6e66cf02__HUVEC__Migra_o_PET_e_PEP_n3_-_RAW_None_D4__tp0h__D4_0H_2_3.tiff,HUVEC,0,Migração (PET e PEP) n3 - RAW||None||D4,Migração (PET e PEP) n3 - RAW||None||D4||c2,2,Migração (PET e PEP) n3 - RAW||None||D4,no,89.432,FALHA_CLOSURE_NEG+FALHA_SUPER,1,D4 0H 2 (3).tiff,D4 0H 2_png.rf.eVEb58gAMbcellIRwKuX.png
c07bc84c98__HUVEC__Migra_o_PET_e_PEP_n3_-_RAW_None_D4__tp8h__D4_8H_2_3.tiff,HUVEC,8,Migração (PET e PEP) n3 - RAW||None||D4,Migração (PET e PEP) n3 - RAW||None||D4||c2,2,Migração (PET e PEP) n3 - RAW||None||D4,no,87.037,FALHA_SUPER,1,D4 8H 2 (3).tiff,D4 8H 2_png.rf.ixTzZNh35XGijmR7VOtL.png
de4591208a__HUVEC__Migra_o_PET_e_PEP_n3_-_RAW_None_D4__tp12h__D4_12H_2_3.tiff,HUVEC,12,Migração (PET e PEP) n3 - RAW||None||D4,Migração (PET e PEP) n3 - RAW||None||D4||c2,2,Migração (PET e PEP) n3 - RAW||None||D4,no,89.506,FALHA_CLOSURE_NEG+FALHA_SUPER,1,D4 12H 2 (3).tiff,D4 12H 2_png.rf.JoRndEJA1lep3hprLUOS.png
acb23080b8__HUVEC__Originais_1_None_A1__tp0h__A1_0HR_1_2.tiff,HUVEC,0,Originais (1)||None||A1,Originais (1)||None||A1||c1,1,Originais (1)||None||A1,no,38.19,OK,0,A1 0HR 1 (2).tiff,A1 0HR 1_png.rf.F8WfJZAyU8hXcsKytbcA.png
ba096361b8__HUVEC__Originais_1_None_A1__tp8h__A1_8HR_1_2.tiff,HUVEC,8,Originais (1)||None||A1,Originais (1)||None||A1||c1,1,Originais (1)||None||A1,no,20.817,OK,0,A1 8HR 1 (2).tiff,A1 8HR 1_png.rf.VABkXkmpYjE9yLo5gSBX.png
e8f27e802d__HUVEC__Originais_1_None_A1__tp12h__A1_12HR_1_2.tiff,HUVEC,12,Originais (1)||None||A1,Originais (1)||None||A1||c1,1,Originais (1)||None||A1,no,48.008,FALHA_CLOSURE_NEG+FALHA_NAO_MONOTONICO,1,A1 12HR 1 (2).tiff,A1 12HR 1_png.rf.XDKS23ySU3ItzW5Kv957.png
7f4a54ced3__HUVEC__Originais_1_None_A1__tp24h__A1_24HR_1_2.tiff,HUVEC,24,Originais (1)||None||A1,Originais (1)||None||A1||c1,1,Originais (1)||None||A1,no,64.502,FALHA_CLOSURE_NEG+FALHA_NAO_MONOTONICO,1,A1 24HR 1 (2).tiff,A1 24HR 1_png.rf.1ApDRLrpQqSCaPcShIOu.png
157a366d29__HUVEC__Originais_1_None_A1__tp0h__A1_0HR_2_2.tiff,HUVEC,0,Originais (1)||None||A1,Originais (1)||None||A1||c2,2,Originais (1)||None||A1,no,17.962,OK,0,A1 0HR 2 (2).tiff,A1 0HR 2_png.rf.hVdiwx06lI7rOZ5rr9vC.png
f9a5587463__HUVEC__Originais_1_None_A1__tp8h__A1_8HR_2_2.tiff,HUVEC,8,Originais (1)||None||A1,Originais (1)||None||A1||c2,2,Originais (1)||None||A1,no,23.489,FALHA_CLOSURE_NEG+FALHA_NAO_MONOTONICO,1,A1 8HR 2 (2).tiff,A1 8HR 2_png.rf.bvjlWbubzYS3fVyOKsCU.png
3bd025364d__HUVEC__Originais_1_None_A1__tp12h__A1_12HR_2_2.tiff,HUVEC,12,Originais (1)||None||A1,Originais (1)||None||A1||c2,2,Originais (1)||None||A1,no,35.689,FALHA_CLOSURE_NEG+FALHA_NAO_MONOTONICO,1,A1 12HR 2 (2).tiff,A1 12HR 2_png.rf.OoCbkijic6aCx52coryw.png
0c9eecd4e4__HUVEC__Originais_1_None_A1__tp24h__A1_24HR_2_2.tiff,HUVEC,24,Originais (1)||None||A1,Originais (1)||None||A1||c2,2,Originais (1)||None||A1,no,35.943,FALHA_CLOSURE_NEG,1,A1 24HR 2 (2).tiff,A1 24HR 2_png.rf.8ZCo4suYfwAmYJVAdrgi.png
c95a4fe6dd__HUVEC__Originais_1_None_A5__tp0h__A5_0HR_1_2.tiff,HUVEC,0,Originais (1)||None||A5,Originais (1)||None||A5||c1,1,Originais (1)||None||A5,no,14.017,OK,0,A5 0HR 1 (2).tiff,A5 0HR 1_png.rf.ckTpizxWhCzqrJmwetqV.png
402aa9005a__HUVEC__Originais_1_None_A5__tp8h__A5_8HR_1_2.tiff,HUVEC,8,Originais (1)||None||A5,Originais (1)||None||A5||c1,1,Originais (1)||None||A5,no,35.47,FALHA_CLOSURE_NEG+FALHA_NAO_MONOTONICO,1,A5 8HR 1 (2).tiff,A5 8HR 1_png.rf.qbCCkoclBZRwrN2mNDA9.png
1e53de2f60__HUVEC__Originais_1_None_A5__tp12h__A5_12HR_1_2.tiff,HUVEC,12,Originais (1)||None||A5,Originais (1)||None||A5||c1,1,Originais (1)||None||A5,no,41.13,FALHA_CLOSURE_NEG+FALHA_NAO_MONOTONICO,1,A5 12HR 1 (2).tiff,A5 12HR 1_png.rf.IESDSkszuJatVJfvQ7PW.png
915659805f__HUVEC__Originais_1_None_A5__tp24h__A5_24HR_1_2.tiff,HUVEC,24,Originais (1)||None||A5,Originais (1)||None||A5||c1,1,Originais (1)||None||A5,no,61.022,FALHA_CLOSURE_NEG+FALHA_NAO_MONOTONICO,1,A5 24HR 1 (2).tiff,A5 24HR 1_png.rf.CpfIcPI5krfxTtJFGjKH.png
156f09d73b__HUVEC__Originais_1_None_A5__tp0h__A5_0HR_2_2.tiff,HUVEC,0,Originais (1)||None||A5,Originais (1)||None||A5||c2,2,Originais (1)||None||A5,no,15.691,OK,0,A5 0HR 2 (2).tiff,A5 0HR 2_png.rf.C9gm2A2fkupz9aW1u7b9.png
b55011ddef__HUVEC__Originais_1_None_A5__tp8h__A5_8HR_2_2.tiff,HUVEC,8,Originais (1)||None||A5,Originais (1)||None||A5||c2,2,Originais (1)||None||A5,no,22.277,FALHA_CLOSURE_NEG+FALHA_NAO_MONOTONICO,1,A5 8HR 2 (2).tiff,A5 8HR 2_png.rf.7U0SE5K1r1eXtmiCBL1Q.png
8380cf36f6__HUVEC__Originais_1_None_A5__tp12h__A5_12HR_2_2.tiff,HUVEC,12,Originais (1)||None||A5,Originais (1)||None||A5||c2,2,Originais (1)||None||A5,no,18.376,FALHA_CLOSURE_NEG,1,A5 12HR 2 (2).tiff,A5 12HR 2_png.rf.rAr8U7x7uLNYSny2Orvg.png
1b7a6d4b5b__HUVEC__Originais_1_None_A5__tp24h__A5_24HR_2_2.tiff,HUVEC,24,Originais (1)||None||A5,Originais (1)||None||A5||c2,2,Originais (1)||None||A5,no,50.977,FALHA_CLOSURE_NEG+FALHA_NAO_MONOTONICO,1,A5 24HR 2 (2).tiff,A5 24HR 2_png.rf.JBrJ8KO8uH9Jn3iTJvZf.png
1da4221988__HUVEC__Originais_1_None_B5__tp0h__B5_0HR_1_2.tiff,HUVEC,0,Originais (1)||None||B5,Originais (1)||None||B5||c1,1,Originais (1)||None||B5,no,16.726,OK,0,B5 0HR 1 (2).tiff,B5 0HR 1_png.rf.J6hP1h51BcAFg4KFN6lN.png
b907ae85dd__HUVEC__Originais_1_None_B5__tp8h__B5_8HR_1_2.tiff,HUVEC,8,Originais (1)||None||B5,Originais (1)||None||B5||c1,1,Originais (1)||None||B5,no,15.09,OK,0,B5 8HR 1 (2).tiff,B5 8HR 1_png.rf.Ym4RLm5f7bEAlTD8XV4Q.png
a3e15c9ecc__HUVEC__Originais_1_None_B5__tp12h__B5_12HR_1_2.tiff,HUVEC,12,Originais (1)||None||B5,Originais (1)||None||B5||c1,1,Originais (1)||None||B5,no,10.233,OK,0,B5 12HR 1 (2).tiff,B5 12HR 1_png.rf.XqoVkA4DK3JbERfwmQPP.png
a27829f2e8__HUVEC__Originais_1_None_B5__tp0h__B5_0HR_2_2.tiff,HUVEC,0,Originais (1)||None||B5,Originais (1)||None||B5||c2,2,Originais (1)||None||B5,no,22.321,OK,0,B5 0HR 2 (2).tiff,B5 0HR 2_png.rf.MUU0CWJgRWrZIA9N0J2X.png
dc452cba48__HUVEC__Originais_1_None_B5__tp8h__B5_8HR_2_2.tiff,HUVEC,8,Originais (1)||None||B5,Originais (1)||None||B5||c2,2,Originais (1)||None||B5,no,17.072,OK,0,B5 8HR 2 (2).tiff,B5 8HR 2_png.rf.1bM2nfrE3C3SuMgkQzIF.png
0836fc4ee3__HUVEC__Originais_1_None_B5__tp12h__B5_12HR_2_2.tiff,HUVEC,12,Originais (1)||None||B5,Originais (1)||None||B5||c2,2,Originais (1)||None||B5,no,15.976,OK,0,B5 12HR 2 (2).tiff,B5 12HR 2_png.rf.EZH0RYIN3t8Q75rFyebV.png
67aac5fafc__HUVEC__Originais_1_None_B5__tp24h__B5_24HR.tiff,HUVEC,24,Originais (1)||None||B5,Originais (1)||None||B5||c24,24,Originais (1)||None||B5,no,19.445,OK,0,B5 24HR .tiff,B5 24HR _png.rf.g9PDGT1tjMWdiPw6OCJg.png
d7cf652f2d__HUVEC__Originais_1_None_D1__tp0h__D1_0HR_1_2.tiff,HUVEC,0,Originais (1)||None||D1,Originais (1)||None||D1||c1,1,Originais (1)||None||D1,no,16.047,OK,0,D1 0HR 1 (2).tiff,D1 0HR 1_png.rf.pXGKiyw6dpCjGOogRcBS.png
a40bd1473a__HUVEC__Originais_1_None_D1__tp8h__D1_8HR_1_2.tiff,HUVEC,8,Originais (1)||None||D1,Originais (1)||None||D1||c1,1,Originais (1)||None||D1,no,11.164,OK,0,D1 8HR 1 (2).tiff,D1 8HR 1_png.rf.Pm37sn4g0olAl9FUCP58.png
f65dcb0b1e__HUVEC__Originais_1_None_D1__tp12h__D1_12HR_1_2.tiff,HUVEC,12,Originais (1)||None||D1,Originais (1)||None||D1||c1,1,Originais (1)||None||D1,no,10.234,OK,0,D1 12HR 1 (2).tiff,D1 12HR 1_png.rf.mtvtObh31Z25eXwo4BTB.png
0bdbd51083__HUVEC__Originais_1_None_D1__tp24h__D1_24HR_1_2.tiff,HUVEC,24,Originais (1)||None||D1,Originais (1)||None||D1||c1,1,Originais (1)||None||D1,no,11.519,OK,0,D1 24HR 1 (2).tiff,D1 24HR 1_png.rf.EHcrx6DNEOw8vqgtCyC2.png
90bf65dbb4__HUVEC__Originais_1_None_D1__tp0h__D1_0HR_2_2.tiff,HUVEC,0,Originais (1)||None||D1,Originais (1)||None||D1||c2,2,Originais (1)||None||D1,no,15.756,OK,0,D1 0HR 2 (2).tiff,D1 0HR 2_png.rf.Ak8bfHD2sNvAS5ARU8WU.png
b910aebd2d__HUVEC__Originais_1_None_D1__tp8h__D1_8HR_2_2.tiff,HUVEC,8,Originais (1)||None||D1,Originais (1)||None||D1||c2,2,Originais (1)||None||D1,no,11.721,OK,0,D1 8HR 2 (2).tiff,D1 8HR 2_png.rf.We4y9DkVsrjwHtYEPH1S.png
7a3177a5b3__HUVEC__Originais_1_None_D1__tp12h__D1_12HR_2_2.tiff,HUVEC,12,Originais (1)||None||D1,Originais (1)||None||D1||c2,2,Originais (1)||None||D1,no,8.949,OK,0,D1 12HR 2 (2).tiff,D1 12HR 2_png.rf.E03XFlEmMbe4CLEeQ5L0.png
4c0807427d__HUVEC__Originais_1_None_D1__tp24h__D1_24HR_2_2.tiff,HUVEC,24,Originais (1)||None||D1,Originais (1)||None||D1||c2,2,Originais (1)||None||D1,no,7.515,OK,0,D1 24HR 2 (2).tiff,D1 24HR 2_png.rf.sKzjQXeeTmG65NxFRo5z.png
d8d6a409b0__HUVEC__Pr_-Ecl_mpsia_None_B6__tp0h__B6_0hr_1.tiff,HUVEC,0,Pré-Eclâmpsia||None||B6,Pré-Eclâmpsia||None||B6||c1,1,Pré-Eclâmpsia||None||B6,no,18.745,OK,0,B6 0hr 1.tiff,B6 0hr 1_png.rf.tP2kS9n37GFU0hMWW7mV.png
15dfa1f8f7__HUVEC__Pr_-Ecl_mpsia_None_B6__tp12h__B6_12hr_1.tiff,HUVEC,12,Pré-Eclâmpsia||None||B6,Pré-Eclâmpsia||None||B6||c1,1,Pré-Eclâmpsia||None||B6,no,19.549,FALHA_CLOSURE_NEG,1,B6 12hr 1.tiff,B6 12hr 1_png.rf.wMEDLQnrMWwVbcfKlQek.png
fbe637bf41__HUVEC__Pr_-Ecl_mpsia_None_B6__tp24h__B6_24h_1.tiff,HUVEC,24,Pré-Eclâmpsia||None||B6,Pré-Eclâmpsia||None||B6||c1,1,Pré-Eclâmpsia||None||B6,no,0.274,OK,0,B6 24h 1.tiff,B6 24h 1_png.rf.Mqv4F4d5b4AUQiStkAzE.png
447267f1f8__HUVEC__Pr_-Ecl_mpsia_None_B6__tp12h__B6_12hr_2.tiff,HUVEC,12,Pré-Eclâmpsia||None||B6,Pré-Eclâmpsia||None||B6||c2,2,Pré-Eclâmpsia||None||B6,no,49.34,OK,0,B6 12hr 2.tiff,B6 12hr 2_png.rf.y4b1NNhMuInMAANEGR5y.png
821e5c649b__HUVEC__Controle+Saudavel_None_B1__tp0h__B1_0hr_1.tiff,HUVEC,0,Saudável||None||B1,Saudável||None||B1||c1,1,Controle+Saudavel||None||B1,no,18.078,OK,0,B1 0hr_1.tiff,B1 0HR 1_png.rf.eIMkkfHeHfLEZ04ezC1L.png
ba850ac4ac__HUVEC__Controle+Saudavel_None_B1__tp12h__B1_12hr_1.tiff,HUVEC,12,Saudável||None||B1,Saudável||None||B1||c1,1,Controle+Saudavel||None||B1,no,25.072,FALHA_CLOSURE_NEG+FALHA_NAO_MONOTONICO,1,B1 12hr_1.tiff,B1 12hr_1_png.rf.dB4OztvLmzVa4BGq5jCN.png
3bad7fe6bb__HUVEC__Controle+Saudavel_None_B1__tp24h__B1_24hr_1.tiff,HUVEC,24,Saudável||None||B1,Saudável||None||B1||c1,1,Controle+Saudavel||None||B1,no,2.421,OK,0,B1 24hr 1.tiff,B1 24hr 1_png.rf.wZriPsVdQe9B1XYh0ypQ.png
cd7390ba07__HUVEC__Controle+Saudavel_None_B1__tp0h__B1_0hr_2.tiff,HUVEC,0,Saudável||None||B1,Saudável||None||B1||c2,2,Controle+Saudavel||None||B1,no,18.31,OK,0,B1 0hr_2.tiff,B1 0hr_2_png.rf.wWUkB0l85vJDlD6q526J.png
92633214a0__HUVEC__Controle+Saudavel_None_B1__tp24h__B1_24hr_2.tiff,HUVEC,24,Saudável||None||B1,Saudável||None||B1||c2,2,Controle+Saudavel||None||B1,no,6.89,OK,0,B1 24hr 2.tiff,B1 24hr 2_png.rf.kOhjizJROLOCgNfM1IF5.png
b4e873c613__HUVEC__originais_None_A1__tp0h__A1_0HR_1.tiff,HUVEC,0,originais||None||A1,originais||None||A1||c1,1,originais||None||A1,no,12.494,OK,0,A1 0HR 1.tiff,A1 0HR 1_png.rf.bBmfdS8DK3Ixtw1fZ9P3.png
19b5407474__HUVEC__originais_None_A1__tp8h__A1_8HR_1.tiff,HUVEC,8,originais||None||A1,originais||None||A1||c1,1,originais||None||A1,no,36.085,FALHA_CLOSURE_NEG+FALHA_NAO_MONOTONICO,1,A1 8HR 1.tiff,A1 8HR 1_png.rf.7N4eAqgpqfPKb1eNWowl.png
8bf826e872__HUVEC__originais_None_A1__tp0h__A1_0HR_2.tiff,HUVEC,0,originais||None||A1,originais||None||A1||c2,2,originais||None||A1,no,30.903,OK,0,A1 0HR 2.tiff,A1 0HR 2_png.rf.wFANdrijgcCbWaNPdyi0.png
10c73cd55a__HUVEC__originais_None_A1__tp8h__A1_8HR_2.tiff,HUVEC,8,originais||None||A1,originais||None||A1||c2,2,originais||None||A1,no,43.687,FALHA_CLOSURE_NEG+FALHA_NAO_MONOTONICO,1,A1 8HR 2.tiff,A1 8HR 2_png.rf.emd32984S6mQhEIM0RXU.png
7d8b79a5ad__HUVEC__originais_None_A1__tp24h__A1_24HR_2.tiff,HUVEC,24,originais||None||A1,originais||None||A1||c2,2,originais||None||A1,no,14.11,OK,0,A1 24HR 2.tiff,A1 24HR 2_png.rf.QvfIHR0lQkYJbWTuhsBX.png
e4bb99f05d__BASELINE__HUVEC__originais_None_A5__tp0h__A5_0HR_1.tiff,HUVEC,0,originais||None||A5,originais||None||A5||c1,1,originais||None||A5,yes,26.026,OK,0,A5 0HR 1.tiff,(baseline_recuperado)
a99d3e28ae__HUVEC__originais_None_A5__tp8h__A5_8HR_1.tiff,HUVEC,8,originais||None||A5,originais||None||A5||c1,1,originais||None||A5,no,67.754,FALHA_CLOSURE_NEG+FALHA_NAO_MONOTONICO,1,A5 8HR 1.tiff,A5 8HR 1_png.rf.jEYUYpVLybixXNUndrI9.png
b83dc2f0a0__HUVEC__originais_None_A5__tp12h__A5_12HR_1.tiff,HUVEC,12,originais||None||A5,originais||None||A5||c1,1,originais||None||A5,no,22.582,OK,0,A5 12HR 1.tiff,A5 12HR 1_png.rf.1xA3zwCvRWDQRrGvHIhA.png
a7bed1b95d__HUVEC__originais_None_A5__tp24h__A5_24HR_1.tiff,HUVEC,24,originais||None||A5,originais||None||A5||c1,1,originais||None||A5,no,46.376,DISCORDANCIA_CAMPO+FALHA_CLOSURE_NEG+FALHA_NAO_MONOTONICO,1,A5 24HR 1.tiff,A5 24HR 1_png.rf.QWraD9H7IOqSfp8mznDQ.png
004fc0a19e__HUVEC__originais_None_A5__tp12h__A5_12HR_2.tiff,HUVEC,12,originais||None||A5,originais||None||A5||c2,2,originais||None||A5,no,11.542,OK,0,A5 12HR 2.tiff,A5 12HR 2_png.rf.mzYpTwvbQHLWffHAkMOe.png
9c1610d4f3__HUVEC__originais_None_A5__tp24h__A5_24HR_2.tiff,HUVEC,24,originais||None||A5,originais||None||A5||c2,2,originais||None||A5,no,9.272,DISCORDANCIA_CAMPO,1,A5 24HR 2.tiff,A5 24HR 2_png.rf.xE7wqG2pbN9OFXjVvNjl.png
bdd482f7dc__HUVEC__originais_None_B5__tp0h__B5_0HR_1.tiff,HUVEC,0,originais||None||B5,originais||None||B5||c1,1,originais||None||B5,no,75.491,OK,0,B5 0HR 1.tiff,B5 0HR 1_png.rf.HyxAq2SZFEx1y342m6b9.png
984fac6443__HUVEC__originais_None_B5__tp24h__B5_24HR_1.tiff,HUVEC,24,originais||None||B5,originais||None||B5||c1,1,originais||None||B5,no,40.204,OK,0,B5 24HR 1.tiff,B5 24HR 1_png.rf.TJTLDoAzR6YqhVVqJjBV.png
5402a99d17__HUVEC__originais_None_B5__tp8h__B5_8HR_2.tiff,HUVEC,8,originais||None||B5,originais||None||B5||c2,2,originais||None||B5,no,21.037,OK,0,B5 8HR 2.tiff,B5 8HR 2_png.rf.BzRPidTOrz4nL1zIlvSL.png
c47de367f7__HUVEC__originais_None_B5__tp12h__B5_12HR_2.tiff,HUVEC,12,originais||None||B5,originais||None||B5||c2,2,originais||None||B5,no,15.404,OK,0,B5 12HR 2.tiff,B5 12HR 2_png.rf.mSR2WAZaiHT4hljqFuAE.png
857d6a0b73__HUVEC__originais_None_D1__tp0h__D1_0HR_1.tiff,HUVEC,0,originais||None||D1,originais||None||D1||c1,1,originais||None||D1,no,16.757,OK,0,D1 0HR 1.tiff,D1 0HR 1_png.rf.X95BBgcop2LdYBHvWj7G.png
b98f1d3be8__HUVEC__originais_None_D1__tp8h__D1_8HR_1.tiff,HUVEC,8,originais||None||D1,originais||None||D1||c1,1,originais||None||D1,no,10.469,OK,0,D1 8HR 1.tiff,D1 8HR 1_png.rf.7pXlMXWWJkv2xLuAp89c.png
c01f3f16cb__HUVEC__originais_None_D1__tp12h__D1_12HR_1.tiff,HUVEC,12,originais||None||D1,originais||None||D1||c1,1,originais||None||D1,no,8.311,OK,0,D1 12HR 1.tiff,D1 12HR 1_png.rf.Sa5pwYNBsukEYVE7qdCO.png
8ea9f57fed__HUVEC__originais_None_D1__tp24h__D1_24HR_1.tiff,HUVEC,24,originais||None||D1,originais||None||D1||c1,1,originais||None||D1,no,4.703,OK,0,D1 24HR 1.tiff,D1 24HR 1_png.rf.D7yfyoxo08GRgfqWxkKs.png
7588e611d5__HUVEC__originais_None_D1__tp0h__D1_0HR_2.tiff,HUVEC,0,originais||None||D1,originais||None||D1||c2,2,originais||None||D1,no,21.048,OK,0,D1 0HR 2.tiff,D1 0HR 2_png.rf.pBkydjxMgVt0vB999uLo.png
365467be4f__HUVEC__originais_None_D1__tp8h__D1_8HR_2.tiff,HUVEC,8,originais||None||D1,originais||None||D1||c2,2,originais||None||D1,no,11.646,OK,0,D1 8HR 2.tiff,D1 8HR 2_png.rf.zXqaP0fHqHbabD0CzjuF.png
ff163eb7bd__HUVEC__originais_None_D1__tp12h__D1_12HR_2.tiff,HUVEC,12,originais||None||D1,originais||None||D1||c2,2,originais||None||D1,no,9.047,OK,0,D1 12HR 2.tiff,D1 12HR 2_png.rf.c61b9Qj6PnDGEcivk5oi.png
07f7f3ae69__HUVEC__originais_None_D1__tp24h__D1_24HR_2.tiff,HUVEC,24,originais||None||D1,originais||None||D1||c2,2,originais||None||D1,no,4.36,OK,0,D1 24HR 2.tiff,D1 24HR 2_png.rf.uoxKxnADebGlXimnPrEx.png
cd14eeaab0__HUVEC__originais_None_D4__tp0h__D4_0HR_1.tiff,HUVEC,0,originais||None||D4,originais||None||D4||c1,1,originais||None||D4,no,17.387,OK,0,D4 0HR 1.tiff,D4 0HR 1_png.rf.eLqJwBy4PkAeXHhqw8Ir.png
89b61b11f6__HUVEC__originais_None_D4__tp8h__D4_8HR_1.tiff,HUVEC,8,originais||None||D4,originais||None||D4||c1,1,originais||None||D4,no,6.95,OK,0,D4 8HR 1.tiff,D4 8HR 1_png.rf.VEshHRtiysfYv1YrXVR9.png
32105a21ed__HUVEC__originais_None_D4__tp12h__D4_12HR_1.tiff,HUVEC,12,originais||None||D4,originais||None||D4||c1,1,originais||None||D4,no,15.77,FALHA_NAO_MONOTONICO,1,D4 12HR 1.tiff,D4 12HR 1_png.rf.coQP5Rm68FoQiPA5lE4l.png
f676cb2911__HUVEC__originais_None_D4__tp24h__D4_24HR_1.tiff,HUVEC,24,originais||None||D4,originais||None||D4||c1,1,originais||None||D4,no,3.316,DISCORDANCIA_CAMPO,1,D4 24HR 1.tiff,D4 24HR 1_png.rf.ZeWox4g9WSQYjCRdF5Hj.png
5870bb947e__HUVEC__originais_None_D4__tp0h__D4_0HR_2.tiff,HUVEC,0,originais||None||D4,originais||None||D4||c2,2,originais||None||D4,no,16.432,OK,0,D4 0HR 2.tiff,D4 0HR 2_png.rf.EwNjDB9ss3gmM00iJqPT.png
0a2a2af49b__HUVEC__originais_None_D4__tp8h__D4_8HR_2.tiff,HUVEC,8,originais||None||D4,originais||None||D4||c2,2,originais||None||D4,no,4.732,OK,0,D4 8HR 2.tiff,D4 8HR 2_png.rf.1gESfR3nmJtUf5QdqE6H.png
bcc023dcdc__HUVEC__originais_None_D4__tp12h__D4_12HR_2.tiff,HUVEC,12,originais||None||D4,originais||None||D4||c2,2,originais||None||D4,no,7.45,OK,0,D4 12HR 2.tiff,D4 12HR 2_png.rf.3mHz6QXfVp3bYuBorSyN.png
3bb0ffa3c2__HUVEC__originais_None_D4__tp24h__D4_24HR_2.tiff,HUVEC,24,originais||None||D4,originais||None||D4||c2,2,originais||None||D4,no,0.449,DISCORDANCIA_CAMPO,1,D4 24HR 2.tiff,D4 24HR 2_png.rf.aSdWjnYDFFICPSVHPh41.png
47d9864f0d__SKOV-3__P1_CT_F10__tp0h__ct2_5.tiff,SKOV-3,0,P1|CT|F10,P1|CT|F10,F10,P1|CT|F10,no,39.654,OK,0,ct2_5.tiff,ct2_5_png.rf.V6uuFIT0hRf8VvfkI0ft.png
b683f7cf68__SKOV-3__P1_CT_F10__tp48h__Snap-10_2.tiff,SKOV-3,48,P1|CT|F10,P1|CT|F10,F10,P1|CT|F10,no,27.95,OK,0,Snap-10 (2).tiff,Snap-10_146_png.rf.J1zTbpCRqsOW6DtsIPzv.png
8ece12b29e__SKOV-3__P1_CT_F8__tp0h__ct2_3.tiff,SKOV-3,0,P1|CT|F8,P1|CT|F8,F8,P1|CT|F8,no,36.461,OK,0,ct2_3.tiff,ct2_3_png.rf.05gH6Q4BVtzjbT8GvpXk.png
1d20187a19__SKOV-3__P1_CT_F8__tp24h__Snap-09_2.tiff,SKOV-3,24,P1|CT|F8,P1|CT|F8,F8,P1|CT|F8,no,39.505,FALHA_CLOSURE_NEG,1,Snap-09 (2).tiff,Snap-09_200_png.rf.T1DuJr60ClWyEIrNPE9K.png
95925abdae__SKOV-3__P1_CT_F8__tp48h__Snap-08_2.tiff,SKOV-3,48,P1|CT|F8,P1|CT|F8,F8,P1|CT|F8,no,75.984,FALHA_CLOSURE_NEG+FALHA_NAO_MONOTONICO,1,Snap-08 (2).tiff,Snap-08_141_png.rf.xxwXm4vgaTgEnxfrDBvk.png
f0af91b428__SKOV-3__P1_GEO+PTX_F1__tp24h__Snap-47_2.tiff,SKOV-3,24,P1|GEO+PTX|F1,P1|GEO+PTX|F1,F1,P1|GEO+PTX|F1,no,48.583,OK,0,Snap-47 (2).tiff,Snap-47_219_png.rf.tXiQQL4hg3VyVt8yhPHg.png
f4b158f3ff__SKOV-3__P1_GEO+PTX_F1__tp48h__Snap-47_2.tiff,SKOV-3,48,P1|GEO+PTX|F1,P1|GEO+PTX|F1,F1,P1|GEO+PTX|F1,no,16.028,OK,0,Snap-47 (2).tiff,Snap-47_159_png.rf.iWHwHxKcpvJIH7RHtxRu.png
e6ef55bb93__SKOV-3__P1_GEO+PTX_F1__tp72h__Snap-36.tiff,SKOV-3,72,P1|GEO+PTX|F1,P1|GEO+PTX|F1,F1,P1|GEO+PTX|F1,no,16.822,OK,0,Snap-36.tiff,Snap-36_271_png.rf.sfFr7wfzXmMz4JWE34hv.png
07006e35fe__SKOV-3__P1_GEO+PTX_F6__tp24h__Snap-52_2.tiff,SKOV-3,24,P1|GEO+PTX|F6,P1|GEO+PTX|F6,F6,P1|GEO+PTX|F6,no,25.398,OK,0,Snap-52 (2).tiff,Snap-52_213_png.rf.YrkkVK1Bonf3TxwPZWyE.png
58a4cc19a9__SKOV-3__P1_GEO+PTX_F6__tp48h__Snap-52_2.tiff,SKOV-3,48,P1|GEO+PTX|F6,P1|GEO+PTX|F6,F6,P1|GEO+PTX|F6,no,1.543,OK,0,Snap-52 (2).tiff,Snap-52_153_png.rf.jWozliFwqBh7FtxPjDhr.png
2166dad4b4__SKOV-3__P1_GEO+PTX_F6__tp72h__Snap-41.tiff,SKOV-3,72,P1|GEO+PTX|F6,P1|GEO+PTX|F6,F6,P1|GEO+PTX|F6,no,8.951,FALHA_NAO_MONOTONICO,1,Snap-41.tiff,Snap-41_270_png.rf.46zb8PtP1Yuu9Wit1FpP.png
aceb303f81__SKOV-3__P1_GEO_F11__tp24h__Snap-42_2.tiff,SKOV-3,24,P1|GEO|F11,P1|GEO|F11,F11,P1|GEO|F11,no,20.789,OK,0,Snap-42 (2).tiff,Snap-42_225_png.rf.mQxoBxfdEUUtVkhWybfs.png
1c257ba6ee__SKOV-3__P1_GEO_F11__tp48h__Snap-42_2.tiff,SKOV-3,48,P1|GEO|F11,P1|GEO|F11,F11,P1|GEO|F11,no,31.25,FALHA_NAO_MONOTONICO,1,Snap-42 (2).tiff,Snap-42_165_png.rf.3eAR7nfV8aWUfPbBc82Q.png
6dfed6db6e__SKOV-3__P1_GEO_F11__tp72h__Snap-31.tiff,SKOV-3,72,P1|GEO|F11,P1|GEO|F11,F11,P1|GEO|F11,no,1.455,OK,0,Snap-31.tiff,Snap-31_281_png.rf.HrwVzS03qTHBX5RB7awf.png
d421258d9f__SKOV-3__P1_GEO_F6__tp24h__Snap-37_2.tiff,SKOV-3,24,P1|GEO|F6,P1|GEO|F6,F6,P1|GEO|F6,no,24.997,OK,0,Snap-37 (2).tiff,Snap-37_235_png.rf.fp1LasdFT1TZbfgrTie6.png
d96e0fc45b__SKOV-3__P1_GEO_F6__tp48h__Snap-37_2.tiff,SKOV-3,48,P1|GEO|F6,P1|GEO|F6,F6,P1|GEO|F6,no,40.782,FALHA_NAO_MONOTONICO,1,Snap-37 (2).tiff,Snap-37_175_png.rf.FF9MN09bmlSbN40cxQRu.png
4406107ac9__SKOV-3__P1_GEO_F6__tp72h__Snap-26.tiff,SKOV-3,72,P1|GEO|F6,P1|GEO|F6,F6,P1|GEO|F6,no,0.867,OK,0,Snap-26.tiff,Snap-26_283_png.rf.YFDkIZNg1W2rRyv6xoZQ.png
61e00c0106__SKOV-3__P1_PTX_F2__tp0h__ptx1_2.tiff,SKOV-3,0,P1|PTX|F2,P1|PTX|F2,F2,P1|PTX|F2,no,27.336,OK,0,ptx1_2.tiff,ptx1_2_png.rf.mOSxinMIUOQxQUjpAhxb.png
4e02b25d63__SKOV-3__P1_PTX_F2__tp24h__Snap-18_2.tiff,SKOV-3,24,P1|PTX|F2,P1|PTX|F2,F2,P1|PTX|F2,no,15.352,OK,0,Snap-18 (2).tiff,Snap-18_182_png.rf.0olrnxTCWxDIVmtPK3HA.png
691f27f27e__SKOV-3__P1_PTX_F2__tp48h__Snap-18_2.tiff,SKOV-3,48,P1|PTX|F2,P1|PTX|F2,F2,P1|PTX|F2,no,6.301,OK,0,Snap-18 (2).tiff,Snap-18_122_png.rf.rEzRHI9DOsMmEv8NXGFz.png
24876cef41__SKOV-3__P1_PTX_F9__tp0h__ptx2_4.tiff,SKOV-3,0,P1|PTX|F9,P1|PTX|F9,F9,P1|PTX|F9,no,40.021,OK,0,ptx2_4.tiff,ptx2_4_png.rf.YEH27Bh4es5Hup4qomsA.png
76e82b7d28__SKOV-3__P1_PTX_F9__tp24h__Snap-25_2.tiff,SKOV-3,24,P1|PTX|F9,P1|PTX|F9,F9,P1|PTX|F9,no,34.063,OK,0,Snap-25 (2).tiff,Snap-25_184_png.rf.fnCmHOHxb5uRZMEeY7RB.png
2f8f6fd531__SKOV-3__P1_PTX_F9__tp48h__Snap-25_2.tiff,SKOV-3,48,P1|PTX|F9,P1|PTX|F9,F9,P1|PTX|F9,no,20.838,OK,0,Snap-25 (2).tiff,Snap-25_124_png.rf.qhyZRieBWx1vF8Vfj4ck.png
491a59f24e__SKOV-3__P2_CARBO+GEO_F14__tp0h__Snap-60.tiff,SKOV-3,0,P2|CARBO+GEO|F14,P2|CARBO+GEO|F14,F14,P2|CARBO+GEO|F14,no,38.565,OK,0,Snap-60.tiff,Snap-60_png.rf.RpcRTxyR97nXnbvR3urB.png
f6f69dd7a1__SKOV-3__P2_CARBO+GEO_F14__tp48h__Snap-60.tiff,SKOV-3,48,P2|CARBO+GEO|F14,P2|CARBO+GEO|F14,F14,P2|CARBO+GEO|F14,no,19.396,OK,0,Snap-60.tiff,Snap-60_12_png.rf.AiY33Mo4Daj2M4cZgUnh.png
32f816646e__SKOV-3__P2_CARBO+GEO_F8__tp0h__Snap-54.tiff,SKOV-3,0,P2|CARBO+GEO|F8,P2|CARBO+GEO|F8,F8,P2|CARBO+GEO|F8,no,38.466,OK,0,Snap-54.tiff,Snap-54_png.rf.HGYLhnxL2tQsTiXRBg9n.png
757d325f1f__SKOV-3__P2_CARBO+GEO_F8__tp24h__Snap-54.tiff,SKOV-3,24,P2|CARBO+GEO|F8,P2|CARBO+GEO|F8,F8,P2|CARBO+GEO|F8,no,15.633,OK,0,Snap-54.tiff,Snap-54_106_png.rf.VOFbghvZhHsPNSqUFFkZ.png
431a247e4d__SKOV-3__P2_CARBO+GEO_F8__tp48h__Snap-54.tiff,SKOV-3,48,P2|CARBO+GEO|F8,P2|CARBO+GEO|F8,F8,P2|CARBO+GEO|F8,no,5.872,OK,0,Snap-54.tiff,Snap-54_1_png.rf.LYlBIIJ3KoqRfd7QemOX.png
a1d9784c97__BASELINE__SKOV-3__P2_CARBO_F5__tp0h__Snap-20.tiff,SKOV-3,0,P2|CARBO|F5,P2|CARBO|F5,F5,P2|CARBO|F5,yes,42.686,OK,0,Snap-20.tiff,(baseline_recuperado)
e38b9ca083__SKOV-3__P2_CARBO_F5__tp24h__Snap-20.tiff,SKOV-3,24,P2|CARBO|F5,P2|CARBO|F5,F5,P2|CARBO|F5,no,9.768,OK,0,Snap-20.tiff,Snap-20_104_png.rf.lu9wLu7mqVxquLAseXNa.png
e068a53984__SKOV-3__P2_CARBO_F5__tp48h__Snap-21.tiff,SKOV-3,48,P2|CARBO|F5,P2|CARBO|F5,F5,P2|CARBO|F5,no,14.379,OK,0,Snap-21.tiff,Snap-21_56_png.rf.ycoY7vPUknblypXrORx3.png
6fb12c61f6__SKOV-3__P2_CARBO_F9__tp0h__Snap-25.tiff,SKOV-3,0,P2|CARBO|F9,P2|CARBO|F9,F9,P2|CARBO|F9,no,30.715,OK,0,Snap-25.tiff,Snap-25_png.rf.NZSC2ldRJFXa4414jttF.png
ec6c7bc6f7__SKOV-3__P2_CARBO_F9__tp24h__Snap-24.tiff,SKOV-3,24,P2|CARBO|F9,P2|CARBO|F9,F9,P2|CARBO|F9,no,25.01,OK,0,Snap-24.tiff,Snap-24_96_png.rf.s6DeTIAvmh6iZiaYgj4W.png
0270d51969__SKOV-3__P2_CARBO_F9__tp48h__Snap-25.tiff,SKOV-3,48,P2|CARBO|F9,P2|CARBO|F9,F9,P2|CARBO|F9,no,46.402,FALHA_CLOSURE_NEG+FALHA_NAO_MONOTONICO,1,Snap-25.tiff,Snap-25_50_png.rf.CHeux2nrD5owQB0rBnrP.png
fa6dd30a89__BASELINE__SKOV-3__P2_CT_F15__tp0h__Snap-15.tiff,SKOV-3,0,P2|CT|F15,P2|CT|F15,F15,P2|CT|F15,yes,43.772,OK,0,Snap-15.tiff,(baseline_recuperado)
b42d83ed55__SKOV-3__P2_CT_F15__tp24h__Snap-15.tiff,SKOV-3,24,P2|CT|F15,P2|CT|F15,F15,P2|CT|F15,no,34.584,OK,0,Snap-15.tiff,Snap-15_60_png.rf.AUB9Da86Zc4f2GiWRpgF.png
fd9cb2c695__SKOV-3__P2_CT_F15__tp48h__Snap-15.tiff,SKOV-3,48,P2|CT|F15,P2|CT|F15,F15,P2|CT|F15,no,8.729,OK,0,Snap-15.tiff,Snap-15_15_png.rf.oEkUKHxOZ7qcBLxMlF5e.png
207e171eaf__SKOV-3__P2_CT_F9__tp0h__Snap-10.tiff,SKOV-3,0,P2|CT|F9,P2|CT|F9,F9,P2|CT|F9,no,42.731,OK,0,Snap-10.tiff,Snap-10_png.rf.yj7fOx6nAZtfK19C65wZ.png
ef8663825e__SKOV-3__P2_CT_F9__tp24h__Snap-09.tiff,SKOV-3,24,P2|CT|F9,P2|CT|F9,F9,P2|CT|F9,no,5.929,OK,0,Snap-09.tiff,Snap-09_66_png.rf.DXbLfCegxmVs4TDoenmh.png
bea62375f6__SKOV-3__P2_CT_F9__tp48h__Snap-09.tiff,SKOV-3,48,P2|CT|F9,P2|CT|F9,F9,P2|CT|F9,no,37.761,FALHA_NAO_MONOTONICO,1,Snap-09.tiff,Snap-09_21_png.rf.eX9WeCW8GgIO8pb44zNf.png
3e861f7b95__SKOV-3__P2_GEO_F11__tp0h__Snap-42.tiff,SKOV-3,0,P2|GEO|F11,P2|GEO|F11,F11,P2|GEO|F11,no,30.512,OK,0,Snap-42.tiff,Snap-42_png.rf.vXnbjKiFLjrY6iWZoR1j.png
8328b100ab__SKOV-3__P2_GEO_F11__tp24h__Snap-42.tiff,SKOV-3,24,P2|GEO|F11,P2|GEO|F11,F11,P2|GEO|F11,no,16.135,OK,0,Snap-42.tiff,Snap-42_76_png.rf.erwRb4d1blf6lhZ6UFWy.png
81a85f25ae__SKOV-3__P2_GEO_F8__tp0h__Snap-39.tiff,SKOV-3,0,P2|GEO|F8,P2|GEO|F8,F8,P2|GEO|F8,no,64.859,OK,0,Snap-39.tiff,Snap-39_png.rf.B5ZdhBp8JGAo6JQji9gU.png
2f0b118f20__SKOV-3__P2_GEO_F8__tp24h__Snap-39.tiff,SKOV-3,24,P2|GEO|F8,P2|GEO|F8,F8,P2|GEO|F8,no,21.399,OK,0,Snap-39.tiff,Snap-39_77_png.rf.FBpms3tKgC2fVOg0pxu7.png
8ed03d3c08__BASELINE_REC__HUVEC__LUIS_RAW_PET_C5__tp0h__C5_0H_2.tiff,HUVEC,0,LUIS RAW||PET||C5,LUIS RAW||PET||C5||c2,2,,yes,31.423,NAO_TRIADA,1,C5 0H 2.tiff,
a4fc0d486b__BASELINE_REC__HUVEC__LUIS_RAW_PET_F2__tp0h__F2_0H_2.tiff,HUVEC,0,LUIS RAW||PET||F2,LUIS RAW||PET||F2||c2,2,,yes,13.085,NAO_TRIADA,1,F2 0H 2.tiff,
f2751b8277__BASELINE_REC__HUVEC__Migra_o_PET_e_PEP_n2_RAW_PEP_A2__tp0h__A2_0H_1.tiff,HUVEC,0,Migração (PET e PEP) n2 - RAW||PEP||A2,Migração (PET e PEP) n2 - RAW||PEP||A2||c1,1,,yes,68.417,NAO_TRIADA,1,A2 0H 1.tiff,
fb2b4ab75e__BASELINE_REC__HUVEC__originais_None_A5__tp0h__A5_0HR_2.tiff,HUVEC,0,originais||None||A5,originais||None||A5||c2,2,,yes,37.851,NAO_TRIADA,1,A5 0HR 2.tiff,
54b338af67__BASELINE_REC__HUVEC__originais_None_B5__tp0h__B5_0HR_2.tiff,HUVEC,0,originais||None||B5,originais||None||B5||c2,2,,yes,75.153,NAO_TRIADA,1,B5 0HR 2.tiff,
