series_key,cell_line,lote,n_img,padrao,tem_baseline,closure_plausivel,motivo,closure_seq,decisao,n_frames_invalidos,baseline_emprestado
Controle||None||A1||c1,HUVEC,Controle,3,MISTO,False,False,sem_baseline,,SEM_BASELINE_fora_pareada,0,nao
Controle||None||A1||c2,HUVEC,Controle,2,MISTO,False,False,sem_baseline,,SEM_BASELINE_fora_pareada,0,nao
Controle||None||B1||c1,HUVEC,Controle,3,CONSISTENTE_SUPER,True,True,plausivel,0h:0.000;8h:0.207;12h:0.266,USAVEL_sem_correcao,0,nao
Controle||None||B1||c2,HUVEC,Controle,2,MISTO,True,False,"fora_[0,1]",0h:0.000;8h:-0.073,CORRIGIR_misto,0,nao
LUIS RAW||PEP+GB||A3||c1,HUVEC,LUIS RAW,4,MISTO+INVALIDA,True,True,plausivel,0h:0.000;8h:0.759;12h:0.805;24h:1.000,CORRIGIR_misto,1,sim(c2)
LUIS RAW||PEP+GB||A3||c2,HUVEC,LUIS RAW,4,MISTO,True,True,plausivel,0h:0.000;8h:0.427;12h:0.824;24h:1.000,CORRIGIR_misto,0,nao
LUIS RAW||PEP+MCC||B4||c1,HUVEC,LUIS RAW,4,MISTO,True,False,"fora_[0,1]+nao_monotonica",0h:0.000;8h:-0.106;12h:0.919;24h:0.466,CORRIGIR_misto,0,nao
LUIS RAW||PEP+MCC||B4||c2,HUVEC,LUIS RAW,4,MISTO+INVALIDA,True,False,nao_monotonica,0h:0.000;8h:0.748;12h:-0.046;24h:1.000,CORRIGIR_misto,1,sim(c1)
LUIS RAW||PEP+MET3||A6||c1,HUVEC,LUIS RAW,4,MISTO+INVALIDA,True,True,plausivel,0h:0.000;8h:0.289;12h:0.462;24h:0.684,CORRIGIR_misto,1,sim(c2)
LUIS RAW||PEP+MET3||A6||c2,HUVEC,LUIS RAW,4,MISTO,True,True,plausivel,0h:0.000;8h:0.120;12h:0.339;24h:0.635,CORRIGIR_misto,0,nao
LUIS RAW||PEP||E1||c1,HUVEC,LUIS RAW,4,MISTO,True,True,plausivel,0h:0.000;8h:0.536;12h:0.681;24h:1.000,CORRIGIR_misto,0,nao
LUIS RAW||PEP||E1||c2,HUVEC,LUIS RAW,3,MISTO,True,True,plausivel,0h:0.000;8h:0.668;12h:0.785,CORRIGIR_misto,0,nao
LUIS RAW||PET||C5||c1,HUVEC,LUIS RAW,3,MISTO,True,True,plausivel,0h:0.000;8h:0.290;12h:0.347,CORRIGIR_misto,0,nao
LUIS RAW||PET||C5||c2,HUVEC,LUIS RAW,2,CONSISTENTE_SUPER+INVALIDA,True,True,plausivel,0h:0.000;12h:0.529,USAVEL_sem_correcao,1,sim(c1)
LUIS RAW||PET||F2||c1,HUVEC,LUIS RAW,2,CONSISTENTE_OK,True,True,plausivel,0h:0.000;12h:0.021,USAVEL_sem_correcao,0,nao
LUIS RAW||PET||F2||c2,HUVEC,LUIS RAW,3,CONSISTENTE_SUPER+INVALIDA,True,False,"fora_[0,1]+nao_monotonica",0h:0.000;8h:0.419;12h:-0.057,CORRIGIR_consistente_implausivel,1,sim(c1)
Migração (PET e PEP) n1 - RAW||PEP + NEB 5uM||D4||c1,HUVEC,Migração (PET e PEP) n1 - RAW,4,CONSISTENTE_SUPER+INVALIDA,True,True,plausivel,0h:0.000;12h:0.863,USAVEL_sem_correcao,2,nao
Migração (PET e PEP) n1 - RAW||PEP + NEB 5uM||D4||c2,HUVEC,Migração (PET e PEP) n1 - RAW,4,CONSISTENTE_SUPER+INVALIDA,True,True,plausivel,0h:0.000;8h:0.423;12h:0.724,USAVEL_sem_correcao,1,nao
Migração (PET e PEP) n1 - RAW||PET + NEB 1uM||C5||c1,HUVEC,Migração (PET e PEP) n1 - RAW,4,CONSISTENTE_SUPER+INVALIDA,True,True,plausivel,0h:0.000;8h:0.548;12h:0.753,USAVEL_sem_correcao,1,nao
Migração (PET e PEP) n1 - RAW||PET + NEB 1uM||C5||c2,HUVEC,Migração (PET e PEP) n1 - RAW,4,CONSISTENTE_SUPER+INVALIDA,True,True,plausivel,0h:0.000;8h:0.063;12h:0.008,USAVEL_sem_correcao,1,nao
Migração (PET e PEP) n2 - RAW||PEP + NEB 1uM||B1||c1,HUVEC,Migração (PET e PEP) n2 - RAW,4,MISTO,True,True,plausivel,0h:0.000;8h:0.584;12h:0.593;24h:0.726,CORRIGIR_misto,0,nao
Migração (PET e PEP) n2 - RAW||PEP + NEB 1uM||B1||c2,HUVEC,Migração (PET e PEP) n2 - RAW,4,MISTO+INVALIDA,True,True,plausivel,0h:0.000;8h:0.604;24h:0.876,CORRIGIR_misto,1,nao
Migração (PET e PEP) n2 - RAW||PEP||A2||c1,HUVEC,Migração (PET e PEP) n2 - RAW,4,CONSISTENTE_SUPER+INVALIDA,True,False,"fora_[0,1]+nao_monotonica",0h:0.000;12h:-0.388;24h:-0.837,CORRIGIR_consistente_implausivel,2,sim(c2)
Migração (PET e PEP) n2 - RAW||PEP||A2||c2,HUVEC,Migração (PET e PEP) n2 - RAW,4,MISTO,True,True,plausivel,0h:0.000;8h:0.594;12h:0.615;24h:0.698,CORRIGIR_misto,0,nao
Migração (PET e PEP) n2 - RAW||PET + NEB 5uM||D3||c1,HUVEC,Migração (PET e PEP) n2 - RAW,4,MISTO,True,True,plausivel,0h:0.000;8h:0.082;12h:0.117;24h:0.379,CORRIGIR_misto,0,nao
Migração (PET e PEP) n2 - RAW||PET + NEB 5uM||D3||c2,HUVEC,Migração (PET e PEP) n2 - RAW,4,CONSISTENTE_SUPER,True,True,plausivel,0h:0.000;8h:0.109;12h:0.141;24h:0.454,USAVEL_sem_correcao,0,nao
Migração (PET e PEP) n3 - RAW||None||D1||c1,HUVEC,Migração (PET e PEP) n3 - RAW,4,CONSISTENTE_SUPER+INVALIDA,True,True,plausivel,0h:0.000;8h:0.231;12h:0.296,USAVEL_sem_correcao,1,nao
Migração (PET e PEP) n3 - RAW||None||D1||c2,HUVEC,Migração (PET e PEP) n3 - RAW,4,MISTO,True,True,plausivel,0h:0.000;8h:0.230;12h:0.216;24h:0.579,CORRIGIR_misto,0,nao
Migração (PET e PEP) n3 - RAW||None||D4||c1,HUVEC,Migração (PET e PEP) n3 - RAW,4,CONSISTENTE_SUPER,True,True,plausivel,0h:0.000;8h:-0.027;12h:0.103;24h:0.437,USAVEL_sem_correcao,0,nao
Migração (PET e PEP) n3 - RAW||None||D4||c2,HUVEC,Migração (PET e PEP) n3 - RAW,3,TODA_INVALIDA,False,False,sem_baseline,,TODA_INVALIDA_fora,3,nao
Originais (1)||None||A1||c1,HUVEC,Originais (1),4,CONSISTENTE_SUPER,True,True,plausivel,0h:0.000;8h:0.507;12h:0.720;24h:1.000,USAVEL_sem_correcao,0,nao
Originais (1)||None||A1||c2,HUVEC,Originais (1),4,MISTO,True,True,plausivel,0h:0.000;8h:0.489;12h:0.708;24h:1.000,CORRIGIR_misto,0,nao
Originais (1)||None||A5||c1,HUVEC,Originais (1),4,MISTO,True,True,plausivel,0h:0.000;8h:0.616;12h:0.831;24h:1.000,CORRIGIR_misto,0,nao
Originais (1)||None||A5||c2,HUVEC,Originais (1),4,MISTO,True,True,plausivel,0h:0.000;8h:0.598;12h:0.830;24h:1.000,CORRIGIR_misto,0,nao
Originais (1)||None||B5||c1,HUVEC,Originais (1),3,MISTO,True,True,plausivel,0h:0.000;8h:0.504;12h:0.642,CORRIGIR_misto,0,nao
Originais (1)||None||B5||c2,HUVEC,Originais (1),3,CONSISTENTE_SUPER,True,True,plausivel,0h:0.000;8h:0.235;12h:0.284,USAVEL_sem_correcao,0,nao
Originais (1)||None||B5||c24,HUVEC,Originais (1),1,CONSISTENTE_SUPER,False,False,sem_baseline,,SEM_BASELINE_fora_pareada,0,nao
Originais (1)||None||D1||c1,HUVEC,Originais (1),4,MISTO,True,False,nao_monotonica,0h:0.000;8h:0.488;12h:0.362;24h:1.000,CORRIGIR_misto,0,nao
Originais (1)||None||D1||c2,HUVEC,Originais (1),4,CONSISTENTE_OK+INVALIDA,True,True,plausivel,0h:0.000;8h:0.256;12h:0.432,USAVEL_sem_correcao,1,nao
P1|CT|F10,SKOV-3,P1,2,MISTO,True,True,plausivel,0h:0.000;48h:1.000,CORRIGIR_misto,0,nao
P1|CT|F8,SKOV-3,P1,3,MISTO,True,True,plausivel,0h:0.000;24h:1.000;48h:1.000,CORRIGIR_misto,0,nao
P1|GEO+PTX|F1,SKOV-3,P1,3,MISTO,False,False,sem_baseline,,SEM_BASELINE_fora_pareada,0,nao
P1|GEO+PTX|F6,SKOV-3,P1,3,MISTO+INVALIDA,False,False,sem_baseline,,SEM_BASELINE_fora_pareada,1,nao
P1|GEO|F11,SKOV-3,P1,3,MISTO,False,False,sem_baseline,,SEM_BASELINE_fora_pareada,0,nao
P1|GEO|F6,SKOV-3,P1,3,MISTO,False,False,sem_baseline,,SEM_BASELINE_fora_pareada,0,nao
P1|PTX|F2,SKOV-3,P1,3,CONSISTENTE_OK,True,True,plausivel,0h:0.000;24h:0.438;48h:0.769,USAVEL_sem_correcao,0,nao
P1|PTX|F9,SKOV-3,P1,3,CONSISTENTE_OK,True,True,plausivel,0h:0.000;24h:0.149;48h:0.479,USAVEL_sem_correcao,0,nao
P2|CARBO+GEO|F14,SKOV-3,P2,2,CONSISTENTE_OK,True,True,plausivel,0h:0.000;48h:0.497,USAVEL_sem_correcao,0,nao
P2|CARBO+GEO|F8,SKOV-3,P2,3,MISTO,True,True,plausivel,0h:0.000;24h:0.504;48h:0.596,CORRIGIR_misto,0,nao
P2|CARBO|F5,SKOV-3,P2,3,MISTO,True,True,plausivel,0h:0.000;24h:0.778;48h:0.907,CORRIGIR_misto,0,nao
P2|CARBO|F9,SKOV-3,P2,3,MISTO,True,True,plausivel,0h:0.000;24h:0.536;48h:1.000,CORRIGIR_misto,0,nao
P2|CT|F15,SKOV-3,P2,3,MISTO,True,True,plausivel,0h:0.000;24h:0.713;48h:1.000,CORRIGIR_misto,0,nao
P2|CT|F9,SKOV-3,P2,3,MISTO,True,True,plausivel,0h:0.000;24h:0.848;48h:1.000,CORRIGIR_misto,0,nao
P2|GEO|F11,SKOV-3,P2,2,CONSISTENTE_OK,True,True,plausivel,0h:0.000;24h:0.471,USAVEL_sem_correcao,0,nao
P2|GEO|F8,SKOV-3,P2,2,CONSISTENTE_OK+INVALIDA,False,False,sem_baseline,,SEM_BASELINE_fora_pareada,1,nao
Pré-Eclâmpsia||None||B6||c1,HUVEC,Pré-Eclâmpsia,3,MISTO,True,True,plausivel,0h:0.000;12h:0.714;24h:1.000,CORRIGIR_misto,0,nao
Pré-Eclâmpsia||None||B6||c2,HUVEC,Pré-Eclâmpsia,1,CONSISTENTE_SUPER,False,False,sem_baseline,,SEM_BASELINE_fora_pareada,0,nao
Saudável||None||B1||c1,HUVEC,Saudável,3,MISTO,True,True,plausivel,0h:0.000;12h:0.247;24h:0.877,CORRIGIR_misto,0,nao
Saudável||None||B1||c2,HUVEC,Saudável,2,CONSISTENTE_OK,True,True,plausivel,0h:0.000;24h:0.624,USAVEL_sem_correcao,0,nao
originais||None||A1||c1,HUVEC,originais,2,CONSISTENTE_SUPER,True,True,plausivel,0h:0.000;8h:0.419,USAVEL_sem_correcao,0,nao
originais||None||A1||c2,HUVEC,originais,3,CONSISTENTE_SUPER+INVALIDA,True,True,plausivel,0h:0.000;8h:0.266,USAVEL_sem_correcao,1,nao
originais||None||A5||c1,HUVEC,originais,4,CONSISTENTE_SUPER+INVALIDA,True,True,plausivel,0h:0.000;8h:0.289;12h:0.394,USAVEL_sem_correcao,1,nao
originais||None||A5||c2,HUVEC,originais,3,CONSISTENTE_OK,True,True,plausivel,0h:0.000;12h:0.373;24h:0.497,USAVEL_sem_correcao,0,nao
originais||None||B5||c1,HUVEC,originais,2,CONSISTENTE_SUPER,True,True,plausivel,0h:0.000;24h:0.467,USAVEL_sem_correcao,0,nao
originais||None||B5||c2,HUVEC,originais,3,MISTO,True,True,plausivel,0h:0.000;8h:0.087;12h:0.332,CORRIGIR_misto,0,nao
originais||None||D1||c1,HUVEC,originais,4,MISTO,True,True,plausivel,0h:0.000;8h:0.438;12h:0.551;24h:0.884,CORRIGIR_misto,0,nao
originais||None||D1||c2,HUVEC,originais,4,CONSISTENTE_OK,True,True,plausivel,0h:0.000;8h:0.447;12h:0.570;24h:0.793,USAVEL_sem_correcao,0,nao
originais||None||D4||c1,HUVEC,originais,4,CONSISTENTE_SUPER+INVALIDA,True,True,plausivel,0h:0.000;8h:0.600;24h:0.809,USAVEL_sem_correcao,1,nao
originais||None||D4||c2,HUVEC,originais,4,MISTO,True,False,nao_monotonica,0h:0.000;8h:0.668;12h:0.547;24h:1.000,CORRIGIR_misto,0,nao
