x,y
1673,1
1672,1
1672,4
1671,4
1671,6
1670,6
1670,8
1669,8
1669,9
1668,9
1668,11
1667,11
1667,13
1666,13
1666,15
1665,15
1665,17
1664,17
1664,19
1663,19
1663,20
1662,20
1662,21
1661,21
1661,22
1660,22
1660,23
1659,23
1659,24
1658,24
1658,25
1657,25
1657,26
1656,26
1656,27
1655,27
1655,28
1654,28
1654,32
1653,32
1653,33
1652,33
1652,35
1651,35
1651,36
1650,36
1650,40
1649,40
1649,44
1650,44
1650,49
1651,49
1651,51
1652,51
1652,53
1653,53
1653,54
1654,54
1654,55
1655,55
1655,56
1656,56
1656,57
1658,57
1658,58
1659,58
1659,59
1662,59
1662,60
1669,60
1669,61
1670,61
1670,63
1671,63
1671,66
1672,66
1672,70
1673,70
1673,99
1672,99
1672,103
1671,103
1671,108
1670,108
1670,113
1669,113
1669,123
1668,123
1668,138
1669,138
1669,142
1670,142
1670,145
1671,145
1671,149
1672,149
1672,157
1671,157
1671,159
1670,159
1670,161
1669,161
1669,164
1668,164
1668,168
1667,168
1667,172
1666,172
1666,179
1667,179
1667,183
1668,183
1668,186
1669,186
1669,189
1668,189
1668,191
1667,191
1667,193
1666,193
1666,195
1665,195
1665,198
1664,198
1664,202
1663,202
1663,208
1664,208
1664,214
1665,214
1665,217
1666,217
1666,219
1667,219
1667,222
1668,222
1668,223
1669,223
1669,225
1670,225
1670,227
1671,227
1671,228
1672,228
1672,229
1673,229
1673,231
1674,231
1674,232
1675,232
1675,233
1676,233
1676,234
1678,234
1678,235
1679,235
1679,237
1680,237
1680,243
1679,243
1679,246
1678,246
1678,248
1677,248
1677,249
1676,249
1676,251
1675,251
1675,253
1674,253
1674,255
1673,255
1673,259
1672,259
1672,266
1671,266
1671,282
1670,282
1670,284
1669,284
1669,285
1668,285
1668,286
1667,286
1667,287
1666,287
1666,288
1665,288
1665,289
1664,289
1664,290
1663,290
1663,291
1662,291
1662,293
1661,293
1661,294
1660,294
1660,296
1659,296
1659,298
1658,298
1658,302
1657,302
1657,316
1658,316
1658,318
1659,318
1659,320
1660,320
1660,322
1661,322
1661,324
1662,324
1662,326
1663,326
1663,328
1664,328
1664,330
1665,330
1665,331
1666,331
1666,333
1667,333
1667,334
1668,334
1668,335
1669,335
1669,336
1670,336
1670,337
1671,337
1671,338
1672,338
1672,339
1673,339
1673,341
1674,341
1674,343
1675,343
1675,354
1674,354
1674,367
1675,367
1675,376
1674,376
1674,378
1673,378
1673,380
1672,380
1672,382
1671,382
1671,383
1670,383
1670,385
1669,385
1669,388
1668,388
1668,391
1667,391
1667,404
1668,404
1668,407
1669,407
1669,409
1670,409
1670,411
1671,411
1671,413
1672,413
1672,415
1673,415
1673,416
1674,416
1674,417
1675,417
1675,418
1676,418
1676,420
1677,420
1677,421
1679,421
1679,422
1680,422
1680,423
1681,423
1681,424
1683,424
1683,425
1684,425
1684,426
1686,426
1686,427
1689,427
1689,428
1690,428
1690,429
1691,429
1691,430
1692,430
1692,431
1693,431
1693,433
1694,433
1694,435
1695,435
1695,437
1696,437
1696,439
1697,439
1697,442
1698,442
1698,445
1699,445
1699,451
1700,451
1700,458
1701,458
1701,462
1702,462
1702,464
1703,464
1703,467
1704,467
1704,470
1705,470
1705,472
1706,472
1706,474
1707,474
1707,475
1708,475
1708,476
1709,476
1709,478
1710,478
1710,480
1711,480
1711,481
1712,481
1712,483
1713,483
1713,484
1714,484
1714,485
1715,485
1715,486
1716,486
1716,487
1717,487
1717,488
1719,488
1719,489
1720,489
1720,490
1721,490
1721,491
1722,491
1722,492
1723,492
1723,493
1724,493
1724,500
1723,500
1723,501
1722,501
1722,502
1720,502
1720,503
1717,503
1717,504
1713,504
1713,505
1711,505
1711,506
1709,506
1709,507
1708,507
1708,508
1707,508
1707,509
1705,509
1705,510
1704,510
1704,511
1703,511
1703,513
1702,513
1702,514
1701,514
1701,516
1700,516
1700,517
1699,517
1699,520
1698,520
1698,523
1697,523
1697,528
1698,528
1698,530
1699,530
1699,531
1700,531
1700,533
1701,533
1701,535
1702,535
1702,538
1703,538
1703,540
1704,540
1704,541
1705,541
1705,542
1706,542
1706,543
1707,543
1707,544
1708,544
1708,545
1709,545
1709,546
1710,546
1710,547
1711,547
1711,548
1712,548
1712,551
1713,551
1713,555
1714,555
1714,562
1715,562
1715,566
1716,566
1716,570
1717,570
1717,579
1718,579
1718,583
1719,583
1719,586
1720,586
1720,593
1719,593
1719,596
1718,596
1718,598
1717,598
1717,601
1716,601
1716,605
1715,605
1715,611
1714,611
1714,614
1713,614
1713,615
1712,615
1712,617
1711,617
1711,619
1710,619
1710,621
1709,621
1709,623
1708,623
1708,626
1707,626
1707,628
1706,628
1706,631
1705,631
1705,636
1704,636
1704,640
1703,640
1703,641
1702,641
1702,642
1700,642
1700,643
1698,643
1698,644
1696,644
1696,645
1694,645
1694,646
1692,646
1692,647
1690,647
1690,648
1689,648
1689,649
1688,649
1688,650
1686,650
1686,651
1685,651
1685,653
1684,653
1684,654
1683,654
1683,655
1682,655
1682,657
1681,657
1681,658
1680,658
1680,660
1679,660
1679,663
1678,663
1678,668
1677,668
1677,688
1676,688
1676,695
1677,695
1677,698
1678,698
1678,701
1679,701
1679,703
1680,703
1680,704
1681,704
1681,706
1682,706
1682,707
1683,707
1683,708
1684,708
1684,709
1685,709
1685,711
1686,711
1686,713
1687,713
1687,718
1688,718
1688,720
1689,720
1689,722
1690,722
1690,725
1691,725
1691,726
1692,726
1692,727
1693,727
1693,729
1694,729
1694,730
1695,730
1695,731
1696,731
1696,732
1698,732
1698,733
1699,733
1699,734
1701,734
1701,735
1705,735
1705,736
1718,736
1718,737
1725,737
1725,738
1729,738
1729,739
1735,739
1735,740
1748,740
1748,741
1750,741
1750,742
1751,742
1751,744
1752,744
1752,746
1753,746
1753,747
1754,747
1754,749
1755,749
1755,750
1756,750
1756,751
1757,751
1757,752
1758,752
1758,753
1760,753
1760,754
1762,754
1762,755
1764,755
1764,756
1768,756
1768,757
1773,757
1773,756
1777,756
1777,755
1780,755
1780,754
1782,754
1782,753
1783,753
1783,752
1784,752
1784,751
1785,751
1785,750
1786,750
1786,749
1787,749
1787,748
1788,748
1788,746
1789,746
1789,744
1790,744
1790,740
1791,740
1791,732
1790,732
1790,728
1791,728
1791,727
1796,727
1796,728
1808,728
1808,727
1811,727
1811,726
1814,726
1814,725
1815,725
1815,724
1817,724
1817,723
1818,723
1818,722
1819,722
1819,721
1820,721
1820,720
1821,720
1821,719
1822,719
1822,718
1823,718
1823,717
1824,717
1824,715
1825,715
1825,714
1842,714
1842,713
1845,713
1845,712
1850,712
1850,711
1854,711
1854,710
1856,710
1856,709
1858,709
1858,708
1860,708
1860,707
1862,707
1862,706
1863,706
1863,705
1864,705
1864,704
1865,704
1865,703
1866,703
1866,702
1867,702
1867,701
1868,701
1868,700
1871,700
1871,701
1873,701
1873,702
1875,702
1875,703
1878,703
1878,704
1901,704
1901,703
1908,703
1908,702
1912,702
1912,701
1913,701
1913,700
1915,700
1915,699
1916,699
1916,698
1918,698
1918,697
1919,697
1919,696
1921,696
1921,695
1928,695
1928,694
1943,694
1943,695
1944,695
1944,696
1946,696
1946,697
1959,697
1959,698
1961,698
1961,697
1967,697
1967,696
1969,696
1969,695
1973,695
1973,694
1976,694
1976,695
1981,695
1981,696
1985,696
1985,697
1990,697
1990,698
1995,698
1995,699
2001,699
2001,700
2007,700
2007,699
2014,699
2014,698
2018,698
2018,697
2020,697
2020,696
2022,696
2022,695
2024,695
2024,694
2025,694
2025,693
2026,693
2026,692
2027,692
2027,691
2028,691
2028,690
2029,690
2029,689
2030,689
2030,688
2031,688
2031,686
2032,686
2032,684
2033,684
2033,683
2034,683
2034,682
2035,682
2035,681
2036,681
2036,680
2039,680
2039,679
2041,679
2041,678
2043,678
2043,677
2044,677
2044,676
2046,676
2046,675
2047,675
2047,674
2048,674
2048,673
2049,673
2049,672
2050,672
2050,671
2051,671
2051,670
2052,670
2052,668
2053,668
2053,667
2054,667
2054,666
2055,666
2055,664
2056,664
2056,663
2057,663
2057,662
2060,662
2060,663
2062,663
2062,664
2065,664
2065,665
2076,665
2076,664
2080,664
2080,663
2083,663
2083,662
2085,662
2085,661
2087,661
2087,660
2091,660
2091,661
2092,661
2092,662
2093,662
2093,663
2094,663
2094,664
2095,664
2095,665
2096,665
2096,666
2097,666
2097,667
2098,667
2098,668
2099,668
2099,669
2101,669
2101,670
2102,670
2102,671
2104,671
2104,672
2106,672
2106,673
2108,673
2108,674
2112,674
2112,675
2120,675
2120,674
2124,674
2124,673
2127,673
2127,672
2129,672
2129,671
2131,671
2131,670
2133,670
2133,669
2134,669
2134,668
2138,668
2138,667
2144,667
2144,666
2152,666
2152,665
2154,665
2154,664
2157,664
2157,663
2159,663
2159,662
2161,662
2161,661
2162,661
2162,660
2164,660
2164,659
2165,659
2165,658
2166,658
2166,657
2168,657
2168,656
2169,656
2169,655
2170,655
2170,654
2172,654
2172,653
2173,653
2173,652
2175,652
2175,651
2176,651
2176,650
2178,650
2178,649
2179,649
2179,648
2180,648
2180,647
2181,647
2181,646
2182,646
2182,645
2183,645
2183,644
2184,644
2184,643
2189,643
2189,644
2192,644
2192,645
2194,645
2194,646
2196,646
2196,648
2197,648
2197,650
2198,650
2198,652
2199,652
2199,653
2200,653
2200,654
2201,654
2201,655
2202,655
2202,656
2203,656
2203,657
2204,657
2204,658
2205,658
2205,659
2206,659
2206,660
2207,660
2207,661
2208,661
2208,662
2210,662
2210,663
2211,663
2211,664
2213,664
2213,665
2214,665
2214,666
2215,666
2215,667
2217,667
2217,668
2218,668
2218,669
2219,669
2219,672
2220,672
2220,674
2219,674
2219,678
2220,678
2220,681
2221,681
2221,683
2222,683
2222,685
2223,685
2223,687
2224,687
2224,688
2225,688
2225,690
2226,690
2226,691
2227,691
2227,692
2228,692
2228,693
2229,693
2229,694
2231,694
2231,695
2233,695
2233,696
2235,696
2235,697
2239,697
2239,698
2246,698
2246,697
2250,697
2250,696
2252,696
2252,695
2254,695
2254,694
2255,694
2255,693
2257,693
2257,692
2258,692
2258,690
2259,690
2259,689
2260,689
2260,687
2261,687
2261,685
2262,685
2262,682
2263,682
2263,672
2262,672
2262,668
2261,668
2261,666
2260,666
2260,663
2259,663
2259,660
2260,660
2260,648
2259,648
2259,645
2258,645
2258,643
2257,643
2257,641
2256,641
2256,640
2255,640
2255,639
2254,639
2254,637
2253,637
2253,636
2252,636
2252,635
2251,635
2251,634
2250,634
2250,632
2249,632
2249,631
2248,631
2248,629
2247,629
2247,627
2248,627
2248,626
2252,626
2252,625
2257,625
2257,624
2258,624
2258,625
2259,625
2259,629
2260,629
2260,630
2261,630
2261,632
2262,632
2262,633
2263,633
2263,634
2265,634
2265,635
2266,635
2266,636
2267,636
2267,637
2268,637
2268,638
2269,638
2269,639
2270,639
2270,640
2272,640
2272,641
2274,641
2274,642
2276,642
2276,643
2278,643
2278,644
2282,644
2282,645
2284,645
2284,646
2290,646
2290,647
2292,647
2292,648
2294,648
2294,649
2295,649
2295,650
2296,650
2296,651
2297,651
2297,653
2298,653
2298,654
2299,654
2299,655
2300,655
2300,656
2301,656
2301,657
2302,657
2302,658
2303,658
2303,659
2304,659
2304,660
2306,660
2306,661
2307,661
2307,662
2310,662
2310,663
2312,663
2312,664
2315,664
2315,665
2325,665
2325,664
2328,664
2328,663
2331,663
2331,662
2333,662
2333,661
2334,661
2334,660
2336,660
2336,659
2337,659
2337,658
2339,658
2339,657
2340,657
2340,655
2341,655
2341,654
2342,654
2342,653
2343,653
2343,652
2344,652
2344,651
2346,651
2346,652
2347,652
2347,654
2348,654
2348,655
2349,655
2349,657
2350,657
2350,658
2351,658
2351,659
2352,659
2352,660
2353,660
2353,661
2354,661
2354,663
2355,663
2355,664
2356,664
2356,665
2358,665
2358,666
2359,666
2359,667
2361,667
2361,668
2363,668
2363,669
2365,669
2365,670
2369,670
2369,671
2378,671
2378,670
2382,670
2382,669
2384,669
2384,668
2387,668
2387,667
2388,667
2388,666
2390,666
2390,665
2391,665
2391,664
2393,664
2393,663
2394,663
2394,662
2395,662
2395,661
2396,661
2396,660
2397,660
2397,659
2398,659
2398,658
2400,658
2400,657
2401,657
2401,656
2402,656
2402,655
2403,655
2403,654
2404,654
2404,653
2408,653
2408,654
2410,654
2410,655
2412,655
2412,656
2415,656
2415,657
2419,657
2419,658
2431,658
2431,657
2433,657
2433,658
2437,658
2437,659
2439,659
2439,660
2442,660
2442,661
2444,661
2444,662
2447,662
2447,663
2451,663
2451,664
2452,664
2452,1495
2449,1495
2449,1494
2447,1494
2447,1493
2446,1493
2446,1492
2444,1492
2444,1491
2442,1491
2442,1490
2439,1490
2439,1489
2426,1489
2426,1490
2421,1490
2421,1491
2413,1491
2413,1492
2405,1492
2405,1493
2402,1493
2402,1494
2399,1494
2399,1495
2396,1495
2396,1496
2394,1496
2394,1497
2390,1497
2390,1494
2389,1494
2389,1491
2388,1491
2388,1486
2387,1486
2387,1483
2386,1483
2386,1481
2385,1481
2385,1479
2384,1479
2384,1477
2383,1477
2383,1476
2382,1476
2382,1475
2381,1475
2381,1474
2379,1474
2379,1473
2377,1473
2377,1472
2375,1472
2375,1471
2372,1471
2372,1470
2363,1470
2363,1471
2360,1471
2360,1472
2358,1472
2358,1473
2356,1473
2356,1474
2355,1474
2355,1475
2353,1475
2353,1476
2352,1476
2352,1477
2351,1477
2351,1479
2350,1479
2350,1480
2349,1480
2349,1482
2348,1482
2348,1484
2347,1484
2347,1487
2346,1487
2346,1495
2347,1495
2347,1498
2348,1498
2348,1501
2349,1501
2349,1503
2350,1503
2350,1505
2351,1505
2351,1509
2350,1509
2350,1510
2344,1510
2344,1511
2339,1511
2339,1512
2336,1512
2336,1513
2334,1513
2334,1514
2332,1514
2332,1515
2330,1515
2330,1516
2329,1516
2329,1517
2327,1517
2327,1518
2325,1518
2325,1519
2324,1519
2324,1520
2317,1520
2317,1519
2316,1519
2316,1518
2315,1518
2315,1516
2314,1516
2314,1515
2313,1515
2313,1514
2312,1514
2312,1513
2311,1513
2311,1512
2309,1512
2309,1511
2308,1511
2308,1510
2305,1510
2305,1509
2293,1509
2293,1510
2291,1510
2291,1511
2289,1511
2289,1512
2287,1512
2287,1513
2285,1513
2285,1514
2279,1514
2279,1513
2276,1513
2276,1512
2274,1512
2274,1511
2269,1511
2269,1510
2267,1510
2267,1511
2262,1511
2262,1512
2259,1512
2259,1513
2257,1513
2257,1514
2255,1514
2255,1515
2254,1515
2254,1516
2253,1516
2253,1517
2251,1517
2251,1518
2250,1518
2250,1519
2248,1519
2248,1520
2247,1520
2247,1521
2245,1521
2245,1522
2243,1522
2243,1523
2240,1523
2240,1524
2238,1524
2238,1525
2235,1525
2235,1526
2233,1526
2233,1527
2230,1527
2230,1528
2227,1528
2227,1529
2224,1529
2224,1530
2222,1530
2222,1531
2219,1531
2219,1532
2217,1532
2217,1533
2215,1533
2215,1534
2213,1534
2213,1535
2212,1535
2212,1536
2210,1536
2210,1537
2209,1537
2209,1538
2208,1538
2208,1539
2207,1539
2207,1540
2206,1540
2206,1541
2204,1541
2204,1542
2203,1542
2203,1543
2202,1543
2202,1545
2201,1545
2201,1546
2200,1546
2200,1547
2199,1547
2199,1548
2198,1548
2198,1550
2197,1550
2197,1552
2196,1552
2196,1553
2195,1553
2195,1555
2194,1555
2194,1557
2193,1557
2193,1558
2192,1558
2192,1559
2189,1559
2189,1560
2178,1560
2178,1559
2175,1559
2175,1558
2173,1558
2173,1557
2171,1557
2171,1556
2169,1556
2169,1555
2167,1555
2167,1554
2165,1554
2165,1553
2163,1553
2163,1552
2161,1552
2161,1551
2160,1551
2160,1550
2159,1550
2159,1549
2158,1549
2158,1547
2157,1547
2157,1546
2156,1546
2156,1544
2155,1544
2155,1543
2154,1543
2154,1542
2153,1542
2153,1541
2152,1541
2152,1540
2151,1540
2151,1539
2150,1539
2150,1538
2149,1538
2149,1537
2148,1537
2148,1536
2147,1536
2147,1535
2145,1535
2145,1534
2144,1534
2144,1533
2142,1533
2142,1532
2140,1532
2140,1531
2137,1531
2137,1530
2134,1530
2134,1529
2122,1529
2122,1530
2119,1530
2119,1531
2117,1531
2117,1532
2115,1532
2115,1533
2113,1533
2113,1534
2112,1534
2112,1535
2111,1535
2111,1536
2110,1536
2110,1537
2109,1537
2109,1538
2108,1538
2108,1539
2107,1539
2107,1541
2106,1541
2106,1543
2105,1543
2105,1544
2104,1544
2104,1545
2083,1545
2083,1544
2082,1544
2082,1542
2081,1542
2081,1539
2080,1539
2080,1536
2079,1536
2079,1535
2078,1535
2078,1533
2077,1533
2077,1532
2076,1532
2076,1531
2075,1531
2075,1530
2073,1530
2073,1529
2072,1529
2072,1528
2070,1528
2070,1527
2068,1527
2068,1526
2063,1526
2063,1525
2060,1525
2060,1526
2055,1526
2055,1527
2052,1527
2052,1528
2050,1528
2050,1529
2048,1529
2048,1530
2047,1530
2047,1531
2046,1531
2046,1532
2045,1532
2045,1533
2044,1533
2044,1534
2043,1534
2043,1536
2042,1536
2042,1538
2041,1538
2041,1540
2040,1540
2040,1542
2039,1542
2039,1543
2038,1543
2038,1545
2037,1545
2037,1546
2036,1546
2036,1547
2030,1547
2030,1546
2029,1546
2029,1545
2025,1545
2025,1544
2014,1544
2014,1545
2011,1545
2011,1546
2006,1546
2006,1547
2003,1547
2003,1548
2000,1548
2000,1549
1998,1549
1998,1550
1996,1550
1996,1551
1995,1551
1995,1552
1993,1552
1993,1553
1989,1553
1989,1554
1984,1554
1984,1555
1974,1555
1974,1554
1973,1554
1973,1553
1972,1553
1972,1552
1971,1552
1971,1551
1970,1551
1970,1550
1968,1550
1968,1549
1967,1549
1967,1548
1966,1548
1966,1547
1965,1547
1965,1546
1964,1546
1964,1545
1963,1545
1963,1543
1962,1543
1962,1541
1961,1541
1961,1540
1960,1540
1960,1538
1959,1538
1959,1536
1958,1536
1958,1534
1957,1534
1957,1532
1956,1532
1956,1531
1955,1531
1955,1529
1954,1529
1954,1528
1953,1528
1953,1527
1951,1527
1951,1526
1950,1526
1950,1525
1948,1525
1948,1524
1946,1524
1946,1523
1944,1523
1944,1522
1943,1522
1943,1521
1942,1521
1942,1520
1940,1520
1940,1519
1939,1519
1939,1518
1938,1518
1938,1517
1937,1517
1937,1516
1936,1516
1936,1515
1934,1515
1934,1514
1932,1514
1932,1513
1929,1513
1929,1512
1917,1512
1917,1513
1902,1513
1902,1512
1890,1512
1890,1513
1888,1513
1888,1514
1886,1514
1886,1515
1885,1515
1885,1516
1884,1516
1884,1517
1883,1517
1883,1519
1882,1519
1882,1520
1881,1520
1881,1521
1880,1521
1880,1522
1878,1522
1878,1521
1873,1521
1873,1522
1865,1522
1865,1521
1863,1521
1863,1522
1857,1522
1857,1523
1854,1523
1854,1522
1853,1522
1853,1521
1852,1521
1852,1519
1851,1519
1851,1518
1850,1518
1850,1517
1849,1517
1849,1516
1848,1516
1848,1515
1847,1515
1847,1513
1846,1513
1846,1512
1845,1512
1845,1511
1844,1511
1844,1510
1842,1510
1842,1509
1841,1509
1841,1508
1839,1508
1839,1507
1837,1507
1837,1506
1833,1506
1833,1505
1826,1505
1826,1506
1822,1506
1822,1507
1819,1507
1819,1508
1813,1508
1813,1507
1811,1507
1811,1506
1810,1506
1810,1505
1808,1505
1808,1504
1806,1504
1806,1503
1805,1503
1805,1502
1802,1502
1802,1501
1799,1501
1799,1500
1788,1500
1788,1501
1785,1501
1785,1502
1782,1502
1782,1503
1780,1503
1780,1504
1778,1504
1778,1505
1777,1505
1777,1506
1776,1506
1776,1507
1775,1507
1775,1508
1774,1508
1774,1509
1773,1509
1773,1510
1772,1510
1772,1511
1771,1511
1771,1512
1770,1512
1770,1514
1769,1514
1769,1516
1768,1516
1768,1518
1767,1518
1767,1521
1766,1521
1766,1526
1765,1526
1765,1529
1764,1529
1764,1532
1763,1532
1763,1535
1762,1535
1762,1538
1761,1538
1761,1540
1760,1540
1760,1542
1759,1542
1759,1543
1758,1543
1758,1545
1757,1545
1757,1546
1756,1546
1756,1547
1755,1547
1755,1548
1754,1548
1754,1549
1753,1549
1753,1551
1752,1551
1752,1552
1751,1552
1751,1553
1750,1553
1750,1556
1749,1556
1749,1559
1748,1559
1748,1565
1747,1565
1747,1568
1746,1568
1746,1579
1745,1579
1745,1580
1741,1580
1741,1581
1739,1581
1739,1582
1738,1582
1738,1584
1737,1584
1737,1585
1736,1585
1736,1586
1735,1586
1735,1587
1734,1587
1734,1588
1733,1588
1733,1589
1731,1589
1731,1590
1730,1590
1730,1591
1729,1591
1729,1592
1728,1592
1728,1593
1727,1593
1727,1595
1726,1595
1726,1597
1725,1597
1725,1598
1724,1598
1724,1600
1723,1600
1723,1601
1722,1601
1722,1603
1721,1603
1721,1609
1722,1609
1722,1611
1723,1611
1723,1613
1724,1613
1724,1614
1725,1614
1725,1615
1726,1615
1726,1616
1727,1616
1727,1617
1728,1617
1728,1618
1729,1618
1729,1619
1730,1619
1730,1620
1731,1620
1731,1621
1733,1621
1733,1622
1734,1622
1734,1623
1735,1623
1735,1624
1736,1624
1736,1625
1737,1625
1737,1627
1738,1627
1738,1629
1739,1629
1739,1633
1738,1633
1738,1634
1732,1634
1732,1635
1729,1635
1729,1636
1727,1636
1727,1637
1725,1637
1725,1638
1723,1638
1723,1639
1721,1639
1721,1640
1720,1640
1720,1641
1718,1641
1718,1642
1717,1642
1717,1643
1716,1643
1716,1644
1715,1644
1715,1645
1714,1645
1714,1647
1713,1647
1713,1648
1712,1648
1712,1649
1711,1649
1711,1651
1710,1651
1710,1653
1709,1653
1709,1656
1708,1656
1708,1661
1707,1661
1707,1668
1708,1668
1708,1673
1709,1673
1709,1675
1710,1675
1710,1678
1711,1678
1711,1680
1712,1680
1712,1681
1713,1681
1713,1683
1714,1683
1714,1684
1715,1684
1715,1685
1716,1685
1716,1686
1717,1686
1717,1687
1718,1687
1718,1688
1719,1688
1719,1689
1720,1689
1720,1690
1722,1690
1722,1691
1723,1691
1723,1692
1725,1692
1725,1693
1726,1693
1726,1694
1727,1694
1727,1696
1728,1696
1728,1698
1729,1698
1729,1699
1730,1699
1730,1700
1731,1700
1731,1702
1732,1702
1732,1712
1731,1712
1731,1717
1732,1717
1732,1722
1733,1722
1733,1725
1734,1725
1734,1727
1735,1727
1735,1729
1736,1729
1736,1730
1737,1730
1737,1732
1738,1732
1738,1733
1740,1733
1740,1734
1741,1734
1741,1735
1743,1735
1743,1736
1745,1736
1745,1737
1746,1737
1746,1738
1747,1738
1747,1740
1748,1740
1748,1743
1749,1743
1749,1747
1748,1747
1748,1749
1747,1749
1747,1750
1746,1750
1746,1752
1745,1752
1745,1753
1744,1753
1744,1754
1743,1754
1743,1756
1742,1756
1742,1758
1741,1758
1741,1760
1740,1760
1740,1771
1741,1771
1741,1774
1742,1774
1742,1779
1741,1779
1741,1782
1740,1782
1740,1784
1739,1784
1739,1786
1738,1786
1738,1788
1737,1788
1737,1790
1736,1790
1736,1793
1735,1793
1735,1796
1734,1796
1734,1800
1733,1800
1733,1805
1732,1805
1732,1814
1731,1814
1731,1819
1730,1819
1730,1821
1729,1821
1729,1824
1728,1824
1728,1827
1727,1827
1727,1835
1728,1835
1728,1841
1729,1841
1729,1850
1728,1850
1728,1855
1729,1855
1729,1859
1730,1859
1730,1861
1731,1861
1731,1863
1732,1863
1732,1865
1733,1865
1733,1867
1734,1867
1734,1868
1735,1868
1735,1869
1736,1869
1736,1870
1737,1870
1737,1871
1738,1871
1738,1872
1740,1872
1740,1874
1741,1874
1741,1884
1742,1884
1742,1887
1743,1887
1743,1889
1744,1889
1744,1891
1745,1891
1745,1893
1746,1893
1746,1894
1747,1894
1747,1895
1748,1895
1748,1897
1749,1897
1749,1898
1750,1898
1750,1899
1751,1899
1751,1900
1752,1900
1752,1901
1753,1901
1753,1903
1754,1903
1754,1906
1752,1906
1752,1907
1751,1907
1751,1908
1749,1908
1749,1909
1748,1909
1748,1910
1747,1910
1747,1911
1746,1911
1746,1913
1745,1913
1745,1914
1744,1914
1744,1916
1743,1916
1743,1919
1742,1919
1742,1923
1741,1923
1741,1931
1742,1931
1742,1933
1741,1933
1741,1935
1740,1935
1740,1936
1739,1936
1739,1937
1737,1937
1737,1938
1736,1938
1736,1939
1734,1939
1734,1940
1732,1940
1732,1941
1731,1941
1731,1942
1730,1942
1730,1943
1729,1943
1729,1944
1728,1944
1728,1945
1727,1945
1727,1946
1726,1946
1726,1947
1725,1947
1725,1948
1724,1948
1724,1949
1723,1949
1723,1951
1722,1951
1722,1952
1721,1952
1721,1954
1720,1954
1720,1956
1719,1956
1719,1962
1718,1962
1718,1973
1719,1973
1719,1978
1720,1978
1720,1981
1721,1981
1721,1984
1722,1984
1722,1986
1723,1986
1723,1988
1724,1988
1724,1990
1725,1990
1725,1991
1726,1991
1726,1992
1727,1992
1727,1994
1728,1994
1728,1995
1729,1995
1729,1996
1730,1996
1730,1997
1731,1997
1731,1998
1732,1998
1732,1999
1733,1999
1733,2000
1735,2000
1735,2001
1737,2001
1737,2002
1739,2002
1739,2003
1743,2003
1743,2008
1742,2008
1742,2011
1741,2011
1741,2015
1740,2015
1740,2020
1739,2020
1739,2027
1740,2027
1740,2031
1741,2031
1741,2034
1742,2034
1742,2036
1743,2036
1743,2038
1744,2038
1744,2039
1745,2039
1745,2041
1746,2041
1746,2042
1747,2042
1747,2043
1749,2043
1749,2044
1750,2044
1750,2045
1752,2045
1752,2046
1753,2046
1753,2047
1754,2047
1754,2048
1755,2048
1755,2056
908,2056
908,2055
909,2055
909,2054
910,2054
910,2053
911,2053
911,2052
912,2052
912,2051
913,2051
913,2049
914,2049
914,2047
915,2047
915,2045
916,2045
916,2043
917,2043
917,2041
918,2041
918,2039
919,2039
919,2038
921,2038
921,2037
923,2037
923,2036
924,2036
924,2035
925,2035
925,2034
926,2034
926,2033
927,2033
927,2031
928,2031
928,2030
929,2030
929,2028
930,2028
930,2026
931,2026
931,2023
932,2023
932,2011
931,2011
931,2008
930,2008
930,2005
929,2005
929,2003
928,2003
928,2001
927,2001
927,1999
926,1999
926,1998
925,1998
925,1997
924,1997
924,1993
923,1993
923,1987
924,1987
924,1986
925,1986
925,1984
926,1984
926,1982
927,1982
927,1980
928,1980
928,1975
929,1975
929,1963
928,1963
928,1958
927,1958
927,1956
926,1956
926,1954
925,1954
925,1952
924,1952
924,1951
923,1951
923,1950
922,1950
922,1949
921,1949
921,1948
920,1948
920,1947
919,1947
919,1946
918,1946
918,1944
917,1944
917,1941
916,1941
916,1938
915,1938
915,1935
914,1935
914,1933
913,1933
913,1931
912,1931
912,1929
911,1929
911,1927
910,1927
910,1926
909,1926
909,1924
908,1924
908,1920
907,1920
907,1916
908,1916
908,1913
907,1913
907,1911
908,1911
908,1909
907,1909
907,1906
906,1906
906,1903
905,1903
905,1901
904,1901
904,1899
903,1899
903,1898
902,1898
902,1897
901,1897
901,1896
900,1896
900,1895
899,1895
899,1894
898,1894
898,1893
897,1893
897,1892
896,1892
896,1891
895,1891
895,1890
894,1890
894,1889
893,1889
893,1884
894,1884
894,1880
895,1880
895,1875
896,1875
896,1862
895,1862
895,1859
894,1859
894,1856
893,1856
893,1854
892,1854
892,1852
891,1852
891,1849
890,1849
890,1842
891,1842
891,1839
892,1839
892,1838
893,1838
893,1836
894,1836
894,1835
895,1835
895,1834
896,1834
896,1833
897,1833
897,1832
898,1832
898,1831
899,1831
899,1828
900,1828
900,1826
901,1826
901,1817
900,1817
900,1814
899,1814
899,1813
898,1813
898,1812
897,1812
897,1811
895,1811
895,1810
893,1810
893,1809
892,1809
892,1808
890,1808
890,1807
888,1807
888,1806
885,1806
885,1805
881,1805
881,1803
880,1803
880,1802
875,1802
875,1801
874,1801
874,1800
873,1800
873,1798
872,1798
872,1796
871,1796
871,1793
870,1793
870,1790
869,1790
869,1788
868,1788
868,1786
867,1786
867,1784
866,1784
866,1782
865,1782
865,1778
866,1778
866,1777
867,1777
867,1776
868,1776
868,1775
870,1775
870,1774
871,1774
871,1773
872,1773
872,1772
873,1772
873,1771
875,1771
875,1770
876,1770
876,1769
877,1769
877,1757
878,1757
878,1754
879,1754
879,1752
880,1752
880,1748
879,1748
879,1746
878,1746
878,1745
879,1745
879,1741
880,1741
880,1728
881,1728
881,1723
880,1723
880,1717
879,1717
879,1714
878,1714
878,1712
877,1712
877,1710
876,1710
876,1709
875,1709
875,1707
874,1707
874,1706
873,1706
873,1705
872,1705
872,1704
871,1704
871,1703
870,1703
870,1702
868,1702
868,1701
867,1701
867,1700
865,1700
865,1699
864,1699
864,1698
862,1698
862,1697
861,1697
861,1696
860,1696
860,1695
859,1695
859,1694
860,1694
860,1686
861,1686
861,1683
860,1683
860,1675
859,1675
859,1673
858,1673
858,1670
857,1670
857,1669
856,1669
856,1667
855,1667
855,1666
854,1666
854,1665
853,1665
853,1664
852,1664
852,1663
851,1663
851,1662
850,1662
850,1661
848,1661
848,1660
846,1660
846,1659
843,1659
843,1658
840,1658
840,1657
829,1657
829,1658
826,1658
826,1659
823,1659
823,1660
821,1660
821,1661
820,1661
820,1662
818,1662
818,1663
817,1663
817,1664
816,1664
816,1665
815,1665
815,1666
814,1666
814,1668
813,1668
813,1669
812,1669
812,1671
811,1671
811,1672
810,1672
810,1673
806,1673
806,1674
799,1674
799,1675
796,1675
796,1676
792,1676
792,1677
789,1677
789,1678
783,1678
783,1679
778,1679
778,1680
774,1680
774,1681
767,1681
767,1680
766,1680
766,1679
765,1679
765,1678
764,1678
764,1677
763,1677
763,1676
762,1676
762,1675
761,1675
761,1674
760,1674
760,1673
758,1673
758,1672
756,1672
756,1671
754,1671
754,1670
750,1670
750,1669
742,1669
742,1670
738,1670
738,1671
736,1671
736,1672
734,1672
734,1673
732,1673
732,1674
731,1674
731,1675
729,1675
729,1676
728,1676
728,1678
727,1678
727,1679
726,1679
726,1681
725,1681
725,1683
724,1683
724,1685
723,1685
723,1689
722,1689
722,1694
720,1694
720,1693
719,1693
719,1692
718,1692
718,1691
717,1691
717,1690
716,1690
716,1689
715,1689
715,1688
713,1688
713,1687
711,1687
711,1686
709,1686
709,1685
705,1685
705,1684
699,1684
699,1685
695,1685
695,1686
693,1686
693,1687
691,1687
691,1688
689,1688
689,1689
688,1689
688,1690
687,1690
687,1691
686,1691
686,1692
685,1692
685,1694
684,1694
684,1696
683,1696
683,1699
682,1699
682,1703
681,1703
681,1705
680,1705
680,1706
679,1706
679,1707
678,1707
678,1708
675,1708
675,1709
674,1709
674,1710
672,1710
672,1711
670,1711
670,1712
669,1712
669,1713
668,1713
668,1714
667,1714
667,1715
665,1715
665,1716
664,1716
664,1717
663,1717
663,1718
662,1718
662,1719
658,1719
658,1718
657,1718
657,1717
655,1717
655,1716
654,1716
654,1715
653,1715
653,1714
652,1714
652,1713
651,1713
651,1711
652,1711
652,1710
653,1710
653,1709
654,1709
654,1708
656,1708
656,1707
658,1707
658,1706
659,1706
659,1705
660,1705
660,1704
661,1704
661,1703
662,1703
662,1702
663,1702
663,1700
664,1700
664,1698
665,1698
665,1695
666,1695
666,1683
665,1683
665,1680
664,1680
664,1678
663,1678
663,1677
662,1677
662,1675
661,1675
661,1674
660,1674
660,1673
659,1673
659,1672
658,1672
658,1671
656,1671
656,1670
655,1670
655,1669
652,1669
652,1668
649,1668
649,1667
639,1667
639,1668
636,1668
636,1669
634,1669
634,1670
632,1670
632,1671
630,1671
630,1672
629,1672
629,1673
628,1673
628,1674
627,1674
627,1675
626,1675
626,1677
625,1677
625,1679
624,1679
624,1681
623,1681
623,1685
622,1685
622,1693
623,1693
623,1696
624,1696
624,1699
625,1699
625,1702
626,1702
626,1705
624,1705
624,1706
622,1706
622,1707
621,1707
621,1708
619,1708
619,1709
618,1709
618,1710
616,1710
616,1711
615,1711
615,1712
613,1712
613,1713
611,1713
611,1714
610,1714
610,1715
608,1715
608,1716
607,1716
607,1717
605,1717
605,1718
603,1718
603,1719
601,1719
601,1720
599,1720
599,1721
593,1721
593,1720
592,1720
592,1719
591,1719
591,1718
590,1718
590,1717
589,1717
589,1716
587,1716
587,1715
586,1715
586,1714
583,1714
583,1713
581,1713
581,1712
577,1712
577,1711
567,1711
567,1712
564,1712
564,1713
562,1713
562,1714
560,1714
560,1715
558,1715
558,1716
557,1716
557,1717
556,1717
556,1718
555,1718
555,1719
554,1719
554,1720
553,1720
553,1721
552,1721
552,1723
551,1723
551,1725
550,1725
550,1726
549,1726
549,1728
548,1728
548,1717
547,1717
547,1713
546,1713
546,1710
545,1710
545,1708
544,1708
544,1707
543,1707
543,1705
542,1705
542,1704
541,1704
541,1703
540,1703
540,1702
538,1702
538,1701
537,1701
537,1700
534,1700
534,1699
532,1699
532,1698
527,1698
527,1697
519,1697
519,1698
516,1698
516,1699
513,1699
513,1700
510,1700
510,1701
508,1701
508,1702
507,1702
507,1703
505,1703
505,1704
504,1704
504,1705
503,1705
503,1706
502,1706
502,1707
501,1707
501,1708
500,1708
500,1709
499,1709
499,1711
498,1711
498,1713
497,1713
497,1715
496,1715
496,1718
495,1718
495,1728
496,1728
496,1731
497,1731
497,1734
498,1734
498,1735
499,1735
499,1737
500,1737
500,1738
501,1738
501,1740
502,1740
502,1741
503,1741
503,1742
504,1742
504,1743
505,1743
505,1744
506,1744
506,1745
508,1745
508,1746
509,1746
509,1747
511,1747
511,1748
513,1748
513,1749
516,1749
516,1750
520,1750
520,1751
521,1751
521,1750
528,1750
528,1749
531,1749
531,1748
533,1748
533,1747
535,1747
535,1746
536,1746
536,1745
537,1745
537,1744
538,1744
538,1743
539,1743
539,1742
540,1742
540,1740
541,1740
541,1739
542,1739
542,1737
543,1737
543,1736
544,1736
544,1734
545,1734
545,1732
546,1732
546,1731
547,1731
547,1729
548,1729
548,1736
549,1736
549,1741
550,1741
550,1744
551,1744
551,1746
552,1746
552,1748
553,1748
553,1750
554,1750
554,1754
553,1754
553,1756
552,1756
552,1757
551,1757
551,1758
549,1758
549,1759
542,1759
542,1760
521,1760
521,1761
517,1761
517,1762
514,1762
514,1763
512,1763
512,1764
510,1764
510,1765
508,1765
508,1766
507,1766
507,1767
506,1767
506,1768
504,1768
504,1769
503,1769
503,1770
501,1770
501,1771
500,1771
500,1772
499,1772
499,1773
497,1773
497,1774
495,1774
495,1775
491,1775
491,1776
487,1776
487,1777
483,1777
483,1778
479,1778
479,1779
476,1779
476,1780
474,1780
474,1781
472,1781
472,1782
470,1782
470,1783
469,1783
469,1784
466,1784
466,1785
463,1785
463,1786
459,1786
459,1787
450,1787
450,1786
449,1786
449,1787
445,1787
445,1788
438,1788
438,1787
433,1787
433,1786
425,1786
425,1785
423,1785
423,1784
421,1784
421,1783
419,1783
419,1782
417,1782
417,1781
415,1781
415,1780
412,1780
412,1779
409,1779
409,1778
399,1778
399,1779
395,1779
395,1780
393,1780
393,1781
391,1781
391,1782
390,1782
390,1783
386,1783
386,1782
385,1782
385,1781
384,1781
384,1780
383,1780
383,1779
382,1779
382,1777
381,1777
381,1776
380,1776
380,1775
379,1775
379,1774
378,1774
378,1773
377,1773
377,1772
376,1772
376,1771
374,1771
374,1770
373,1770
373,1769
371,1769
371,1768
369,1768
369,1767
367,1767
367,1766
364,1766
364,1765
360,1765
360,1764
347,1764
347,1765
340,1765
340,1766
336,1766
336,1765
330,1765
330,1766
321,1766
321,1767
309,1767
309,1768
306,1768
306,1769
303,1769
303,1770
289,1770
289,1771
283,1771
283,1772
269,1772
269,1773
265,1773
265,1774
260,1774
260,1775
256,1775
256,1776
253,1776
253,1777
250,1777
250,1778
248,1778
248,1779
246,1779
246,1780
245,1780
245,1781
243,1781
243,1782
242,1782
242,1783
241,1783
241,1784
240,1784
240,1785
239,1785
239,1786
238,1786
238,1787
237,1787
237,1789
236,1789
236,1791
235,1791
235,1792
234,1792
234,1794
233,1794
233,1795
232,1795
232,1796
231,1796
231,1797
229,1797
229,1798
226,1798
226,1799
224,1799
224,1800
221,1800
221,1801
218,1801
218,1802
216,1802
216,1803
206,1803
206,1802
203,1802
203,1801
201,1801
201,1800
200,1800
200,1799
198,1799
198,1798
197,1798
197,1797
195,1797
195,1796
194,1796
194,1795
192,1795
192,1794
190,1794
190,1793
188,1793
188,1792
186,1792
186,1791
182,1791
182,1790
175,1790
175,1791
171,1791
171,1792
168,1792
168,1793
166,1793
166,1794
164,1794
164,1795
163,1795
163,1796
162,1796
162,1797
161,1797
161,1798
160,1798
160,1799
159,1799
159,1801
158,1801
158,1802
157,1802
157,1804
156,1804
156,1805
154,1805
154,1806
152,1806
152,1807
150,1807
150,1808
148,1808
148,1809
146,1809
146,1810
144,1810
144,1811
143,1811
143,1812
141,1812
141,1813
140,1813
140,1814
138,1814
138,1815
136,1815
136,1816
133,1816
133,1817
130,1817
130,1818
127,1818
127,1819
124,1819
124,1820
121,1820
121,1821
119,1821
119,1822
117,1822
117,1823
114,1823
114,1824
109,1824
109,1825
93,1825
93,1826
88,1826
88,1827
85,1827
85,1828
82,1828
82,1829
72,1829
72,1828
69,1828
69,1827
67,1827
67,1826
65,1826
65,1825
64,1825
64,1824
62,1824
62,1823
60,1823
60,1822
58,1822
58,1821
57,1821
57,1820
56,1820
56,1819
55,1819
55,1818
53,1818
53,1817
52,1817
52,1816
51,1816
51,1815
50,1815
50,1813
49,1813
49,1812
48,1812
48,1811
47,1811
47,1810
46,1810
46,1809
44,1809
44,1808
42,1808
42,1807
39,1807
39,1806
28,1806
28,1807
25,1807
25,1808
23,1808
23,1809
22,1809
22,1810
20,1810
20,1811
19,1811
19,1812
18,1812
18,1813
17,1813
17,1814
16,1814
16,1816
14,1816
14,1817
13,1817
13,1818
11,1818
11,1819
9,1819
9,1820
7,1820
7,1819
0,1819
0,980
2,980
2,981
6,981
6,982
17,982
17,981
28,981
28,980
32,980
32,979
34,979
34,978
37,978
37,977
38,977
38,976
40,976
40,975
41,975
41,974
42,974
42,973
44,973
44,971
45,971
45,970
46,970
46,969
47,969
47,967
48,967
48,966
49,966
49,964
50,964
50,961
51,961
51,958
52,958
52,956
54,956
54,957
55,957
55,958
56,958
56,959
57,959
57,960
58,960
58,961
59,961
59,962
61,962
61,963
63,963
63,964
65,964
65,965
69,965
69,966
80,966
80,967
87,967
87,968
104,968
104,969
112,969
112,970
115,970
115,971
116,971
116,972
117,972
117,973
121,973
121,972
124,972
124,973
127,973
127,974
129,974
129,975
132,975
132,976
146,976
146,975
150,975
150,974
152,974
152,973
153,973
153,972
154,972
154,971
156,971
156,970
157,970
157,969
158,969
158,968
159,968
159,967
160,967
160,966
161,966
161,965
162,965
162,963
163,963
163,962
164,962
164,960
165,960
165,957
166,957
166,955
168,955
168,954
173,954
173,953
176,953
176,952
178,952
178,951
180,951
180,950
182,950
182,949
184,949
184,948
185,948
185,947
187,947
187,946
188,946
188,945
189,945
189,944
190,944
190,943
191,943
191,942
192,942
192,941
193,941
193,940
194,940
194,939
195,939
195,938
196,938
196,937
200,937
200,938
201,938
201,939
202,939
202,940
203,940
203,941
204,941
204,943
205,943
205,944
206,944
206,946
207,946
207,947
208,947
208,948
209,948
209,949
211,949
211,950
212,950
212,951
214,951
214,952
216,952
216,953
218,953
218,954
221,954
221,955
235,955
235,954
238,954
238,953
240,953
240,952
242,952
242,951
244,951
244,950
245,950
245,949
246,949
246,948
247,948
247,947
248,947
248,946
249,946
249,944
250,944
250,943
251,943
251,941
252,941
252,939
253,939
253,937
254,937
254,935
255,935
255,934
256,934
256,933
258,933
258,934
259,934
259,935
260,935
260,936
262,936
262,937
264,937
264,938
266,938
266,939
268,939
268,940
270,940
270,941
272,941
272,942
276,942
276,943
282,943
282,944
290,944
290,945
303,945
303,944
307,944
307,943
310,943
310,942
313,942
313,941
315,941
315,940
317,940
317,939
318,939
318,938
320,938
320,937
321,937
321,936
323,936
323,935
324,935
324,934
325,934
325,933
327,933
327,932
328,932
328,931
329,931
329,930
330,930
330,929
331,929
331,928
332,928
332,927
333,927
333,926
334,926
334,925
335,925
335,924
336,924
336,923
337,923
337,922
338,922
338,921
340,921
340,920
342,920
342,919
344,919
344,918
346,918
346,917
348,917
348,916
349,916
349,915
350,915
350,914
351,914
351,913
352,913
352,912
353,912
353,910
354,910
354,909
355,909
355,907
356,907
356,905
357,905
357,902
358,902
358,898
359,898
359,895
363,895
363,896
365,896
365,897
368,897
368,898
370,898
370,899
372,899
372,900
374,900
374,901
375,901
375,903
376,903
376,904
377,904
377,905
378,905
378,906
379,906
379,907
380,907
380,908
381,908
381,909
382,909
382,910
384,910
384,911
385,911
385,912
387,912
387,913
389,913
389,914
391,914
391,915
394,915
394,916
403,916
403,917
406,917
406,918
408,918
408,919
410,919
410,920
412,920
412,921
415,921
415,922
418,922
418,923
423,923
423,924
437,924
437,923
442,923
442,922
445,922
445,921
451,921
451,922
462,922
462,923
467,923
467,924
475,924
475,923
479,923
479,922
482,922
482,921
484,921
484,920
485,920
485,919
487,919
487,918
488,918
488,917
489,917
489,915
490,915
490,914
491,914
491,913
492,913
492,911
493,911
493,910
494,910
494,908
495,908
495,907
496,907
496,905
497,905
497,904
498,904
498,903
499,903
499,901
501,901
501,900
503,900
503,901
506,901
506,902
509,902
509,903
515,903
515,904
524,904
524,903
527,903
527,902
529,902
529,901
531,901
531,900
532,900
532,899
534,899
534,898
539,898
539,897
543,897
543,896
546,896
546,895
548,895
548,894
550,894
550,893
551,893
551,892
553,892
553,891
555,891
555,890
556,890
556,889
558,889
558,888
559,888
559,887
560,887
560,886
562,886
562,885
565,885
565,886
567,886
567,887
570,887
570,888
573,888
573,889
577,889
577,890
595,890
595,889
603,889
603,888
607,888
607,887
610,887
610,886
613,886
613,887
615,887
615,888
617,888
617,889
620,889
620,890
634,890
634,889
638,889
638,888
642,888
642,887
646,887
646,886
649,886
649,885
651,885
651,884
653,884
653,883
654,883
654,882
656,882
656,881
657,881
657,880
659,880
659,879
660,879
660,878
661,878
661,877
662,877
662,876
663,876
663,875
665,875
665,874
666,874
666,873
667,873
667,872
668,872
668,871
669,871
669,870
670,870
670,869
671,869
671,868
672,868
672,867
673,867
673,866
674,866
674,865
675,865
675,864
676,864
676,863
677,863
677,862
678,862
678,861
679,861
679,859
680,859
680,858
681,858
681,856
682,856
682,854
685,854
685,855
690,855
690,856
699,856
699,855
704,855
704,856
705,856
705,861
706,861
706,862
707,862
707,863
708,863
708,864
712,864
712,865
714,865
714,866
715,866
715,867
718,867
718,868
721,868
721,869
723,869
723,870
726,870
726,871
730,871
730,872
740,872
740,871
743,871
743,870
745,870
745,869
748,869
748,868
750,868
750,867
752,867
752,866
754,866
754,865
757,865
757,864
760,864
760,863
763,863
763,862
765,862
765,861
768,861
768,860
770,860
770,859
772,859
772,858
774,858
774,857
776,857
776,856
777,856
777,855
779,855
779,854
782,854
782,853
786,853
786,854
790,854
790,853
797,853
797,852
800,852
800,851
803,851
803,850
806,850
806,849
808,849
808,848
812,848
812,847
816,847
816,846
818,846
818,845
820,845
820,844
822,844
822,843
824,843
824,842
825,842
825,841
827,841
827,840
828,840
828,839
830,839
830,838
831,838
831,837
832,837
832,836
834,836
834,835
835,835
835,834
836,834
836,833
837,833
837,832
838,832
838,831
839,831
839,829
840,829
840,828
841,828
841,826
842,826
842,825
843,825
843,823
844,823
844,820
845,820
845,818
846,818
846,815
847,815
847,813
848,813
848,804
849,804
849,803
850,803
850,801
851,801
851,800
852,800
852,797
853,797
853,795
854,795
854,788
855,788
855,786
854,786
854,781
853,781
853,778
852,778
852,775
851,775
851,773
850,773
850,771
849,771
849,769
848,769
848,768
847,768
847,767
846,767
846,765
845,765
845,764
844,764
844,762
843,762
843,761
842,761
842,759
841,759
841,757
840,757
840,755
839,755
839,754
838,754
838,753
837,753
837,751
836,751
836,750
835,750
835,748
834,748
834,747
833,747
833,745
832,745
832,736
831,736
831,735
832,735
832,731
833,731
833,730
834,730
834,728
835,728
835,726
836,726
836,723
837,723
837,720
838,720
838,713
839,713
839,711
838,711
838,706
837,706
837,703
836,703
836,701
837,701
837,700
840,700
840,699
843,699
843,698
846,698
846,697
847,697
847,696
849,696
849,695
850,695
850,694
852,694
852,693
853,693
853,692
854,692
854,690
855,690
855,689
856,689
856,688
857,688
857,686
858,686
858,683
859,683
859,680
860,680
860,667
859,667
859,664
858,664
858,662
857,662
857,660
856,660
856,659
855,659
855,657
854,657
854,656
853,656
853,655
851,655
851,654
850,654
850,653
849,653
849,652
847,652
847,651
845,651
845,650
844,650
844,649
842,649
842,648
841,648
841,647
839,647
839,646
838,646
838,645
837,645
837,644
836,644
836,643
834,643
834,642
833,642
833,641
831,641
831,640
830,640
830,639
829,639
829,638
828,638
828,637
827,637
827,634
826,634
826,632
825,632
825,629
824,629
824,626
825,626
825,625
826,625
826,624
827,624
827,623
828,623
828,621
829,621
829,620
830,620
830,617
831,617
831,614
832,614
832,599
833,599
833,595
834,595
834,592
835,592
835,581
834,581
834,573
835,573
835,572
837,572
837,571
838,571
838,570
839,570
839,568
840,568
840,567
841,567
841,564
842,564
842,562
843,562
843,551
842,551
842,549
841,549
841,547
840,547
840,545
839,545
839,543
838,543
838,542
836,542
836,541
835,541
835,540
833,540
833,539
831,539
831,538
820,538
820,537
819,537
819,536
818,536
818,527
817,527
817,520
818,520
818,517
819,517
819,512
820,512
820,508
821,508
821,502
822,502
822,497
823,497
823,492
824,492
824,480
825,480
825,475
826,475
826,470
827,470
827,465
828,465
828,460
829,460
829,454
830,454
830,445
831,445
831,437
832,437
832,434
833,434
833,431
834,431
834,430
835,430
835,428
836,428
836,427
837,427
837,425
838,425
838,424
839,424
839,423
840,423
840,421
841,421
841,420
842,420
842,418
843,418
843,416
844,416
844,414
845,414
845,412
846,412
846,410
847,410
847,408
848,408
848,406
849,406
849,403
850,403
850,401
851,401
851,398
852,398
852,395
853,395
853,391
854,391
854,388
855,388
855,377
854,377
854,373
853,373
853,371
852,371
852,369
851,369
851,368
850,368
850,366
849,366
849,364
848,364
848,363
847,363
847,361
846,361
846,360
845,360
845,357
844,357
844,355
843,355
843,354
842,354
842,352
841,352
841,351
840,351
840,350
839,350
839,349
837,349
837,348
836,348
836,347
835,347
835,346
833,346
833,345
831,345
831,344
830,344
830,343
828,343
828,342
826,342
826,341
824,341
824,340
823,340
823,339
822,339
822,336
821,336
821,330
820,330
820,325
819,325
819,322
818,322
818,319
817,319
817,317
816,317
816,316
815,316
815,314
814,314
814,312
813,312
813,309
812,309
812,306
813,306
813,300
812,300
812,295
811,295
811,292
810,292
810,289
809,289
809,287
808,287
808,285
807,285
807,283
806,283
806,281
805,281
805,280
804,280
804,278
803,278
803,277
802,277
802,275
801,275
801,274
800,274
800,273
799,273
799,272
798,272
798,271
797,271
797,269
796,269
796,263
797,263
797,253
796,253
796,250
795,250
795,246
796,246
796,244
797,244
797,243
798,243
798,242
799,242
799,240
800,240
800,239
801,239
801,238
802,238
802,237
803,237
803,235
804,235
804,234
805,234
805,232
806,232
806,230
807,230
807,228
808,228
808,226
809,226
809,224
810,224
810,223
811,223
811,221
812,221
812,219
813,219
813,218
814,218
814,216
815,216
815,215
816,215
816,213
817,213
817,211
818,211
818,209
819,209
819,206
820,206
820,201
821,201
821,196
820,196
820,191
819,191
819,189
818,189
818,187
817,187
817,185
816,185
816,183
815,183
815,182
816,182
816,180
817,180
817,178
818,178
818,177
819,177
819,175
820,175
820,174
821,174
821,171
822,171
822,169
823,169
823,165
824,165
824,154
823,154
823,151
822,151
822,148
821,148
821,146
820,146
820,144
819,144
819,143
818,143
818,142
817,142
817,141
816,141
816,140
815,140
815,139
814,139
814,137
813,137
813,136
814,136
814,134
815,134
815,132
816,132
816,130
817,130
817,127
818,127
818,123
819,123
819,106
818,106
818,103
817,103
817,100
816,100
816,98
815,98
815,96
816,96
816,95
817,95
817,94
818,94
818,93
819,93
819,92
820,92
820,91
821,91
821,90
822,90
822,88
823,88
823,87
824,87
824,86
825,86
825,84
826,84
826,82
827,82
827,80
828,80
828,78
829,78
829,74
830,74
830,63
829,63
829,60
828,60
828,57
827,57
827,55
826,55
826,53
825,53
825,50
824,50
824,39
825,39
825,26
826,26
826,25
828,25
828,24
829,24
829,23
830,23
830,22
832,22
832,21
833,21
833,20
835,20
835,19
836,19
836,17
837,17
837,16
838,16
838,14
839,14
839,13
840,13
840,10
841,10
841,7
842,7
842,3
843,3
843,0
1673,0
