annotator,clinical_group,group,replicate,timepoint_h,imagej,ai,diff_ai_imagej,mean_imagej_ai,negative_either
Annotator 1,EOPE,EOPE,0,8,0.481049,0.483321,0.0022719999999999,0.482185,False
Annotator 1,EOPE,EOPE,0,12,0.548183,0.594128,0.045945,0.5711554999999999,False
Annotator 1,EOPE,EOPE,0,24,0.835944,0.848949,0.0130049999999999,0.8424465,False
Annotator 1,EOPE,EOPE,1,8,0.39941,0.422122,0.022712,0.4107659999999999,False
Annotator 1,EOPE,EOPE,1,12,0.513486,0.53974,0.026254,0.526613,False
Annotator 1,EOPE,EOPE,1,24,0.840892,0.76124,-0.0796519999999999,0.8010660000000001,False
Annotator 1,EOPE,EOPE,2,8,0.516047,0.504406,-0.011641,0.5102265,False
Annotator 1,EOPE,EOPE,2,12,0.693398,0.671562,-0.0218359999999999,0.68248,False
Annotator 1,EOPE,EOPE,2,24,1.0,1.0,0.0,1.0,False
Annotator 1,EOPE,EOPE,3,8,0.383118,0.407325,0.0242069999999999,0.3952215,False
Annotator 1,EOPE,EOPE,3,12,0.492557,0.540553,0.0479959999999999,0.516555,False
Annotator 1,EOPE,EOPE,3,24,0.936455,0.973072,0.036617,0.9547635,False
Annotator 1,EOPE,EOPE,5,8,0.52803,0.564914,0.036884,0.5464720000000001,False
Annotator 1,EOPE,EOPE,5,12,0.733625,0.692528,-0.0410969999999999,0.7130765,False
Annotator 1,EOPE,EOPE,5,24,1.0,1.0,0.0,1.0,False
Annotator 1,EOPE,EOPE,6,8,0.444047,0.450109,0.0060619999999999,0.447078,False
Annotator 1,EOPE,EOPE,6,12,0.629816,0.599047,-0.030769,0.6144315,False
Annotator 1,EOPE,EOPE,6,24,1.0,1.0,0.0,1.0,False
Annotator 1,EOPE,EOPE,7,8,0.463306,0.496317,0.033011,0.4798115,False
Annotator 1,EOPE,EOPE,7,12,0.586436,0.614702,0.028266,0.6005689999999999,False
Annotator 1,EOPE,EOPE,7,24,1.0,1.0,0.0,1.0,False
Annotator 1,EOPE,EOPE,8,8,0.411569,0.362437,-0.049132,0.387003,False
Annotator 1,EOPE,EOPE,8,12,0.523998,0.486171,-0.0378269999999999,0.5050844999999999,False
Annotator 1,EOPE,EOPE,8,24,0.867283,0.784263,-0.0830199999999999,0.8257730000000001,False
Annotator 1,LOPE,LOPE,0,8,0.623968,0.636879,0.012911,0.6304235,False
Annotator 1,LOPE,LOPE,0,12,0.861753,0.807313,-0.05444,0.834533,False
Annotator 1,LOPE,LOPE,0,24,1.0,1.0,0.0,1.0,False
Annotator 1,LOPE,LOPE,1,8,0.66965,0.676628,0.006978,0.6731389999999999,False
Annotator 1,LOPE,LOPE,1,12,0.933147,0.849297,-0.0838499999999999,0.891222,False
Annotator 1,LOPE,LOPE,1,24,1.0,1.0,0.0,1.0,False
Annotator 1,LOPE,LOPE,2,8,0.655505,0.659589,0.0040839999999999,0.657547,False
Annotator 1,LOPE,LOPE,2,12,0.876979,0.881193,0.004214,0.879086,False
Annotator 1,LOPE,LOPE,2,24,1.0,1.0,0.0,1.0,False
Annotator 1,LOPE,LOPE,3,8,0.669085,0.593221,-0.075864,0.6311530000000001,False
Annotator 1,LOPE,LOPE,3,12,0.810049,0.789741,-0.0203079999999999,0.799895,False
Annotator 1,LOPE,LOPE,3,24,1.0,1.0,0.0,1.0,False
Annotator 1,LOPE,LOPE,5,8,0.48791,0.535942,0.048032,0.511926,False
Annotator 1,LOPE,LOPE,5,12,0.630267,0.646938,0.0166709999999999,0.6386025,False
Annotator 1,LOPE,LOPE,5,24,1.0,1.0,0.0,1.0,False
Annotator 1,LOPE,LOPE,6,8,0.503786,0.512238,0.008452,0.5080119999999999,False
Annotator 1,LOPE,LOPE,6,12,0.693609,0.678357,-0.015252,0.685983,False
Annotator 1,LOPE,LOPE,6,24,1.0,1.0,0.0,1.0,False
Annotator 1,LOPE,LOPE,7,8,0.451725,0.485707,0.033982,0.468716,False
Annotator 1,LOPE,LOPE,7,12,0.571658,0.593403,0.021745,0.5825305000000001,False
Annotator 1,LOPE,LOPE,7,24,1.0,1.0,0.0,1.0,False
Annotator 1,LOPE,LOPE,8,8,0.421899,0.479258,0.0573589999999999,0.4505785,False
Annotator 1,LOPE,LOPE,8,12,0.610472,0.625132,0.01466,0.617802,False
Annotator 1,LOPE,LOPE,8,24,0.896603,1.0,0.1033969999999999,0.9483015,False
Annotator 2,EOPE,PEP,0,8,0.328,0.4405,0.1124999999999999,0.38425,False
Annotator 2,EOPE,PEP,0,12,0.0915,0.1633,0.0718,0.1274,False
Annotator 2,EOPE,PEP,0,24,0.9596,1.0,0.0403999999999999,0.9798,False
Annotator 2,EOPE,PEP,1,8,0.1019,0.11,0.0080999999999999,0.10595,False
Annotator 2,EOPE,PEP,1,12,0.5032,0.5785,0.0753,0.54085,False
Annotator 2,EOPE,PEP,1,24,0.511,0.5211,0.0100999999999999,0.51605,False
Annotator 2,EOPE,PEP,2,8,0.267,0.2152,-0.0518,0.2411,False
Annotator 2,EOPE,PEP,2,12,0.4021,0.2237,-0.1784,0.3129,False
Annotator 2,EOPE,PEP,2,24,0.9998,0.5294,-0.4704,0.7646,False
Annotator 2,EOPE,PEP,3,8,0.3921,0.1847,-0.2074,0.2884,False
Annotator 2,EOPE,PEP,3,12,0.436,0.3274,-0.1085999999999999,0.3817,False
Annotator 2,EOPE,PEP,3,24,1.0,1.0,0.0,1.0,False
Annotator 2,EOPE,PEP,4,8,0.4503,0.4111,-0.0391999999999999,0.4306999999999999,False
Annotator 2,EOPE,PEP,4,12,0.575,0.5206,-0.0544,0.5478,False
Annotator 2,EOPE,PEP,4,24,0.901,0.8965,-0.0045,0.8987499999999999,False
Annotator 2,EOPE,PEP,5,8,0.12,0.2911,0.1711,0.20555,False
Annotator 2,EOPE,PEP,5,12,0.238,0.302,0.064,0.27,False
Annotator 2,EOPE,PEP,5,24,0.7258,0.7118,-0.014,0.7188,False
Annotator 2,EOPE,PEP,6,8,0.4312,0.2918,-0.1394,0.3615,False
Annotator 2,EOPE,PEP,6,12,0.6323,0.3101,-0.3222,0.4711999999999999,False
Annotator 2,EOPE,PEP,6,24,0.8876,0.5431,-0.3444999999999999,0.7153499999999999,False
Annotator 2,EOPE,PEP,7,8,0.2514,0.1751,-0.0763,0.21325,False
Annotator 2,EOPE,PEP,7,12,0.2838,0.6276,0.3438,0.4557,False
Annotator 2,EOPE,PEP,7,24,0.5632,0.8422,0.2789999999999999,0.7027,False
Annotator 2,EOPE,PEP,8,8,0.5149,0.4955,-0.0194,0.5052,False
Annotator 2,EOPE,PEP,8,12,0.6044,0.5996,-0.0048,0.6020000000000001,False
Annotator 2,EOPE,PEP,8,24,0.9892,1.0,0.0108,0.9946,False
Annotator 2,EOPE,PEP,9,8,0.3831,0.4147,0.0316,0.3989,False
Annotator 2,EOPE,PEP,9,12,0.528,0.4899,-0.0381,0.50895,False
Annotator 2,EOPE,PEP,9,24,0.9895,1.0,0.0104999999999999,0.99475,False
Annotator 2,EOPE,PEP,10,8,0.3821,0.5027,0.1206,0.4424,False
Annotator 2,EOPE,PEP,10,12,0.4723,0.6492,0.1769,0.56075,False
Annotator 2,EOPE,PEP,10,24,0.9434,0.7061,-0.2373,0.82475,False
Annotator 2,EOPE,PEP,11,8,-0.0063,0.4025,0.4088,0.1981,True
Annotator 2,EOPE,PEP,11,12,0.2364,0.465,0.2286,0.3507,False
Annotator 2,EOPE,PEP,11,24,0.9751,1.0,0.0249,0.98755,False
Annotator 2,LOPE,PET,0,8,0.4889,0.4406,-0.0483,0.46475,False
Annotator 2,LOPE,PET,0,12,0.4297,0.3339,-0.0958,0.3818,False
Annotator 2,LOPE,PET,0,24,0.806,0.6064,-0.1996,0.7062,False
Annotator 2,LOPE,PET,1,8,0.617,0.5592,-0.0577999999999999,0.5881000000000001,False
Annotator 2,LOPE,PET,1,12,0.5073,0.5828,0.0755,0.54505,False
Annotator 2,LOPE,PET,1,24,1.0,1.0,0.0,1.0,False
Annotator 2,LOPE,PET,2,8,0.2387,0.4314,0.1927,0.33505,False
Annotator 2,LOPE,PET,2,12,0.5432,0.4309,-0.1123,0.48705,False
Annotator 2,LOPE,PET,2,24,0.8616,0.7791,-0.0825,0.82035,False
Annotator 2,LOPE,PET,3,8,0.0247,0.2376,0.2129,0.13115,False
Annotator 2,LOPE,PET,3,12,0.1709,0.9254,0.7545,0.54815,False
Annotator 2,LOPE,PET,3,24,0.6987,0.5883,-0.1103999999999999,0.6435,False
Annotator 2,LOPE,PET,4,8,0.2262,0.2853,0.0590999999999999,0.25575,False
Annotator 2,LOPE,PET,4,12,0.2772,0.3174,0.0402,0.2973,False
Annotator 2,LOPE,PET,4,24,0.6233,0.6385,0.0151999999999999,0.6309,False
Annotator 2,LOPE,PET,5,8,0.4272,0.2134,-0.2138,0.3203,False
Annotator 2,LOPE,PET,5,12,0.5299,0.5686,0.0386999999999999,0.54925,False
Annotator 2,LOPE,PET,5,24,0.8098,0.4548,-0.355,0.6323,False
Annotator 2,LOPE,PET,6,8,0.2379,0.2749,0.0369999999999999,0.2563999999999999,False
Annotator 2,LOPE,PET,6,12,1.0,1.0,0.0,1.0,False
Annotator 2,LOPE,PET,6,24,0.5408,0.551,0.0102,0.5459,False
Annotator 2,LOPE,PET,7,8,-0.2917,-0.2007,0.091,-0.2462,True
Annotator 2,LOPE,PET,7,12,1.0,1.0,0.0,1.0,False
Annotator 2,LOPE,PET,7,24,0.1933,0.3846,0.1913,0.28895,False
Annotator 2,LOPE,PET,8,8,0.4386,0.2863,-0.1523,0.36245,False
Annotator 2,LOPE,PET,8,12,0.5009,0.4923,-0.0085999999999999,0.4966,False
Annotator 2,LOPE,PET,8,24,1.0,1.0,0.0,1.0,False
Annotator 2,LOPE,PET,9,8,0.7662,0.6451,-0.1210999999999999,0.70565,False
Annotator 2,LOPE,PET,9,12,0.8355,0.8525,0.017,0.8440000000000001,False
Annotator 2,LOPE,PET,9,24,1.0,1.0,0.0,1.0,False
Annotator 2,LOPE,PET,10,8,0.5037,0.1665,-0.3372,0.3351,False
Annotator 2,LOPE,PET,10,12,0.5906,0.3755,-0.2151,0.48305,False
Annotator 2,LOPE,PET,10,24,0.8685,0.6759,-0.1926000000000001,0.7722,False
Annotator 2,LOPE,PET,11,8,0.4997,0.4091,-0.0905999999999999,0.4544,False
Annotator 2,LOPE,PET,11,12,0.4675,0.2585,-0.209,0.363,False
Annotator 2,LOPE,PET,11,24,0.9226,0.5509,-0.3717,0.73675,False
Annotator 3,EOPE,PEP,0,8,0.49348,0.467812,-0.0256679999999999,0.480646,False
Annotator 3,EOPE,PEP,0,12,0.681142,0.628852,-0.05229,0.654997,False
Annotator 3,EOPE,PEP,0,24,1.0,1.0,0.0,1.0,False
Annotator 3,EOPE,PEP,1,8,0.656235,0.648591,-0.0076439999999999,0.652413,False
Annotator 3,EOPE,PEP,1,12,0.942722,0.818454,-0.1242679999999999,0.8805879999999999,False
Annotator 3,EOPE,PEP,1,24,1.0,1.0,0.0,1.0,False
Annotator 3,EOPE,PEP,2,8,0.793632,0.719356,-0.074276,0.756494,False
Annotator 3,EOPE,PEP,2,12,1.0,0.776849,-0.223151,0.8884245,False
Annotator 3,EOPE,PEP,2,24,1.0,1.0,0.0,1.0,False
Annotator 3,EOPE,PEP,3,8,0.607762,0.579173,-0.0285889999999999,0.5934675,False
Annotator 3,EOPE,PEP,3,12,0.730508,0.06701,-0.663498,0.398759,False
Annotator 3,EOPE,PEP,3,24,1.0,1.0,0.0,1.0,False
Annotator 3,EOPE,PEP,4,8,0.590826,0.551692,-0.039134,0.571259,False
Annotator 3,EOPE,PEP,4,12,0.769507,0.763035,-0.006472,0.766271,False
Annotator 3,EOPE,PEP,4,24,1.0,1.0,0.0,1.0,False
Annotator 3,EOPE,PEP,5,8,0.473526,0.316001,-0.157525,0.3947635,False
Annotator 3,EOPE,PEP,5,12,0.606843,0.453025,-0.153818,0.529934,False
Annotator 3,EOPE,PEP,5,24,1.0,0.523611,-0.4763889999999999,0.7618055,False
Annotator 3,EOPE,PEP,6,8,0.263631,0.613696,0.350065,0.4386635,False
Annotator 3,EOPE,PEP,6,12,0.340793,0.691073,0.35028,0.515933,False
Annotator 3,EOPE,PEP,6,24,0.699649,0.817107,0.117458,0.758378,False
Annotator 3,EOPE,PEP,7,8,0.182554,0.541597,0.359043,0.3620755,False
Annotator 3,EOPE,PEP,7,12,0.283437,0.573415,0.289978,0.428426,False
Annotator 3,EOPE,PEP,7,24,0.407554,0.691198,0.2836439999999999,0.549376,False
Annotator 3,EOPE,PEP,8,8,0.320078,0.546455,0.226377,0.4332665,False
Annotator 3,EOPE,PEP,8,12,0.356439,0.651582,0.295143,0.5040105,False
Annotator 3,EOPE,PEP,8,24,0.556938,0.744081,0.1871429999999999,0.6505095000000001,False
Annotator 3,EOPE,PEP,9,8,0.183276,0.522202,0.338926,0.352739,False
Annotator 3,EOPE,PEP,9,12,0.291393,0.567136,0.2757429999999999,0.4292645,False
Annotator 3,EOPE,PEP,9,24,0.544321,0.663771,0.1194499999999999,0.6040460000000001,False
Annotator 3,EOPE,PEP,10,8,0.393311,0.579723,0.1864119999999999,0.486517,False
Annotator 3,EOPE,PEP,10,12,0.584,0.604606,0.020606,0.594303,False
Annotator 3,EOPE,PEP,10,24,0.623349,0.703866,0.0805169999999999,0.6636075,False
Annotator 3,EOPE,PEP,11,8,0.245577,0.465537,0.21996,0.355557,False
Annotator 3,EOPE,PEP,11,12,0.403208,0.509027,0.105819,0.4561175,False
Annotator 3,EOPE,PEP,11,24,0.603694,0.630554,0.0268599999999999,0.617124,False
Annotator 3,EOPE,PEP,12,8,0.358053,0.317854,-0.0401989999999999,0.3379535,False
Annotator 3,EOPE,PEP,12,12,0.450114,0.398219,-0.051895,0.4241665,False
Annotator 3,EOPE,PEP,12,24,0.72642,0.573857,-0.152563,0.6501385,False
Annotator 3,EOPE,PEP,13,8,0.08945,-0.06013,-0.14958,0.01466,True
Annotator 3,EOPE,PEP,13,12,0.481045,0.285657,-0.195388,0.383351,False
Annotator 3,EOPE,PEP,13,24,0.670234,0.463985,-0.206249,0.5671094999999999,False
Annotator 3,EOPE,PEP,14,8,0.22028,0.232454,0.0121739999999999,0.2263669999999999,False
Annotator 3,EOPE,PEP,14,12,0.406945,0.279274,-0.1276709999999999,0.3431095,False
Annotator 3,EOPE,PEP,14,24,0.599558,0.607565,0.0080069999999999,0.6035615000000001,False
Annotator 3,EOPE,PEP,15,8,0.156442,0.062402,-0.09404,0.1094219999999999,False
Annotator 3,EOPE,PEP,15,12,0.300537,0.003947,-0.29659,0.152242,False
Annotator 3,EOPE,PEP,15,24,0.547823,0.353107,-0.1947159999999999,0.450465,False
Annotator 3,EOPE,PEP,16,8,0.123579,0.082356,-0.0412229999999999,0.1029674999999999,False
Annotator 3,EOPE,PEP,16,12,0.35495,0.133084,-0.2218659999999999,0.2440169999999999,False
Annotator 3,EOPE,PEP,16,24,0.432259,0.327213,-0.105046,0.3797359999999999,False
Annotator 3,EOPE,PEP,17,8,0.263516,0.265713,0.002197,0.2646145,False
Annotator 3,EOPE,PEP,17,12,0.394498,0.258995,-0.135503,0.3267465,False
Annotator 3,EOPE,PEP,17,24,0.647205,0.534735,-0.11247,0.59097,False
Annotator 3,LOPE,PET,0,8,0.446326,0.436505,-0.009821,0.4414154999999999,False
Annotator 3,LOPE,PET,0,12,0.650998,0.467835,-0.1831629999999999,0.5594165,False
Annotator 3,LOPE,PET,0,24,1.0,1.0,0.0,1.0,False
Annotator 3,LOPE,PET,1,8,0.53361,0.493457,-0.040153,0.5135335,False
Annotator 3,LOPE,PET,1,12,0.772787,0.57225,-0.2005369999999999,0.6725185,False
Annotator 3,LOPE,PET,1,24,1.0,1.0,0.0,1.0,False
Annotator 3,LOPE,PET,2,8,0.308802,0.387255,0.078453,0.3480285,False
Annotator 3,LOPE,PET,2,12,0.473603,0.480769,0.007166,0.477186,False
Annotator 3,LOPE,PET,2,24,1.0,1.0,0.0,1.0,False
Annotator 3,LOPE,PET,3,8,0.356597,0.358678,0.0020809999999999,0.3576375,False
Annotator 3,LOPE,PET,3,12,0.505909,0.498574,-0.007335,0.5022415,False
Annotator 3,LOPE,PET,3,24,1.0,1.0,0.0,1.0,False
Annotator 3,LOPE,PET,4,8,0.198964,0.393304,0.1943399999999999,0.296134,False
Annotator 3,LOPE,PET,4,12,0.491587,0.514139,0.022552,0.5028630000000001,False
Annotator 3,LOPE,PET,4,24,1.0,1.0,0.0,1.0,False
Annotator 3,LOPE,PET,6,8,0.172677,0.25747,0.0847929999999999,0.2150734999999999,False
Annotator 3,LOPE,PET,6,12,0.293371,0.309558,0.016187,0.3014645,False
Annotator 3,LOPE,PET,6,24,0.591295,0.596727,0.0054319999999999,0.5940110000000001,False
Annotator 3,LOPE,PET,7,8,0.076188,0.081365,0.005177,0.0787765,False
Annotator 3,LOPE,PET,7,12,0.18689,0.130791,-0.056099,0.1588405,False
Annotator 3,LOPE,PET,7,24,0.396505,0.417773,0.021268,0.407139,False
Annotator 3,LOPE,PET,8,8,0.23969,0.159173,-0.0805169999999999,0.1994314999999999,False
Annotator 3,LOPE,PET,8,12,0.328136,0.147553,-0.180583,0.2378445,False
Annotator 3,LOPE,PET,8,24,0.341496,0.352768,0.011272,0.347132,False
Annotator 3,LOPE,PET,9,8,0.141817,-0.21028,-0.352097,-0.0342315,True
Annotator 3,LOPE,PET,9,12,0.178399,-0.17136,-0.349759,0.0035194999999999,True
Annotator 3,LOPE,PET,9,24,0.207328,-0.12795,-0.335278,0.039689,True
Annotator 3,LOPE,PET,10,8,0.157841,0.150643,-0.007198,0.154242,False
Annotator 3,LOPE,PET,10,12,0.18055,0.207379,0.026829,0.1939644999999999,False
Annotator 3,LOPE,PET,10,24,0.426018,0.404026,-0.021992,0.415022,False
Annotator 3,LOPE,PET,11,8,0.264689,0.123789,-0.1409,0.194239,False
Annotator 3,LOPE,PET,11,12,0.393068,0.086745,-0.3063229999999999,0.2399065,False
Annotator 3,LOPE,PET,11,24,0.419237,0.35526,-0.063977,0.3872485,False
Annotator 3,LOPE,PET,12,8,0.163015,0.133114,-0.0299009999999999,0.1480645,False
Annotator 3,LOPE,PET,12,12,0.175413,0.18576,0.0103469999999999,0.1805865,False
Annotator 3,LOPE,PET,12,24,0.588735,0.5142,-0.074535,0.5514675,False
Annotator 3,LOPE,PET,13,8,0.106699,0.159627,0.0529279999999999,0.133163,False
Annotator 3,LOPE,PET,13,12,0.271084,0.197171,-0.0739129999999999,0.2341275,False
Annotator 3,LOPE,PET,13,24,0.318745,0.293679,-0.0250659999999999,0.306212,False
Annotator 3,LOPE,PET,14,8,0.092149,0.150718,0.0585689999999999,0.1214335,False
Annotator 3,LOPE,PET,14,12,0.303838,0.194077,-0.109761,0.2489575,False
Annotator 3,LOPE,PET,14,24,0.426191,0.35743,-0.0687609999999999,0.3918105,False
Annotator 3,LOPE,PET,15,8,0.179243,0.158822,-0.020421,0.1690325,False
Annotator 3,LOPE,PET,15,12,0.415455,0.19862,-0.216835,0.3070375,False
Annotator 3,LOPE,PET,15,24,0.424508,0.383267,-0.0412409999999999,0.4038875,False
Annotator 3,LOPE,PET,16,8,0.38972,0.371736,-0.017984,0.380728,False
Annotator 3,LOPE,PET,16,12,0.358764,0.402457,0.0436929999999999,0.3806105,False
Annotator 3,LOPE,PET,16,24,1.0,1.0,0.0,1.0,False
Annotator 3,LOPE,PET,17,8,-0.08622,-0.06157,0.02465,-0.073895,True
Annotator 3,LOPE,PET,17,12,-0.0261,-0.03434,-0.00824,-0.03022,True
Annotator 3,LOPE,PET,17,24,0.268737,1.0,0.731263,0.6343685,False
